keyword,target_url,market,is_active
DOMS,/blog,uk,true
DOMS 2026,/blog,uk,true
DOMS advanced,/blog,uk,true
DOMS alternative,/blog,uk,true
DOMS at home,/blog,uk,true
DOMS beginner,/blog,uk,true
DOMS clinic,/blog,uk,true
DOMS diet,/blog,uk,true
DOMS easy,/blog,uk,true
DOMS effective,/blog,uk,true
DOMS exercises,/blog,uk,true
DOMS fast,/blog,uk,true
DOMS for adults,/blog,uk,true
DOMS for beginners,/blog,uk,true
DOMS for men,/blog,uk,true
DOMS for seniors,/blog,uk,true
DOMS for women,/blog,uk,true
DOMS free,/blog,uk,true
DOMS gentle,/blog,uk,true
DOMS guide,/blog,uk,true
DOMS help,/blog,uk,true
DOMS help uk,/blog,uk,true
DOMS home remedies,/blog,uk,true
DOMS hospital,/blog,uk,true
DOMS latest,/blog,uk,true
DOMS low cost,/blog,uk,true
DOMS management,/blog,uk,true
DOMS medicine,/blog,uk,true
DOMS natural,/blog,uk,true
DOMS near me,/blog,uk,true
DOMS new,/blog,uk,true
DOMS nhs,/blog,uk,true
DOMS nhs waiting list,/blog,uk,true
DOMS over 50,/blog,uk,true
DOMS over 60,/blog,uk,true
DOMS over 70,/blog,uk,true
DOMS prevention,/blog,uk,true
DOMS private,/blog,uk,true
DOMS proven,/blog,uk,true
DOMS quick,/blog,uk,true
DOMS relief,/blog,uk,true
DOMS safe,/blog,uk,true
DOMS simple,/blog,uk,true
DOMS supplement,/blog,uk,true
DOMS symptoms,/blog,uk,true
DOMS therapy,/blog,uk,true
DOMS tips,/blog,uk,true
DOMS treatment,/blog,uk,true
DOMS uk,/blog,uk,true
acupuncture arthritis,/blog,uk,true
acupuncture effectiveness,/blog,uk,true
acupuncture joint pain,/blog,uk,true
aerobic for arthritis,/blog,uk,true
aerobic for back pain,/blog,uk,true
aerobic for joint pain,/blog,uk,true
affordable arthritis treatment,/blog,uk,true
affordable arthritis treatment uk,/blog,uk,true
affordable joint pain relief,/blog,uk,true
affordable joint supplements uk,/blog,uk,true
affordable pain relief uk,/blog,uk,true
after exercise exercises for arthritis,/blog,uk,true
after exercise exercises for joint pain,/blog,uk,true
after exercise stretches for arthritis,/blog,uk,true
after exercise stretches for joint pain,/blog,uk,true
after exercise supplements for arthritis,/blog,uk,true
after exercise supplements for joint pain,/blog,uk,true
after exercise treatment for arthritis,/blog,uk,true
after exercise treatment for joint pain,/blog,uk,true
after injection arthritis,/blog,uk,true
after injection joint injury,/blog,uk,true
age arthritis risk,/blog,uk,true
alternatives of joint pain,/blog,uk,true
alternatives of osteoarthritis,/blog,uk,true
alternatives of rheumatoid arthritis,/blog,uk,true
ankle and foot pain,/blog,uk,true
ankle arthritis,/blog,uk,true
ankle arthritis uk,/blog,uk,true
ankle exercises,/blog,uk,true
ankle exercises uk,/blog,uk,true
ankle foot arthritis,/blog,uk,true
ankle injury,/blog,uk,true
ankle injury uk,/blog,uk,true
ankle pain,/blog,uk,true
ankle pain uk,/blog,uk,true
ankle relief,/blog,uk,true
ankle relief uk,/blog,uk,true
ankle strain,/blog,uk,true
ankle strain uk,/blog,uk,true
ankle stretches,/blog,uk,true
ankle stretches uk,/blog,uk,true
ankle support arthritis,/blog,uk,true
ankle support uk,/blog,uk,true
ankylosing spondylitis,/blog,uk,true
ankylosing spondylitis 2026,/blog,uk,true
ankylosing spondylitis advanced,/blog,uk,true
ankylosing spondylitis alternative,/blog,uk,true
ankylosing spondylitis at home,/blog,uk,true
ankylosing spondylitis beginner,/blog,uk,true
ankylosing spondylitis clinic,/blog,uk,true
ankylosing spondylitis diet,/blog,uk,true
ankylosing spondylitis easy,/blog,uk,true
ankylosing spondylitis effective,/blog,uk,true
ankylosing spondylitis exercises,/blog,uk,true
ankylosing spondylitis fast,/blog,uk,true
ankylosing spondylitis for adults,/blog,uk,true
ankylosing spondylitis for beginners,/blog,uk,true
ankylosing spondylitis for men,/blog,uk,true
ankylosing spondylitis for seniors,/blog,uk,true
ankylosing spondylitis for women,/blog,uk,true
ankylosing spondylitis free,/blog,uk,true
ankylosing spondylitis gentle,/blog,uk,true
ankylosing spondylitis guide,/blog,uk,true
ankylosing spondylitis help,/blog,uk,true
ankylosing spondylitis help uk,/blog,uk,true
ankylosing spondylitis home remedies,/blog,uk,true
ankylosing spondylitis hospital,/blog,uk,true
ankylosing spondylitis latest,/blog,uk,true
ankylosing spondylitis low cost,/blog,uk,true
ankylosing spondylitis management,/blog,uk,true
ankylosing spondylitis medicine,/blog,uk,true
ankylosing spondylitis natural,/blog,uk,true
ankylosing spondylitis near me,/blog,uk,true
ankylosing spondylitis new,/blog,uk,true
ankylosing spondylitis nhs,/blog,uk,true
ankylosing spondylitis nhs waiting list,/blog,uk,true
ankylosing spondylitis over 50,/blog,uk,true
ankylosing spondylitis over 60,/blog,uk,true
ankylosing spondylitis over 70,/blog,uk,true
ankylosing spondylitis prevention,/blog,uk,true
ankylosing spondylitis private,/blog,uk,true
ankylosing spondylitis proven,/blog,uk,true
ankylosing spondylitis quick,/blog,uk,true
ankylosing spondylitis relief,/blog,uk,true
ankylosing spondylitis safe,/blog,uk,true
ankylosing spondylitis simple,/blog,uk,true
ankylosing spondylitis supplement,/blog,uk,true
ankylosing spondylitis symptoms,/blog,uk,true
ankylosing spondylitis therapy,/blog,uk,true
ankylosing spondylitis tips,/blog,uk,true
ankylosing spondylitis treatment,/blog,uk,true
ankylosing spondylitis uk,/blog,uk,true
anti inflammatory smoothie,/blog,uk,true
anti inflammatory smoothie 2026,/blog,uk,true
anti inflammatory smoothie advanced,/blog,uk,true
anti inflammatory smoothie alternative,/blog,uk,true
anti inflammatory smoothie at home,/blog,uk,true
anti inflammatory smoothie beginner,/blog,uk,true
anti inflammatory smoothie clinic,/blog,uk,true
anti inflammatory smoothie diet,/blog,uk,true
anti inflammatory smoothie easy,/blog,uk,true
anti inflammatory smoothie effective,/blog,uk,true
anti inflammatory smoothie exercises,/blog,uk,true
anti inflammatory smoothie fast,/blog,uk,true
anti inflammatory smoothie for adults,/blog,uk,true
anti inflammatory smoothie for beginners,/blog,uk,true
anti inflammatory smoothie for men,/blog,uk,true
anti inflammatory smoothie for seniors,/blog,uk,true
anti inflammatory smoothie for women,/blog,uk,true
anti inflammatory smoothie free,/blog,uk,true
anti inflammatory smoothie gentle,/blog,uk,true
anti inflammatory smoothie guide,/blog,uk,true
anti inflammatory smoothie help,/blog,uk,true
anti inflammatory smoothie home remedies,/blog,uk,true
anti inflammatory smoothie hospital,/blog,uk,true
anti inflammatory smoothie latest,/blog,uk,true
anti inflammatory smoothie low cost,/blog,uk,true
anti inflammatory smoothie medicine,/blog,uk,true
anti inflammatory smoothie natural,/blog,uk,true
anti inflammatory smoothie near me,/blog,uk,true
anti inflammatory smoothie new,/blog,uk,true
anti inflammatory smoothie nhs,/blog,uk,true
anti inflammatory smoothie nhs waiting list,/blog,uk,true
anti inflammatory smoothie over 50,/blog,uk,true
anti inflammatory smoothie over 60,/blog,uk,true
anti inflammatory smoothie over 70,/blog,uk,true
anti inflammatory smoothie prevention,/blog,uk,true
anti inflammatory smoothie private,/blog,uk,true
anti inflammatory smoothie proven,/blog,uk,true
anti inflammatory smoothie quick,/blog,uk,true
anti inflammatory smoothie relief,/blog,uk,true
anti inflammatory smoothie safe,/blog,uk,true
anti inflammatory smoothie simple,/blog,uk,true
anti inflammatory smoothie supplement,/blog,uk,true
anti inflammatory smoothie symptoms,/blog,uk,true
anti inflammatory smoothie therapy,/blog,uk,true
anti inflammatory smoothie tips,/blog,uk,true
anti inflammatory smoothie treatment,/blog,uk,true
anti inflammatory smoothie uk,/blog,uk,true
anti-inflammatory alternatives,/blog,uk,true
anti-inflammatory arthritis,/blog,uk,true
anti-inflammatory diet,/blog,uk,true
anti-inflammatory diet 2026,/blog,uk,true
anti-inflammatory diet advanced,/blog,uk,true
anti-inflammatory diet alternative,/blog,uk,true
anti-inflammatory diet at home,/blog,uk,true
anti-inflammatory diet beginner,/blog,uk,true
anti-inflammatory diet clinic,/blog,uk,true
anti-inflammatory diet diet,/blog,uk,true
anti-inflammatory diet easy,/blog,uk,true
anti-inflammatory diet effective,/blog,uk,true
anti-inflammatory diet exercises,/blog,uk,true
anti-inflammatory diet fast,/blog,uk,true
anti-inflammatory diet for adults,/blog,uk,true
anti-inflammatory diet for beginners,/blog,uk,true
anti-inflammatory diet for men,/blog,uk,true
anti-inflammatory diet for seniors,/blog,uk,true
anti-inflammatory diet for women,/blog,uk,true
anti-inflammatory diet free,/blog,uk,true
anti-inflammatory diet gentle,/blog,uk,true
anti-inflammatory diet guide,/blog,uk,true
anti-inflammatory diet help,/blog,uk,true
anti-inflammatory diet help uk,/blog,uk,true
anti-inflammatory diet home remedies,/blog,uk,true
anti-inflammatory diet hospital,/blog,uk,true
anti-inflammatory diet latest,/blog,uk,true
anti-inflammatory diet low cost,/blog,uk,true
anti-inflammatory diet management,/blog,uk,true
anti-inflammatory diet medicine,/blog,uk,true
anti-inflammatory diet natural,/blog,uk,true
anti-inflammatory diet near me,/blog,uk,true
anti-inflammatory diet new,/blog,uk,true
anti-inflammatory diet nhs,/blog,uk,true
anti-inflammatory diet nhs waiting list,/blog,uk,true
anti-inflammatory diet over 50,/blog,uk,true
anti-inflammatory diet over 60,/blog,uk,true
anti-inflammatory diet over 70,/blog,uk,true
anti-inflammatory diet prevention,/blog,uk,true
anti-inflammatory diet private,/blog,uk,true
anti-inflammatory diet proven,/blog,uk,true
anti-inflammatory diet quick,/blog,uk,true
anti-inflammatory diet relief,/blog,uk,true
anti-inflammatory diet safe,/blog,uk,true
anti-inflammatory diet simple,/blog,uk,true
anti-inflammatory diet supplement,/blog,uk,true
anti-inflammatory diet symptoms,/blog,uk,true
anti-inflammatory diet therapy,/blog,uk,true
anti-inflammatory diet tips,/blog,uk,true
anti-inflammatory diet treatment,/blog,uk,true
anti-inflammatory diet uk,/blog,uk,true
anti-inflammatory side effects,/blog,uk,true
anti-inflammatory uk cost,/blog,uk,true
anxiety arthritis,/blog,uk,true
app arthritis,/blog,uk,true
app joint health tracking,/blog,uk,true
appendicular skeleton,/blog,uk,true
appendicular skeleton 2026,/blog,uk,true
appendicular skeleton advanced,/blog,uk,true
appendicular skeleton alternative,/blog,uk,true
appendicular skeleton at home,/blog,uk,true
appendicular skeleton beginner,/blog,uk,true
appendicular skeleton clinic,/blog,uk,true
appendicular skeleton diet,/blog,uk,true
appendicular skeleton easy,/blog,uk,true
appendicular skeleton effective,/blog,uk,true
appendicular skeleton exercises,/blog,uk,true
appendicular skeleton fast,/blog,uk,true
appendicular skeleton for adults,/blog,uk,true
appendicular skeleton for beginners,/blog,uk,true
appendicular skeleton for men,/blog,uk,true
appendicular skeleton for seniors,/blog,uk,true
appendicular skeleton for women,/blog,uk,true
appendicular skeleton free,/blog,uk,true
appendicular skeleton gentle,/blog,uk,true
appendicular skeleton guide,/blog,uk,true
appendicular skeleton help,/blog,uk,true
appendicular skeleton help uk,/blog,uk,true
appendicular skeleton home remedies,/blog,uk,true
appendicular skeleton hospital,/blog,uk,true
appendicular skeleton latest,/blog,uk,true
appendicular skeleton low cost,/blog,uk,true
appendicular skeleton management,/blog,uk,true
appendicular skeleton medicine,/blog,uk,true
appendicular skeleton natural,/blog,uk,true
appendicular skeleton near me,/blog,uk,true
appendicular skeleton new,/blog,uk,true
appendicular skeleton nhs,/blog,uk,true
appendicular skeleton nhs waiting list,/blog,uk,true
appendicular skeleton over 50,/blog,uk,true
appendicular skeleton over 60,/blog,uk,true
appendicular skeleton over 70,/blog,uk,true
appendicular skeleton prevention,/blog,uk,true
appendicular skeleton private,/blog,uk,true
appendicular skeleton proven,/blog,uk,true
appendicular skeleton quick,/blog,uk,true
appendicular skeleton relief,/blog,uk,true
appendicular skeleton safe,/blog,uk,true
appendicular skeleton simple,/blog,uk,true
appendicular skeleton supplement,/blog,uk,true
appendicular skeleton symptoms,/blog,uk,true
appendicular skeleton therapy,/blog,uk,true
appendicular skeleton tips,/blog,uk,true
appendicular skeleton treatment,/blog,uk,true
appendicular skeleton uk,/blog,uk,true
are there DOMS,/blog,uk,true
are there DOMS uk,/blog,uk,true
are there ankylosing spondylitis,/blog,uk,true
are there ankylosing spondylitis uk,/blog,uk,true
are there anti inflammatory smoothie,/blog,uk,true
are there anti inflammatory smoothie uk,/blog,uk,true
are there anti-inflammatory diet,/blog,uk,true
are there anti-inflammatory diet uk,/blog,uk,true
are there appendicular skeleton,/blog,uk,true
are there appendicular skeleton uk,/blog,uk,true
are there arthritis,/blog,uk,true
are there arthritis aids,/blog,uk,true
are there arthritis aids uk,/blog,uk,true
are there arthritis uk,/blog,uk,true
are there axial skeleton,/blog,uk,true
are there axial skeleton uk,/blog,uk,true
are there balance training,/blog,uk,true
are there balance training uk,/blog,uk,true
are there beetroot,/blog,uk,true
are there beetroot uk,/blog,uk,true
are there biologic dmards,/blog,uk,true
are there biologic dmards uk,/blog,uk,true
are there blue badge,/blog,uk,true
are there blue badge uk,/blog,uk,true
are there bmi,/blog,uk,true
are there bmi uk,/blog,uk,true
are there bone marrow function,/blog,uk,true
are there bone marrow function uk,/blog,uk,true
are there boswellia,/blog,uk,true
are there boswellia uk,/blog,uk,true
are there breathwork,/blog,uk,true
are there breathwork uk,/blog,uk,true
are there bursitis,/blog,uk,true
are there bursitis uk,/blog,uk,true
are there calcium,/blog,uk,true
are there calcium uk,/blog,uk,true
are there calorie deficit,/blog,uk,true
are there calorie deficit uk,/blog,uk,true
are there carer support,/blog,uk,true
are there carer support uk,/blog,uk,true
are there carpal tunnel,/blog,uk,true
are there carpal tunnel uk,/blog,uk,true
are there cartilage anatomy,/blog,uk,true
are there cartilage anatomy uk,/blog,uk,true
are there cervical vertebrae,/blog,uk,true
are there cervical vertebrae uk,/blog,uk,true
are there chondroitin,/blog,uk,true
are there chondroitin uk,/blog,uk,true
are there circadian rhythm,/blog,uk,true
are there circadian rhythm uk,/blog,uk,true
are there clinical frailty scale,/blog,uk,true
are there clinical frailty scale uk,/blog,uk,true
are there coccyx,/blog,uk,true
are there coccyx uk,/blog,uk,true
are there collagen,/blog,uk,true
are there collagen uk,/blog,uk,true
are there cooking,/blog,uk,true
are there cooking uk,/blog,uk,true
are there core strength,/blog,uk,true
are there core strength uk,/blog,uk,true
are there cortisol,/blog,uk,true
are there cortisol uk,/blog,uk,true
are there diet,/blog,uk,true
are there diet uk,/blog,uk,true
are there disability benefits,/blog,uk,true
are there disability benefits uk,/blog,uk,true
are there dislocation,/blog,uk,true
are there dislocation uk,/blog,uk,true
are there dressing,/blog,uk,true
are there dressing uk,/blog,uk,true
are there driving,/blog,uk,true
are there driving uk,/blog,uk,true
are there early ra,/blog,uk,true
are there early ra uk,/blog,uk,true
are there facet joint syndrome,/blog,uk,true
are there facet joint syndrome uk,/blog,uk,true
are there falls prevention,/blog,uk,true
are there falls prevention uk,/blog,uk,true
are there fascia anatomy,/blog,uk,true
are there fascia anatomy uk,/blog,uk,true
are there fatigue,/blog,uk,true
are there fatigue uk,/blog,uk,true
are there fear of falling,/blog,uk,true
are there fear of falling uk,/blog,uk,true
are there fibromyalgia,/blog,uk,true
are there fibromyalgia uk,/blog,uk,true
are there fish oil,/blog,uk,true
are there fish oil uk,/blog,uk,true
are there flare up,/blog,uk,true
are there flare up uk,/blog,uk,true
are there frailty,/blog,uk,true
are there frailty uk,/blog,uk,true
are there frozen shoulder,/blog,uk,true
are there frozen shoulder uk,/blog,uk,true
are there geriatric assessment,/blog,uk,true
are there geriatric assessment uk,/blog,uk,true
are there ginger,/blog,uk,true
are there ginger uk,/blog,uk,true
are there gloves,/blog,uk,true
are there gloves uk,/blog,uk,true
are there glucosamine,/blog,uk,true
are there glucosamine uk,/blog,uk,true
are there gout,/blog,uk,true
are there gout uk,/blog,uk,true
are there grading,/blog,uk,true
are there grading uk,/blog,uk,true
are there grip strength,/blog,uk,true
are there grip strength uk,/blog,uk,true
are there hand osteoarthritis,/blog,uk,true
are there hand osteoarthritis uk,/blog,uk,true
are there herniated disc,/blog,uk,true
are there herniated disc uk,/blog,uk,true
are there hip osteoarthritis,/blog,uk,true
are there hip osteoarthritis uk,/blog,uk,true
are there home hazards,/blog,uk,true
are there home hazards uk,/blog,uk,true
are there intermittent fasting,/blog,uk,true
are there intermittent fasting uk,/blog,uk,true
are there joint capsule,/blog,uk,true
are there joint capsule uk,/blog,uk,true
are there joint pain,/blog,uk,true
are there joint pain foods,/blog,uk,true
are there joint pain foods uk,/blog,uk,true
are there joint pain uk,/blog,uk,true
are there juvenile arthritis,/blog,uk,true
are there juvenile arthritis uk,/blog,uk,true
are there knee osteoarthritis,/blog,uk,true
are there knee osteoarthritis uk,/blog,uk,true
are there kyphosis,/blog,uk,true
are there kyphosis uk,/blog,uk,true
are there leaky gut,/blog,uk,true
are there leaky gut uk,/blog,uk,true
are there leucine,/blog,uk,true
are there leucine uk,/blog,uk,true
are there ligaments vs tendons,/blog,uk,true
are there ligaments vs tendons uk,/blog,uk,true
are there lower back pain,/blog,uk,true
are there lower back pain uk,/blog,uk,true
are there lumbar vertebrae,/blog,uk,true
are there lumbar vertebrae uk,/blog,uk,true
are there lupus,/blog,uk,true
are there lupus uk,/blog,uk,true
are there magnesium,/blog,uk,true
are there magnesium uk,/blog,uk,true
are there mattress,/blog,uk,true
are there mattress uk,/blog,uk,true
are there mediterranean diet,/blog,uk,true
are there mediterranean diet uk,/blog,uk,true
are there meniscus tear,/blog,uk,true
are there meniscus tear uk,/blog,uk,true
are there menopause,/blog,uk,true
are there menopause uk,/blog,uk,true
are there metabolism,/blog,uk,true
are there metabolism uk,/blog,uk,true
are there methotrexate,/blog,uk,true
are there methotrexate uk,/blog,uk,true
are there mindfulness,/blog,uk,true
are there mindfulness uk,/blog,uk,true
are there msm,/blog,uk,true
are there msm uk,/blog,uk,true
are there muscle atrophy,/blog,uk,true
are there muscle atrophy uk,/blog,uk,true
are there muscle imbalance,/blog,uk,true
are there muscle imbalance uk,/blog,uk,true
are there myofascial release,/blog,uk,true
are there myofascial release uk,/blog,uk,true
are there nhs,/blog,uk,true
are there nhs uk,/blog,uk,true
are there obesity,/blog,uk,true
are there obesity uk,/blog,uk,true
are there omega 3,/blog,uk,true
are there omega 3 uk,/blog,uk,true
are there osteoarthritis,/blog,uk,true
are there osteoarthritis uk,/blog,uk,true
are there osteoporosis,/blog,uk,true
are there osteoporosis uk,/blog,uk,true
are there pip,/blog,uk,true
are there pip uk,/blog,uk,true
are there plantar fasciitis,/blog,uk,true
are there plantar fasciitis uk,/blog,uk,true
are there polymyalgia,/blog,uk,true
are there polymyalgia uk,/blog,uk,true
are there polyphenols,/blog,uk,true
are there polyphenols uk,/blog,uk,true
are there portion control,/blog,uk,true
are there portion control uk,/blog,uk,true
are there posture,/blog,uk,true
are there posture uk,/blog,uk,true
are there pregnancy,/blog,uk,true
are there pregnancy uk,/blog,uk,true
are there processed food,/blog,uk,true
are there processed food uk,/blog,uk,true
are there protein,/blog,uk,true
are there protein uk,/blog,uk,true
are there psoriatic arthritis,/blog,uk,true
are there psoriatic arthritis uk,/blog,uk,true
are there ra flare,/blog,uk,true
are there ra flare uk,/blog,uk,true
are there reactive arthritis,/blog,uk,true
are there reactive arthritis uk,/blog,uk,true
are there remission,/blog,uk,true
are there remission uk,/blog,uk,true
are there resistance training,/blog,uk,true
are there resistance training uk,/blog,uk,true
are there rheumatoid arthritis,/blog,uk,true
are there rheumatoid arthritis uk,/blog,uk,true
are there rotator cuff injury,/blog,uk,true
are there rotator cuff injury uk,/blog,uk,true
are there sacrum,/blog,uk,true
are there sacrum uk,/blog,uk,true
are there sarcopenia,/blog,uk,true
are there sarcopenia uk,/blog,uk,true
are there sciatica,/blog,uk,true
are there sciatica uk,/blog,uk,true
are there scoliosis,/blog,uk,true
are there scoliosis uk,/blog,uk,true
are there screen time,/blog,uk,true
are there screen time uk,/blog,uk,true
are there septic arthritis,/blog,uk,true
are there septic arthritis uk,/blog,uk,true
are there seronegative,/blog,uk,true
are there seronegative uk,/blog,uk,true
are there skeletal system,/blog,uk,true
are there skeletal system uk,/blog,uk,true
are there sleep,/blog,uk,true
are there sleep uk,/blog,uk,true
are there spinal stenosis,/blog,uk,true
are there spinal stenosis uk,/blog,uk,true
are there spondylolisthesis,/blog,uk,true
are there spondylolisthesis uk,/blog,uk,true
are there sprain,/blog,uk,true
are there sprain uk,/blog,uk,true
are there strain,/blog,uk,true
are there strain uk,/blog,uk,true
are there sugar inflammation,/blog,uk,true
are there sugar inflammation uk,/blog,uk,true
are there synovial joint,/blog,uk,true
are there synovial joint uk,/blog,uk,true
are there tai chi,/blog,uk,true
are there tai chi uk,/blog,uk,true
are there tendinopathy,/blog,uk,true
are there tendinopathy uk,/blog,uk,true
are there tennis elbow,/blog,uk,true
are there tennis elbow uk,/blog,uk,true
are there thoracic vertebrae,/blog,uk,true
are there thoracic vertebrae uk,/blog,uk,true
are there travel,/blog,uk,true
are there travel uk,/blog,uk,true
are there turmeric,/blog,uk,true
are there turmeric uk,/blog,uk,true
are there vagus nerve,/blog,uk,true
are there vagus nerve uk,/blog,uk,true
are there vertebral disc anatomy,/blog,uk,true
are there vertebral disc anatomy uk,/blog,uk,true
are there visceral fat,/blog,uk,true
are there visceral fat uk,/blog,uk,true
are there vitamin d,/blog,uk,true
are there vitamin d uk,/blog,uk,true
are there vitamin k2,/blog,uk,true
are there vitamin k2 uk,/blog,uk,true
are there weight loss,/blog,uk,true
are there weight loss uk,/blog,uk,true
are there work,/blog,uk,true
are there work uk,/blog,uk,true
are there yoga,/blog,uk,true
are there yoga uk,/blog,uk,true
are there zinc,/blog,uk,true
are there zinc uk,/blog,uk,true
arthritis,/blog,uk,true
arthritis 2026,/blog,uk,true
arthritis adaptations for cleaning,/blog,uk,true
arthritis adaptations for cooking,/blog,uk,true
arthritis adaptations for dressing,/blog,uk,true
arthritis adaptations for gardening,/blog,uk,true
arthritis advanced,/blog,uk,true
arthritis aerobic routine,/blog,uk,true
arthritis age,/blog,uk,true
arthritis aids,/blog,uk,true
arthritis aids 2026,/blog,uk,true
arthritis aids advanced,/blog,uk,true
arthritis aids alternative,/blog,uk,true
arthritis aids at home,/blog,uk,true
arthritis aids beginner,/blog,uk,true
arthritis aids clinic,/blog,uk,true
arthritis aids diet,/blog,uk,true
arthritis aids easy,/blog,uk,true
arthritis aids effective,/blog,uk,true
arthritis aids exercises,/blog,uk,true
arthritis aids fast,/blog,uk,true
arthritis aids for adults,/blog,uk,true
arthritis aids for beginners,/blog,uk,true
arthritis aids for cleaning,/blog,uk,true
arthritis aids for cooking,/blog,uk,true
arthritis aids for dressing,/blog,uk,true
arthritis aids for gardening,/blog,uk,true
arthritis aids for men,/blog,uk,true
arthritis aids for seniors,/blog,uk,true
arthritis aids for women,/blog,uk,true
arthritis aids free,/blog,uk,true
arthritis aids gentle,/blog,uk,true
arthritis aids guide,/blog,uk,true
arthritis aids help,/blog,uk,true
arthritis aids help uk,/blog,uk,true
arthritis aids home remedies,/blog,uk,true
arthritis aids hospital,/blog,uk,true
arthritis aids latest,/blog,uk,true
arthritis aids low cost,/blog,uk,true
arthritis aids management,/blog,uk,true
arthritis aids medicine,/blog,uk,true
arthritis aids natural,/blog,uk,true
arthritis aids near me,/blog,uk,true
arthritis aids new,/blog,uk,true
arthritis aids nhs,/blog,uk,true
arthritis aids nhs waiting list,/blog,uk,true
arthritis aids over 50,/blog,uk,true
arthritis aids over 60,/blog,uk,true
arthritis aids over 70,/blog,uk,true
arthritis aids prevention,/blog,uk,true
arthritis aids private,/blog,uk,true
arthritis aids proven,/blog,uk,true
arthritis aids quick,/blog,uk,true
arthritis aids relief,/blog,uk,true
arthritis aids safe,/blog,uk,true
arthritis aids simple,/blog,uk,true
arthritis aids supplement,/blog,uk,true
arthritis aids symptoms,/blog,uk,true
arthritis aids therapy,/blog,uk,true
arthritis aids tips,/blog,uk,true
arthritis aids treatment,/blog,uk,true
arthritis aids uk,/blog,uk,true
arthritis aids uk uk,/blog,uk,true
arthritis alternative,/blog,uk,true
arthritis and anxiety,/blog,uk,true
arthritis and cleaning,/blog,uk,true
arthritis and climbing stairs,/blog,uk,true
arthritis and cooking,/blog,uk,true
arthritis and coping,/blog,uk,true
arthritis and cycling,/blog,uk,true
arthritis and dancing,/blog,uk,true
arthritis and depression,/blog,uk,true
arthritis and diabetes,/blog,uk,true
arthritis and driving,/blog,uk,true
arthritis and emotional,/blog,uk,true
arthritis and exercise,/blog,uk,true
arthritis and exercise uk,/blog,uk,true
arthritis and gardening,/blog,uk,true
arthritis and golf,/blog,uk,true
arthritis and heart disease,/blog,uk,true
arthritis and lifting,/blog,uk,true
arthritis and nutrition,/blog,uk,true
arthritis and nutrition uk,/blog,uk,true
arthritis and obesity,/blog,uk,true
arthritis and psychological,/blog,uk,true
arthritis and running,/blog,uk,true
arthritis and sleep,/blog,uk,true
arthritis and sleep apnea,/blog,uk,true
arthritis and sleep uk,/blog,uk,true
arthritis and stress,/blog,uk,true
arthritis and swimming,/blog,uk,true
arthritis and tennis,/blog,uk,true
arthritis and typing,/blog,uk,true
arthritis anxiety,/blog,uk,true
arthritis at home,/blog,uk,true
arthritis ayurveda,/blog,uk,true
arthritis barometric pressure,/blog,uk,true
arthritis bathing,/blog,uk,true
arthritis bedtime routine,/blog,uk,true
arthritis beginner,/blog,uk,true
arthritis benefits uk,/blog,uk,true
arthritis benefits uk uk,/blog,uk,true
arthritis blood test,/blog,uk,true
arthritis braces uk,/blog,uk,true
arthritis chair exercises routine,/blog,uk,true
arthritis chair uk,/blog,uk,true
arthritis chinese medicine,/blog,uk,true
arthritis clinic,/blog,uk,true
arthritis clinic near me,/blog,uk,true
arthritis clinic near me uk,/blog,uk,true
arthritis clinical trials,/blog,uk,true
arthritis cold,/blog,uk,true
arthritis community,/blog,uk,true
arthritis community uk,/blog,uk,true
arthritis consultation nhs,/blog,uk,true
arthritis coping strategies,/blog,uk,true
arthritis counseling,/blog,uk,true
arthritis counseling uk,/blog,uk,true
arthritis cure research,/blog,uk,true
arthritis cure research uk,/blog,uk,true
arthritis cure uk,/blog,uk,true
arthritis daily habits,/blog,uk,true
arthritis daily tips,/blog,uk,true
arthritis damp,/blog,uk,true
arthritis depression,/blog,uk,true
arthritis diagnosis nhs,/blog,uk,true
arthritis diet,/blog,uk,true
arthritis diet management,/blog,uk,true
arthritis diet plan,/blog,uk,true
arthritis diet plan uk,/blog,uk,true
arthritis diet uk,/blog,uk,true
arthritis driving,/blog,uk,true
arthritis easy,/blog,uk,true
arthritis eating,/blog,uk,true
arthritis effective,/blog,uk,true
arthritis equipment uk,/blog,uk,true
arthritis equipment uk uk,/blog,uk,true
arthritis essential oils,/blog,uk,true
arthritis exercise,/blog,uk,true
arthritis exercise management,/blog,uk,true
arthritis exercise program,/blog,uk,true
arthritis exercise program uk,/blog,uk,true
arthritis exercise uk,/blog,uk,true
arthritis exercises,/blog,uk,true
arthritis family history,/blog,uk,true
arthritis fast,/blog,uk,true
arthritis fatigue management,/blog,uk,true
arthritis for adults,/blog,uk,true
arthritis for beginners,/blog,uk,true
arthritis for men,/blog,uk,true
arthritis for seniors,/blog,uk,true
arthritis for women,/blog,uk,true
arthritis forums,/blog,uk,true
arthritis forums uk,/blog,uk,true
arthritis free,/blog,uk,true
arthritis genetics,/blog,uk,true
arthritis gentle,/blog,uk,true
arthritis gloves uk,/blog,uk,true
arthritis good habits for joints,/blog,uk,true
arthritis gp,/blog,uk,true
arthritis grips uk,/blog,uk,true
arthritis grooming,/blog,uk,true
arthritis guide,/blog,uk,true
arthritis habits to break,/blog,uk,true
arthritis hacks for cleaning,/blog,uk,true
arthritis hacks for cooking,/blog,uk,true
arthritis hacks for dressing,/blog,uk,true
arthritis hacks for gardening,/blog,uk,true
arthritis healthcare worker,/blog,uk,true
arthritis help,/blog,uk,true
arthritis help uk,/blog,uk,true
arthritis herbal,/blog,uk,true
arthritis holistic,/blog,uk,true
arthritis home remedies,/blog,uk,true
arthritis hormones,/blog,uk,true
arthritis hormones management,/blog,uk,true
arthritis hospital,/blog,uk,true
arthritis humidity,/blog,uk,true
arthritis in children,/blog,uk,true
arthritis in elderly,/blog,uk,true
arthritis in men,/blog,uk,true
arthritis in middle-aged,/blog,uk,true
arthritis in teenagers,/blog,uk,true
arthritis in women,/blog,uk,true
arthritis in young adults,/blog,uk,true
arthritis injection uk,/blog,uk,true
arthritis injury,/blog,uk,true
arthritis latest,/blog,uk,true
arthritis lifestyle changes,/blog,uk,true
arthritis low cost,/blog,uk,true
arthritis low impact routine,/blog,uk,true
arthritis management,/blog,uk,true
arthritis management tips,/blog,uk,true
arthritis management uk,/blog,uk,true
arthritis manual labor,/blog,uk,true
arthritis mattress uk,/blog,uk,true
arthritis medication nhs,/blog,uk,true
arthritis medication options,/blog,uk,true
arthritis medication options uk,/blog,uk,true
arthritis medication uk,/blog,uk,true
arthritis medicine,/blog,uk,true
arthritis modifications for cleaning,/blog,uk,true
arthritis modifications for cooking,/blog,uk,true
arthritis modifications for dressing,/blog,uk,true
arthritis modifications for gardening,/blog,uk,true
arthritis morning routine,/blog,uk,true
arthritis mri,/blog,uk,true
arthritis natural,/blog,uk,true
arthritis natural remedies,/blog,uk,true
arthritis natural remedy uk,/blog,uk,true
arthritis near me,/blog,uk,true
arthritis new,/blog,uk,true
arthritis nhs,/blog,uk,true
arthritis nhs guidance,/blog,uk,true
arthritis nhs guidance uk,/blog,uk,true
arthritis nhs waiting list,/blog,uk,true
arthritis nhs waiting times,/blog,uk,true
arthritis nhs waiting times uk,/blog,uk,true
arthritis occupational therapist,/blog,uk,true
arthritis occupational therapy,/blog,uk,true
arthritis occupational therapy uk,/blog,uk,true
arthritis office work,/blog,uk,true
arthritis older adults,/blog,uk,true
arthritis openers uk,/blog,uk,true
arthritis opening jars,/blog,uk,true
arthritis over 50,/blog,uk,true
arthritis over 60,/blog,uk,true
arthritis over 65,/blog,uk,true
arthritis over 70,/blog,uk,true
arthritis overuse,/blog,uk,true
arthritis overuse management,/blog,uk,true
arthritis pain in autumn,/blog,uk,true
arthritis pain in cold weather,/blog,uk,true
arthritis pain in spring,/blog,uk,true
arthritis pain in summer,/blog,uk,true
arthritis pain in winter,/blog,uk,true
arthritis pain management,/blog,uk,true
arthritis pain uk,/blog,uk,true
arthritis peer support,/blog,uk,true
arthritis peer support uk,/blog,uk,true
arthritis physical exam,/blog,uk,true
arthritis physiotherapist,/blog,uk,true
arthritis physiotherapy,/blog,uk,true
arthritis physiotherapy uk,/blog,uk,true
arthritis pilates routine,/blog,uk,true
arthritis pillows uk,/blog,uk,true
arthritis pregnancy,/blog,uk,true
arthritis prevention,/blog,uk,true
arthritis private,/blog,uk,true
arthritis proven,/blog,uk,true
arthritis quick,/blog,uk,true
arthritis rain,/blog,uk,true
arthritis referral nhs,/blog,uk,true
arthritis rehabilitation uk,/blog,uk,true
arthritis relief,/blog,uk,true
arthritis relief uk,/blog,uk,true
arthritis research 2026,/blog,uk,true
arthritis rheumatologist,/blog,uk,true
arthritis safe,/blog,uk,true
arthritis seniors,/blog,uk,true
arthritis shoes uk,/blog,uk,true
arthritis simple,/blog,uk,true
arthritis sleep,/blog,uk,true
arthritis sleep management,/blog,uk,true
arthritis smoking,/blog,uk,true
arthritis specialist uk,/blog,uk,true
arthritis specialist uk uk,/blog,uk,true
arthritis strength training routine,/blog,uk,true
arthritis stress,/blog,uk,true
arthritis stress management,/blog,uk,true
arthritis stretching routine,/blog,uk,true
arthritis supplement,/blog,uk,true
arthritis supplement uk,/blog,uk,true
arthritis support birmingham,/blog,uk,true
arthritis support bristol,/blog,uk,true
arthritis support edinburgh,/blog,uk,true
arthritis support england,/blog,uk,true
arthritis support groups,/blog,uk,true
arthritis support groups uk,/blog,uk,true
arthritis support leeds,/blog,uk,true
arthritis support london,/blog,uk,true
arthritis support manchester,/blog,uk,true
arthritis support nhs,/blog,uk,true
arthritis support nhs uk,/blog,uk,true
arthritis support northern ireland,/blog,uk,true
arthritis support scotland,/blog,uk,true
arthritis support wales,/blog,uk,true
arthritis surgery uk,/blog,uk,true
arthritis swimming routine,/blog,uk,true
arthritis symptoms,/blog,uk,true
arthritis tai chi routine,/blog,uk,true
arthritis therapy,/blog,uk,true
arthritis therapy uk,/blog,uk,true
arthritis tips,/blog,uk,true
arthritis traditional medicine,/blog,uk,true
arthritis treatment,/blog,uk,true
arthritis treatment alternatives,/blog,uk,true
arthritis treatment alternatives uk,/blog,uk,true
arthritis treatment nhs,/blog,uk,true
arthritis treatment uk,/blog,uk,true
arthritis tricks for cleaning,/blog,uk,true
arthritis tricks for cooking,/blog,uk,true
arthritis tricks for dressing,/blog,uk,true
arthritis tricks for gardening,/blog,uk,true
arthritis uk,/blog,uk,true
arthritis ultrasound,/blog,uk,true
arthritis waiting list nhs,/blog,uk,true
arthritis walking routine,/blog,uk,true
arthritis weather,/blog,uk,true
arthritis weather management,/blog,uk,true
arthritis weight,/blog,uk,true
arthritis weight loss,/blog,uk,true
arthritis weight loss uk,/blog,uk,true
arthritis workarounds for cleaning,/blog,uk,true
arthritis workarounds for cooking,/blog,uk,true
arthritis workarounds for dressing,/blog,uk,true
arthritis workarounds for gardening,/blog,uk,true
arthritis writing,/blog,uk,true
arthritis x-ray,/blog,uk,true
arthritis yoga routine,/blog,uk,true
autumn arthritis pain,/blog,uk,true
autumn inflammation,/blog,uk,true
autumn joint stiffness,/blog,uk,true
axial skeleton,/blog,uk,true
axial skeleton 2026,/blog,uk,true
axial skeleton advanced,/blog,uk,true
axial skeleton alternative,/blog,uk,true
axial skeleton at home,/blog,uk,true
axial skeleton beginner,/blog,uk,true
axial skeleton clinic,/blog,uk,true
axial skeleton diet,/blog,uk,true
axial skeleton easy,/blog,uk,true
axial skeleton effective,/blog,uk,true
axial skeleton exercises,/blog,uk,true
axial skeleton fast,/blog,uk,true
axial skeleton for adults,/blog,uk,true
axial skeleton for beginners,/blog,uk,true
axial skeleton for men,/blog,uk,true
axial skeleton for seniors,/blog,uk,true
axial skeleton for women,/blog,uk,true
axial skeleton free,/blog,uk,true
axial skeleton gentle,/blog,uk,true
axial skeleton guide,/blog,uk,true
axial skeleton help,/blog,uk,true
axial skeleton help uk,/blog,uk,true
axial skeleton home remedies,/blog,uk,true
axial skeleton hospital,/blog,uk,true
axial skeleton latest,/blog,uk,true
axial skeleton low cost,/blog,uk,true
axial skeleton management,/blog,uk,true
axial skeleton medicine,/blog,uk,true
axial skeleton natural,/blog,uk,true
axial skeleton near me,/blog,uk,true
axial skeleton new,/blog,uk,true
axial skeleton nhs,/blog,uk,true
axial skeleton nhs waiting list,/blog,uk,true
axial skeleton over 50,/blog,uk,true
axial skeleton over 60,/blog,uk,true
axial skeleton over 70,/blog,uk,true
axial skeleton prevention,/blog,uk,true
axial skeleton private,/blog,uk,true
axial skeleton proven,/blog,uk,true
axial skeleton quick,/blog,uk,true
axial skeleton relief,/blog,uk,true
axial skeleton safe,/blog,uk,true
axial skeleton simple,/blog,uk,true
axial skeleton supplement,/blog,uk,true
axial skeleton symptoms,/blog,uk,true
axial skeleton therapy,/blog,uk,true
axial skeleton tips,/blog,uk,true
axial skeleton treatment,/blog,uk,true
axial skeleton uk,/blog,uk,true
ayurveda arthritis,/blog,uk,true
ayurveda joint pain,/blog,uk,true
back and neck pain,/blog,uk,true
back arthritis,/blog,uk,true
back arthritis uk,/blog,uk,true
back exercises,/blog,uk,true
back exercises uk,/blog,uk,true
back injury,/blog,uk,true
back injury uk,/blog,uk,true
back neck arthritis,/blog,uk,true
back pain,/blog,uk,true
back pain aerobic routine,/blog,uk,true
back pain chair exercises routine,/blog,uk,true
back pain cure uk,/blog,uk,true
back pain diet uk,/blog,uk,true
back pain exercise uk,/blog,uk,true
back pain help uk,/blog,uk,true
back pain injection uk,/blog,uk,true
back pain low impact routine,/blog,uk,true
back pain management uk,/blog,uk,true
back pain medication uk,/blog,uk,true
back pain natural remedy uk,/blog,uk,true
back pain pain uk,/blog,uk,true
back pain physiotherapy uk,/blog,uk,true
back pain pilates routine,/blog,uk,true
back pain rehabilitation uk,/blog,uk,true
back pain relief uk,/blog,uk,true
back pain strength training routine,/blog,uk,true
back pain stretching routine,/blog,uk,true
back pain supplement uk,/blog,uk,true
back pain surgery uk,/blog,uk,true
back pain swimming routine,/blog,uk,true
back pain tai chi routine,/blog,uk,true
back pain therapy uk,/blog,uk,true
back pain treatment uk,/blog,uk,true
back pain uk,/blog,uk,true
back pain walking routine,/blog,uk,true
back pain yoga routine,/blog,uk,true
back relief,/blog,uk,true
back relief uk,/blog,uk,true
back strain,/blog,uk,true
back strain uk,/blog,uk,true
back stretches,/blog,uk,true
back stretches uk,/blog,uk,true
balance training,/blog,uk,true
balance training 2026,/blog,uk,true
balance training advanced,/blog,uk,true
balance training alternative,/blog,uk,true
balance training at home,/blog,uk,true
balance training beginner,/blog,uk,true
balance training clinic,/blog,uk,true
balance training diet,/blog,uk,true
balance training easy,/blog,uk,true
balance training effective,/blog,uk,true
balance training exercises,/blog,uk,true
balance training fast,/blog,uk,true
balance training for adults,/blog,uk,true
balance training for beginners,/blog,uk,true
balance training for men,/blog,uk,true
balance training for seniors,/blog,uk,true
balance training for women,/blog,uk,true
balance training free,/blog,uk,true
balance training gentle,/blog,uk,true
balance training guide,/blog,uk,true
balance training help,/blog,uk,true
balance training help uk,/blog,uk,true
balance training home remedies,/blog,uk,true
balance training hospital,/blog,uk,true
balance training latest,/blog,uk,true
balance training low cost,/blog,uk,true
balance training management,/blog,uk,true
balance training medicine,/blog,uk,true
balance training natural,/blog,uk,true
balance training near me,/blog,uk,true
balance training new,/blog,uk,true
balance training nhs,/blog,uk,true
balance training nhs waiting list,/blog,uk,true
balance training over 50,/blog,uk,true
balance training over 60,/blog,uk,true
balance training over 70,/blog,uk,true
balance training prevention,/blog,uk,true
balance training private,/blog,uk,true
balance training proven,/blog,uk,true
balance training quick,/blog,uk,true
balance training relief,/blog,uk,true
balance training safe,/blog,uk,true
balance training simple,/blog,uk,true
balance training supplement,/blog,uk,true
balance training symptoms,/blog,uk,true
balance training therapy,/blog,uk,true
balance training tips,/blog,uk,true
balance training treatment,/blog,uk,true
balance training uk,/blog,uk,true
beetroot,/blog,uk,true
beetroot 2026,/blog,uk,true
beetroot advanced,/blog,uk,true
beetroot alternative,/blog,uk,true
beetroot at home,/blog,uk,true
beetroot beginner,/blog,uk,true
beetroot clinic,/blog,uk,true
beetroot diet,/blog,uk,true
beetroot easy,/blog,uk,true
beetroot effective,/blog,uk,true
beetroot exercises,/blog,uk,true
beetroot fast,/blog,uk,true
beetroot for adults,/blog,uk,true
beetroot for beginners,/blog,uk,true
beetroot for men,/blog,uk,true
beetroot for seniors,/blog,uk,true
beetroot for women,/blog,uk,true
beetroot free,/blog,uk,true
beetroot gentle,/blog,uk,true
beetroot guide,/blog,uk,true
beetroot help,/blog,uk,true
beetroot home remedies,/blog,uk,true
beetroot hospital,/blog,uk,true
beetroot latest,/blog,uk,true
beetroot low cost,/blog,uk,true
beetroot medicine,/blog,uk,true
beetroot natural,/blog,uk,true
beetroot near me,/blog,uk,true
beetroot new,/blog,uk,true
beetroot nhs,/blog,uk,true
beetroot nhs waiting list,/blog,uk,true
beetroot over 50,/blog,uk,true
beetroot over 60,/blog,uk,true
beetroot over 70,/blog,uk,true
beetroot prevention,/blog,uk,true
beetroot private,/blog,uk,true
beetroot proven,/blog,uk,true
beetroot quick,/blog,uk,true
beetroot relief,/blog,uk,true
beetroot safe,/blog,uk,true
beetroot simple,/blog,uk,true
beetroot supplement,/blog,uk,true
beetroot symptoms,/blog,uk,true
beetroot therapy,/blog,uk,true
beetroot tips,/blog,uk,true
beetroot treatment,/blog,uk,true
beetroot uk,/blog,uk,true
before bed exercises for arthritis,/blog,uk,true
before bed exercises for joint pain,/blog,uk,true
before bed stretches for arthritis,/blog,uk,true
before bed stretches for joint pain,/blog,uk,true
before bed supplements for arthritis,/blog,uk,true
before bed supplements for joint pain,/blog,uk,true
before bed treatment for arthritis,/blog,uk,true
before bed treatment for joint pain,/blog,uk,true
benefits of acupuncture,/blog,uk,true
benefits of berries,/blog,uk,true
benefits of cherries,/blog,uk,true
benefits of citrus,/blog,uk,true
benefits of cold therapy,/blog,uk,true
benefits of garlic,/blog,uk,true
benefits of ginger,/blog,uk,true
benefits of green tea,/blog,uk,true
benefits of heat therapy,/blog,uk,true
benefits of hydrotherapy,/blog,uk,true
benefits of laser therapy,/blog,uk,true
benefits of leafy greens,/blog,uk,true
benefits of massage,/blog,uk,true
benefits of mud therapy,/blog,uk,true
benefits of nuts,/blog,uk,true
benefits of olive oil,/blog,uk,true
benefits of pineapple,/blog,uk,true
benefits of salmon,/blog,uk,true
benefits of seeds,/blog,uk,true
benefits of tens,/blog,uk,true
benefits of turmeric,/blog,uk,true
benefits of ultrasound,/blog,uk,true
berries and arthritis,/blog,uk,true
berries and inflammation,/blog,uk,true
berries and joint health,/blog,uk,true
berries for arthritis,/blog,uk,true
berries for inflammation,/blog,uk,true
berries for joint health,/blog,uk,true
best DOMS,/blog,uk,true
best DOMS relief,/blog,uk,true
best DOMS relief uk,/blog,uk,true
best DOMS remedy,/blog,uk,true
best DOMS remedy uk,/blog,uk,true
best DOMS solution,/blog,uk,true
best DOMS solution uk,/blog,uk,true
best DOMS treatment,/blog,uk,true
best DOMS treatment uk,/blog,uk,true
best DOMS uk,/blog,uk,true
best aerobic exercises arthritis,/blog,uk,true
best aerobic exercises back pain,/blog,uk,true
best aerobic exercises joint pain,/blog,uk,true
best ankle arthritis exercises,/blog,uk,true
best ankle exercises exercises,/blog,uk,true
best ankle injury exercises,/blog,uk,true
best ankle pain exercises,/blog,uk,true
best ankle relief exercises,/blog,uk,true
best ankle strain exercises,/blog,uk,true
best ankle stretches exercises,/blog,uk,true
best ankle support,/blog,uk,true
best ankylosing spondylitis,/blog,uk,true
best ankylosing spondylitis uk,/blog,uk,true
best anti inflammatory smoothie,/blog,uk,true
best anti inflammatory smoothie uk,/blog,uk,true
best anti-inflammatory,/blog,uk,true
best anti-inflammatory diet,/blog,uk,true
best anti-inflammatory diet relief,/blog,uk,true
best anti-inflammatory diet relief uk,/blog,uk,true
best anti-inflammatory diet remedy,/blog,uk,true
best anti-inflammatory diet remedy uk,/blog,uk,true
best anti-inflammatory diet solution,/blog,uk,true
best anti-inflammatory diet solution uk,/blog,uk,true
best anti-inflammatory diet treatment,/blog,uk,true
best anti-inflammatory diet treatment uk,/blog,uk,true
best anti-inflammatory diet uk,/blog,uk,true
best app arthritis management,/blog,uk,true
best appendicular skeleton,/blog,uk,true
best appendicular skeleton relief,/blog,uk,true
best appendicular skeleton relief uk,/blog,uk,true
best appendicular skeleton remedy,/blog,uk,true
best appendicular skeleton remedy uk,/blog,uk,true
best appendicular skeleton solution,/blog,uk,true
best appendicular skeleton solution uk,/blog,uk,true
best appendicular skeleton treatment,/blog,uk,true
best appendicular skeleton treatment uk,/blog,uk,true
best appendicular skeleton uk,/blog,uk,true
best arthritis,/blog,uk,true
best arthritis aids,/blog,uk,true
best arthritis aids uk,/blog,uk,true
best arthritis braces,/blog,uk,true
best arthritis chair,/blog,uk,true
best arthritis for older adults,/blog,uk,true
best arthritis for over 50,/blog,uk,true
best arthritis for over 60,/blog,uk,true
best arthritis for over 65,/blog,uk,true
best arthritis for over 70,/blog,uk,true
best arthritis for seniors,/blog,uk,true
best arthritis gloves,/blog,uk,true
best arthritis grips,/blog,uk,true
best arthritis mattress,/blog,uk,true
best arthritis mattress uk,/blog,uk,true
best arthritis openers,/blog,uk,true
best arthritis pillow,/blog,uk,true
best arthritis pillow uk,/blog,uk,true
best arthritis pillows,/blog,uk,true
best arthritis relief,/blog,uk,true
best arthritis relief uk,/blog,uk,true
best arthritis remedy,/blog,uk,true
best arthritis remedy uk,/blog,uk,true
best arthritis shoes,/blog,uk,true
best arthritis solution,/blog,uk,true
best arthritis solution uk,/blog,uk,true
best arthritis treatment,/blog,uk,true
best arthritis treatment uk,/blog,uk,true
best arthritis uk,/blog,uk,true
best axial skeleton,/blog,uk,true
best axial skeleton relief,/blog,uk,true
best axial skeleton relief uk,/blog,uk,true
best axial skeleton remedy,/blog,uk,true
best axial skeleton remedy uk,/blog,uk,true
best axial skeleton solution,/blog,uk,true
best axial skeleton solution uk,/blog,uk,true
best axial skeleton treatment,/blog,uk,true
best axial skeleton treatment uk,/blog,uk,true
best axial skeleton uk,/blog,uk,true
best back arthritis exercises,/blog,uk,true
best back exercises exercises,/blog,uk,true
best back injury exercises,/blog,uk,true
best back pain exercises,/blog,uk,true
best back relief exercises,/blog,uk,true
best back strain exercises,/blog,uk,true
best back stretches exercises,/blog,uk,true
best balance training,/blog,uk,true
best balance training uk,/blog,uk,true
best beetroot,/blog,uk,true
best beetroot uk,/blog,uk,true
best biologic dmards,/blog,uk,true
best biologic dmards uk,/blog,uk,true
best biologics,/blog,uk,true
best blue badge,/blog,uk,true
best blue badge uk,/blog,uk,true
best bmi,/blog,uk,true
best bmi relief,/blog,uk,true
best bmi relief uk,/blog,uk,true
best bmi remedy,/blog,uk,true
best bmi remedy uk,/blog,uk,true
best bmi solution,/blog,uk,true
best bmi solution uk,/blog,uk,true
best bmi treatment,/blog,uk,true
best bmi treatment uk,/blog,uk,true
best bmi uk,/blog,uk,true
best bone marrow function,/blog,uk,true
best bone marrow function uk,/blog,uk,true
best boswellia,/blog,uk,true
best boswellia uk,/blog,uk,true
best breathwork,/blog,uk,true
best breathwork relief,/blog,uk,true
best breathwork relief uk,/blog,uk,true
best breathwork remedy,/blog,uk,true
best breathwork remedy uk,/blog,uk,true
best breathwork solution,/blog,uk,true
best breathwork solution uk,/blog,uk,true
best breathwork treatment,/blog,uk,true
best breathwork treatment uk,/blog,uk,true
best breathwork uk,/blog,uk,true
best bursitis,/blog,uk,true
best bursitis relief,/blog,uk,true
best bursitis relief uk,/blog,uk,true
best bursitis remedy,/blog,uk,true
best bursitis remedy uk,/blog,uk,true
best bursitis solution,/blog,uk,true
best bursitis solution uk,/blog,uk,true
best bursitis treatment,/blog,uk,true
best bursitis treatment uk,/blog,uk,true
best bursitis uk,/blog,uk,true
best calcium,/blog,uk,true
best calcium uk,/blog,uk,true
best calorie deficit,/blog,uk,true
best calorie deficit uk,/blog,uk,true
best carer support,/blog,uk,true
best carer support uk,/blog,uk,true
best carpal tunnel,/blog,uk,true
best carpal tunnel uk,/blog,uk,true
best cartilage anatomy,/blog,uk,true
best cartilage anatomy uk,/blog,uk,true
best cervical vertebrae,/blog,uk,true
best cervical vertebrae relief,/blog,uk,true
best cervical vertebrae relief uk,/blog,uk,true
best cervical vertebrae remedy,/blog,uk,true
best cervical vertebrae remedy uk,/blog,uk,true
best cervical vertebrae solution,/blog,uk,true
best cervical vertebrae solution uk,/blog,uk,true
best cervical vertebrae treatment,/blog,uk,true
best cervical vertebrae treatment uk,/blog,uk,true
best cervical vertebrae uk,/blog,uk,true
best chair exercises exercises arthritis,/blog,uk,true
best chair exercises exercises back pain,/blog,uk,true
best chair exercises exercises joint pain,/blog,uk,true
best chondroitin,/blog,uk,true
best chondroitin relief,/blog,uk,true
best chondroitin relief uk,/blog,uk,true
best chondroitin remedy,/blog,uk,true
best chondroitin remedy uk,/blog,uk,true
best chondroitin solution,/blog,uk,true
best chondroitin solution uk,/blog,uk,true
best chondroitin treatment,/blog,uk,true
best chondroitin treatment uk,/blog,uk,true
best chondroitin uk,/blog,uk,true
best circadian rhythm,/blog,uk,true
best circadian rhythm uk,/blog,uk,true
best clinical frailty scale,/blog,uk,true
best clinical frailty scale uk,/blog,uk,true
best coccyx,/blog,uk,true
best coccyx uk,/blog,uk,true
best collagen,/blog,uk,true
best collagen relief,/blog,uk,true
best collagen relief uk,/blog,uk,true
best collagen remedy,/blog,uk,true
best collagen remedy uk,/blog,uk,true
best collagen solution,/blog,uk,true
best collagen solution uk,/blog,uk,true
best collagen treatment,/blog,uk,true
best collagen treatment uk,/blog,uk,true
best collagen uk,/blog,uk,true
best compression socks,/blog,uk,true
best cooking,/blog,uk,true
best cooking uk,/blog,uk,true
best core strength,/blog,uk,true
best core strength uk,/blog,uk,true
best cortisol,/blog,uk,true
best cortisol relief,/blog,uk,true
best cortisol relief uk,/blog,uk,true
best cortisol remedy,/blog,uk,true
best cortisol remedy uk,/blog,uk,true
best cortisol solution,/blog,uk,true
best cortisol solution uk,/blog,uk,true
best cortisol treatment,/blog,uk,true
best cortisol treatment uk,/blog,uk,true
best cortisol uk,/blog,uk,true
best diet,/blog,uk,true
best diet for arthritis management,/blog,uk,true
best diet for inflammation,/blog,uk,true
best diet for joint health,/blog,uk,true
best diet uk,/blog,uk,true
best disability benefits,/blog,uk,true
best disability benefits uk,/blog,uk,true
best dislocation,/blog,uk,true
best dislocation relief,/blog,uk,true
best dislocation relief uk,/blog,uk,true
best dislocation remedy,/blog,uk,true
best dislocation remedy uk,/blog,uk,true
best dislocation solution,/blog,uk,true
best dislocation solution uk,/blog,uk,true
best dislocation treatment,/blog,uk,true
best dislocation treatment uk,/blog,uk,true
best dislocation uk,/blog,uk,true
best dmards,/blog,uk,true
best dressing,/blog,uk,true
best dressing uk,/blog,uk,true
best driving,/blog,uk,true
best driving uk,/blog,uk,true
best early ra,/blog,uk,true
best early ra uk,/blog,uk,true
best elbow arthritis exercises,/blog,uk,true
best elbow exercises exercises,/blog,uk,true
best elbow injury exercises,/blog,uk,true
best elbow pain exercises,/blog,uk,true
best elbow relief exercises,/blog,uk,true
best elbow strain exercises,/blog,uk,true
best elbow stretches exercises,/blog,uk,true
best exercise for arthritis management,/blog,uk,true
best exercise for inflammation,/blog,uk,true
best exercise for joint health,/blog,uk,true
best exercises for older adults,/blog,uk,true
best exercises for over 50,/blog,uk,true
best exercises for over 60,/blog,uk,true
best exercises for over 65,/blog,uk,true
best exercises for over 70,/blog,uk,true
best exercises for seniors,/blog,uk,true
best facet joint syndrome,/blog,uk,true
best facet joint syndrome uk,/blog,uk,true
best falls prevention,/blog,uk,true
best falls prevention uk,/blog,uk,true
best fascia anatomy,/blog,uk,true
best fascia anatomy uk,/blog,uk,true
best fatigue,/blog,uk,true
best fatigue uk,/blog,uk,true
best fear of falling,/blog,uk,true
best fear of falling uk,/blog,uk,true
best fibromyalgia,/blog,uk,true
best fibromyalgia uk,/blog,uk,true
best fish oil,/blog,uk,true
best fish oil uk,/blog,uk,true
best fitness for older adults,/blog,uk,true
best fitness for over 50,/blog,uk,true
best fitness for over 60,/blog,uk,true
best fitness for over 65,/blog,uk,true
best fitness for over 70,/blog,uk,true
best fitness for seniors,/blog,uk,true
best fitness tracker arthritis management,/blog,uk,true
best flare up,/blog,uk,true
best flare up uk,/blog,uk,true
best foot arthritis exercises,/blog,uk,true
best foot exercises exercises,/blog,uk,true
best foot injury exercises,/blog,uk,true
best foot pain exercises,/blog,uk,true
best foot relief exercises,/blog,uk,true
best foot strain exercises,/blog,uk,true
best foot stretches exercises,/blog,uk,true
best frailty,/blog,uk,true
best frailty uk,/blog,uk,true
best frozen shoulder,/blog,uk,true
best frozen shoulder uk,/blog,uk,true
best geriatric assessment,/blog,uk,true
best geriatric assessment uk,/blog,uk,true
best ginger,/blog,uk,true
best ginger relief,/blog,uk,true
best ginger relief uk,/blog,uk,true
best ginger remedy,/blog,uk,true
best ginger remedy uk,/blog,uk,true
best ginger solution,/blog,uk,true
best ginger solution uk,/blog,uk,true
best ginger treatment,/blog,uk,true
best ginger treatment uk,/blog,uk,true
best ginger uk,/blog,uk,true
best gloves,/blog,uk,true
best gloves uk,/blog,uk,true
best glucosamine,/blog,uk,true
best glucosamine relief,/blog,uk,true
best glucosamine relief uk,/blog,uk,true
best glucosamine remedy,/blog,uk,true
best glucosamine remedy uk,/blog,uk,true
best glucosamine solution,/blog,uk,true
best glucosamine solution uk,/blog,uk,true
best glucosamine treatment,/blog,uk,true
best glucosamine treatment uk,/blog,uk,true
best glucosamine uk,/blog,uk,true
best gout,/blog,uk,true
best gout uk,/blog,uk,true
best grading,/blog,uk,true
best grading uk,/blog,uk,true
best grip strength,/blog,uk,true
best grip strength uk,/blog,uk,true
best hand arthritis exercises,/blog,uk,true
best hand exercises exercises,/blog,uk,true
best hand injury exercises,/blog,uk,true
best hand osteoarthritis,/blog,uk,true
best hand osteoarthritis uk,/blog,uk,true
best hand pain exercises,/blog,uk,true
best hand relief exercises,/blog,uk,true
best hand strain exercises,/blog,uk,true
best hand stretches exercises,/blog,uk,true
best heat pad,/blog,uk,true
best herniated disc,/blog,uk,true
best herniated disc relief,/blog,uk,true
best herniated disc relief uk,/blog,uk,true
best herniated disc remedy,/blog,uk,true
best herniated disc remedy uk,/blog,uk,true
best herniated disc solution,/blog,uk,true
best herniated disc solution uk,/blog,uk,true
best herniated disc treatment,/blog,uk,true
best herniated disc treatment uk,/blog,uk,true
best herniated disc uk,/blog,uk,true
best hip arthritis exercises,/blog,uk,true
best hip exercises exercises,/blog,uk,true
best hip injury exercises,/blog,uk,true
best hip osteoarthritis,/blog,uk,true
best hip osteoarthritis uk,/blog,uk,true
best hip pain exercises,/blog,uk,true
best hip relief exercises,/blog,uk,true
best hip strain exercises,/blog,uk,true
best hip stretches exercises,/blog,uk,true
best home hazards,/blog,uk,true
best home hazards uk,/blog,uk,true
best intermittent fasting,/blog,uk,true
best intermittent fasting relief,/blog,uk,true
best intermittent fasting relief uk,/blog,uk,true
best intermittent fasting remedy,/blog,uk,true
best intermittent fasting remedy uk,/blog,uk,true
best intermittent fasting solution,/blog,uk,true
best intermittent fasting solution uk,/blog,uk,true
best intermittent fasting treatment,/blog,uk,true
best intermittent fasting treatment uk,/blog,uk,true
best intermittent fasting uk,/blog,uk,true
best joint capsule,/blog,uk,true
best joint capsule uk,/blog,uk,true
best joint pain,/blog,uk,true
best joint pain braces,/blog,uk,true
best joint pain chair,/blog,uk,true
best joint pain foods,/blog,uk,true
best joint pain foods uk,/blog,uk,true
best joint pain for older adults,/blog,uk,true
best joint pain for over 50,/blog,uk,true
best joint pain for over 60,/blog,uk,true
best joint pain for over 65,/blog,uk,true
best joint pain for over 70,/blog,uk,true
best joint pain for seniors,/blog,uk,true
best joint pain gloves,/blog,uk,true
best joint pain grips,/blog,uk,true
best joint pain mattress,/blog,uk,true
best joint pain openers,/blog,uk,true
best joint pain pillows,/blog,uk,true
best joint pain relief,/blog,uk,true
best joint pain relief uk,/blog,uk,true
best joint pain remedy,/blog,uk,true
best joint pain remedy uk,/blog,uk,true
best joint pain shoes,/blog,uk,true
best joint pain solution,/blog,uk,true
best joint pain solution uk,/blog,uk,true
best joint pain treatment,/blog,uk,true
best joint pain treatment uk,/blog,uk,true
best joint pain uk,/blog,uk,true
best juvenile arthritis,/blog,uk,true
best juvenile arthritis uk,/blog,uk,true
best knee arthritis exercises,/blog,uk,true
best knee brace,/blog,uk,true
best knee exercises exercises,/blog,uk,true
best knee injury exercises,/blog,uk,true
best knee osteoarthritis,/blog,uk,true
best knee osteoarthritis uk,/blog,uk,true
best knee pain exercises,/blog,uk,true
best knee relief exercises,/blog,uk,true
best knee sleeve,/blog,uk,true
best knee strain exercises,/blog,uk,true
best knee stretches exercises,/blog,uk,true
best kyphosis,/blog,uk,true
best kyphosis relief,/blog,uk,true
best kyphosis relief uk,/blog,uk,true
best kyphosis remedy,/blog,uk,true
best kyphosis remedy uk,/blog,uk,true
best kyphosis solution,/blog,uk,true
best kyphosis solution uk,/blog,uk,true
best kyphosis treatment,/blog,uk,true
best kyphosis treatment uk,/blog,uk,true
best kyphosis uk,/blog,uk,true
best leaky gut,/blog,uk,true
best leaky gut uk,/blog,uk,true
best leucine,/blog,uk,true
best leucine uk,/blog,uk,true
best ligaments vs tendons,/blog,uk,true
best ligaments vs tendons uk,/blog,uk,true
best low impact exercises arthritis,/blog,uk,true
best low impact exercises back pain,/blog,uk,true
best low impact exercises joint pain,/blog,uk,true
best lower back pain,/blog,uk,true
best lower back pain relief,/blog,uk,true
best lower back pain relief uk,/blog,uk,true
best lower back pain remedy,/blog,uk,true
best lower back pain remedy uk,/blog,uk,true
best lower back pain solution,/blog,uk,true
best lower back pain solution uk,/blog,uk,true
best lower back pain treatment,/blog,uk,true
best lower back pain treatment uk,/blog,uk,true
best lower back pain uk,/blog,uk,true
best lumbar vertebrae,/blog,uk,true
best lumbar vertebrae uk,/blog,uk,true
best lupus,/blog,uk,true
best lupus uk,/blog,uk,true
best magnesium,/blog,uk,true
best magnesium relief,/blog,uk,true
best magnesium relief uk,/blog,uk,true
best magnesium remedy,/blog,uk,true
best magnesium remedy uk,/blog,uk,true
best magnesium solution,/blog,uk,true
best magnesium solution uk,/blog,uk,true
best magnesium treatment,/blog,uk,true
best magnesium treatment uk,/blog,uk,true
best magnesium uk,/blog,uk,true
best massage gun,/blog,uk,true
best mattress,/blog,uk,true
best mattress uk,/blog,uk,true
best mediterranean diet,/blog,uk,true
best mediterranean diet relief,/blog,uk,true
best mediterranean diet relief uk,/blog,uk,true
best mediterranean diet remedy,/blog,uk,true
best mediterranean diet remedy uk,/blog,uk,true
best mediterranean diet solution,/blog,uk,true
best mediterranean diet solution uk,/blog,uk,true
best mediterranean diet treatment,/blog,uk,true
best mediterranean diet treatment uk,/blog,uk,true
best mediterranean diet uk,/blog,uk,true
best meniscus tear,/blog,uk,true
best meniscus tear uk,/blog,uk,true
best menopause,/blog,uk,true
best menopause uk,/blog,uk,true
best metabolism,/blog,uk,true
best metabolism uk,/blog,uk,true
best methotrexate,/blog,uk,true
best methotrexate uk,/blog,uk,true
best mindfulness,/blog,uk,true
best mindfulness relief,/blog,uk,true
best mindfulness relief uk,/blog,uk,true
best mindfulness remedy,/blog,uk,true
best mindfulness remedy uk,/blog,uk,true
best mindfulness solution,/blog,uk,true
best mindfulness solution uk,/blog,uk,true
best mindfulness treatment,/blog,uk,true
best mindfulness treatment uk,/blog,uk,true
best mindfulness uk,/blog,uk,true
best msm,/blog,uk,true
best msm uk,/blog,uk,true
best muscle atrophy,/blog,uk,true
best muscle atrophy relief,/blog,uk,true
best muscle atrophy relief uk,/blog,uk,true
best muscle atrophy remedy,/blog,uk,true
best muscle atrophy remedy uk,/blog,uk,true
best muscle atrophy solution,/blog,uk,true
best muscle atrophy solution uk,/blog,uk,true
best muscle atrophy treatment,/blog,uk,true
best muscle atrophy treatment uk,/blog,uk,true
best muscle atrophy uk,/blog,uk,true
best muscle imbalance,/blog,uk,true
best muscle imbalance uk,/blog,uk,true
best myofascial release,/blog,uk,true
best myofascial release uk,/blog,uk,true
best neck arthritis exercises,/blog,uk,true
best neck exercises exercises,/blog,uk,true
best neck injury exercises,/blog,uk,true
best neck pain exercises,/blog,uk,true
best neck relief exercises,/blog,uk,true
best neck strain exercises,/blog,uk,true
best neck stretches exercises,/blog,uk,true
best nhs,/blog,uk,true
best nhs uk,/blog,uk,true
best nsaids,/blog,uk,true
best nutrition for older adults,/blog,uk,true
best nutrition for over 50,/blog,uk,true
best nutrition for over 60,/blog,uk,true
best nutrition for over 65,/blog,uk,true
best nutrition for over 70,/blog,uk,true
best nutrition for seniors,/blog,uk,true
best obesity,/blog,uk,true
best obesity relief,/blog,uk,true
best obesity relief uk,/blog,uk,true
best obesity remedy,/blog,uk,true
best obesity remedy uk,/blog,uk,true
best obesity solution,/blog,uk,true
best obesity solution uk,/blog,uk,true
best obesity treatment,/blog,uk,true
best obesity treatment uk,/blog,uk,true
best obesity uk,/blog,uk,true
best omega 3,/blog,uk,true
best omega 3 relief,/blog,uk,true
best omega 3 relief uk,/blog,uk,true
best omega 3 remedy,/blog,uk,true
best omega 3 remedy uk,/blog,uk,true
best omega 3 solution,/blog,uk,true
best omega 3 solution uk,/blog,uk,true
best omega 3 treatment,/blog,uk,true
best omega 3 treatment uk,/blog,uk,true
best omega 3 uk,/blog,uk,true
best online program arthritis management,/blog,uk,true
best osteoarthritis,/blog,uk,true
best osteoarthritis uk,/blog,uk,true
best osteoporosis,/blog,uk,true
best osteoporosis uk,/blog,uk,true
best pain relief braces,/blog,uk,true
best pain relief chair,/blog,uk,true
best pain relief gloves,/blog,uk,true
best pain relief grips,/blog,uk,true
best pain relief mattress,/blog,uk,true
best pain relief openers,/blog,uk,true
best pain relief pillows,/blog,uk,true
best pain relief shoes,/blog,uk,true
best painkillers,/blog,uk,true
best pilates exercises arthritis,/blog,uk,true
best pilates exercises back pain,/blog,uk,true
best pilates exercises joint pain,/blog,uk,true
best pip,/blog,uk,true
best pip uk,/blog,uk,true
best plantar fasciitis,/blog,uk,true
best plantar fasciitis uk,/blog,uk,true
best polymyalgia,/blog,uk,true
best polymyalgia uk,/blog,uk,true
best polyphenols,/blog,uk,true
best polyphenols uk,/blog,uk,true
best portion control,/blog,uk,true
best portion control uk,/blog,uk,true
best posture,/blog,uk,true
best posture for arthritis management,/blog,uk,true
best posture for inflammation,/blog,uk,true
best posture for joint health,/blog,uk,true
best posture uk,/blog,uk,true
best pregnancy,/blog,uk,true
best pregnancy uk,/blog,uk,true
best processed food,/blog,uk,true
best processed food uk,/blog,uk,true
best protein,/blog,uk,true
best protein relief,/blog,uk,true
best protein relief uk,/blog,uk,true
best protein remedy,/blog,uk,true
best protein remedy uk,/blog,uk,true
best protein solution,/blog,uk,true
best protein solution uk,/blog,uk,true
best protein treatment,/blog,uk,true
best protein treatment uk,/blog,uk,true
best protein uk,/blog,uk,true
best psoriatic arthritis,/blog,uk,true
best psoriatic arthritis uk,/blog,uk,true
best ra flare,/blog,uk,true
best ra flare uk,/blog,uk,true
best reactive arthritis,/blog,uk,true
best reactive arthritis uk,/blog,uk,true
best recovery for older adults,/blog,uk,true
best recovery for over 50,/blog,uk,true
best recovery for over 60,/blog,uk,true
best recovery for over 65,/blog,uk,true
best recovery for over 70,/blog,uk,true
best recovery for seniors,/blog,uk,true
best remission,/blog,uk,true
best remission uk,/blog,uk,true
best resistance training,/blog,uk,true
best resistance training relief,/blog,uk,true
best resistance training relief uk,/blog,uk,true
best resistance training remedy,/blog,uk,true
best resistance training remedy uk,/blog,uk,true
best resistance training solution,/blog,uk,true
best resistance training solution uk,/blog,uk,true
best resistance training treatment,/blog,uk,true
best resistance training treatment uk,/blog,uk,true
best resistance training uk,/blog,uk,true
best rheumatoid arthritis,/blog,uk,true
best rheumatoid arthritis uk,/blog,uk,true
best rotator cuff injury,/blog,uk,true
best rotator cuff injury uk,/blog,uk,true
best sacrum,/blog,uk,true
best sacrum uk,/blog,uk,true
best sarcopenia,/blog,uk,true
best sarcopenia relief,/blog,uk,true
best sarcopenia relief uk,/blog,uk,true
best sarcopenia remedy,/blog,uk,true
best sarcopenia remedy uk,/blog,uk,true
best sarcopenia solution,/blog,uk,true
best sarcopenia solution uk,/blog,uk,true
best sarcopenia treatment,/blog,uk,true
best sarcopenia treatment uk,/blog,uk,true
best sarcopenia uk,/blog,uk,true
best sciatica,/blog,uk,true
best sciatica relief,/blog,uk,true
best sciatica relief uk,/blog,uk,true
best sciatica remedy,/blog,uk,true
best sciatica remedy uk,/blog,uk,true
best sciatica solution,/blog,uk,true
best sciatica solution uk,/blog,uk,true
best sciatica treatment,/blog,uk,true
best sciatica treatment uk,/blog,uk,true
best sciatica uk,/blog,uk,true
best scoliosis,/blog,uk,true
best scoliosis uk,/blog,uk,true
best screen time,/blog,uk,true
best screen time uk,/blog,uk,true
best septic arthritis,/blog,uk,true
best septic arthritis uk,/blog,uk,true
best seronegative,/blog,uk,true
best seronegative uk,/blog,uk,true
best shoulder arthritis exercises,/blog,uk,true
best shoulder brace,/blog,uk,true
best shoulder exercises exercises,/blog,uk,true
best shoulder injury exercises,/blog,uk,true
best shoulder pain exercises,/blog,uk,true
best shoulder relief exercises,/blog,uk,true
best shoulder strain exercises,/blog,uk,true
best shoulder stretches exercises,/blog,uk,true
best skeletal system,/blog,uk,true
best skeletal system relief,/blog,uk,true
best skeletal system relief uk,/blog,uk,true
best skeletal system remedy,/blog,uk,true
best skeletal system remedy uk,/blog,uk,true
best skeletal system solution,/blog,uk,true
best skeletal system solution uk,/blog,uk,true
best skeletal system treatment,/blog,uk,true
best skeletal system treatment uk,/blog,uk,true
best skeletal system uk,/blog,uk,true
best sleep,/blog,uk,true
best sleep for arthritis management,/blog,uk,true
best sleep for inflammation,/blog,uk,true
best sleep for joint health,/blog,uk,true
best sleep relief,/blog,uk,true
best sleep relief uk,/blog,uk,true
best sleep remedy,/blog,uk,true
best sleep remedy uk,/blog,uk,true
best sleep solution,/blog,uk,true
best sleep solution uk,/blog,uk,true
best sleep treatment,/blog,uk,true
best sleep treatment uk,/blog,uk,true
best sleep uk,/blog,uk,true
best smartwatch arthritis management,/blog,uk,true
best spinal stenosis,/blog,uk,true
best spinal stenosis relief,/blog,uk,true
best spinal stenosis relief uk,/blog,uk,true
best spinal stenosis remedy,/blog,uk,true
best spinal stenosis remedy uk,/blog,uk,true
best spinal stenosis solution,/blog,uk,true
best spinal stenosis solution uk,/blog,uk,true
best spinal stenosis treatment,/blog,uk,true
best spinal stenosis treatment uk,/blog,uk,true
best spinal stenosis uk,/blog,uk,true
best spondylolisthesis,/blog,uk,true
best spondylolisthesis uk,/blog,uk,true
best sprain,/blog,uk,true
best sprain relief,/blog,uk,true
best sprain relief uk,/blog,uk,true
best sprain remedy,/blog,uk,true
best sprain remedy uk,/blog,uk,true
best sprain solution,/blog,uk,true
best sprain solution uk,/blog,uk,true
best sprain treatment,/blog,uk,true
best sprain treatment uk,/blog,uk,true
best sprain uk,/blog,uk,true
best steroids,/blog,uk,true
best strain,/blog,uk,true
best strain relief,/blog,uk,true
best strain relief uk,/blog,uk,true
best strain remedy,/blog,uk,true
best strain remedy uk,/blog,uk,true
best strain solution,/blog,uk,true
best strain solution uk,/blog,uk,true
best strain treatment,/blog,uk,true
best strain treatment uk,/blog,uk,true
best strain uk,/blog,uk,true
best strength training exercises arthritis,/blog,uk,true
best strength training exercises back pain,/blog,uk,true
best strength training exercises joint pain,/blog,uk,true
best stress for arthritis management,/blog,uk,true
best stress for inflammation,/blog,uk,true
best stress for joint health,/blog,uk,true
best stretching exercises arthritis,/blog,uk,true
best stretching exercises back pain,/blog,uk,true
best stretching exercises joint pain,/blog,uk,true
best sugar inflammation,/blog,uk,true
best sugar inflammation uk,/blog,uk,true
best swimming exercises arthritis,/blog,uk,true
best swimming exercises back pain,/blog,uk,true
best swimming exercises joint pain,/blog,uk,true
best synovial joint,/blog,uk,true
best synovial joint uk,/blog,uk,true
best tai chi,/blog,uk,true
best tai chi exercises arthritis,/blog,uk,true
best tai chi exercises back pain,/blog,uk,true
best tai chi exercises joint pain,/blog,uk,true
best tai chi uk,/blog,uk,true
best tendinopathy,/blog,uk,true
best tendinopathy relief,/blog,uk,true
best tendinopathy relief uk,/blog,uk,true
best tendinopathy remedy,/blog,uk,true
best tendinopathy remedy uk,/blog,uk,true
best tendinopathy solution,/blog,uk,true
best tendinopathy solution uk,/blog,uk,true
best tendinopathy treatment,/blog,uk,true
best tendinopathy treatment uk,/blog,uk,true
best tendinopathy uk,/blog,uk,true
best tennis elbow,/blog,uk,true
best tennis elbow uk,/blog,uk,true
best tens machine,/blog,uk,true
best thoracic vertebrae,/blog,uk,true
best thoracic vertebrae relief,/blog,uk,true
best thoracic vertebrae relief uk,/blog,uk,true
best thoracic vertebrae remedy,/blog,uk,true
best thoracic vertebrae remedy uk,/blog,uk,true
best thoracic vertebrae solution,/blog,uk,true
best thoracic vertebrae solution uk,/blog,uk,true
best thoracic vertebrae treatment,/blog,uk,true
best thoracic vertebrae treatment uk,/blog,uk,true
best thoracic vertebrae uk,/blog,uk,true
best travel,/blog,uk,true
best travel uk,/blog,uk,true
best turmeric,/blog,uk,true
best turmeric relief,/blog,uk,true
best turmeric relief uk,/blog,uk,true
best turmeric remedy,/blog,uk,true
best turmeric remedy uk,/blog,uk,true
best turmeric solution,/blog,uk,true
best turmeric solution uk,/blog,uk,true
best turmeric treatment,/blog,uk,true
best turmeric treatment uk,/blog,uk,true
best turmeric uk,/blog,uk,true
best vagus nerve,/blog,uk,true
best vagus nerve uk,/blog,uk,true
best vertebral disc anatomy,/blog,uk,true
best vertebral disc anatomy uk,/blog,uk,true
best virtual arthritis management,/blog,uk,true
best visceral fat,/blog,uk,true
best visceral fat uk,/blog,uk,true
best vitamin d,/blog,uk,true
best vitamin d relief,/blog,uk,true
best vitamin d relief uk,/blog,uk,true
best vitamin d remedy,/blog,uk,true
best vitamin d remedy uk,/blog,uk,true
best vitamin d solution,/blog,uk,true
best vitamin d solution uk,/blog,uk,true
best vitamin d treatment,/blog,uk,true
best vitamin d treatment uk,/blog,uk,true
best vitamin d uk,/blog,uk,true
best vitamin k2,/blog,uk,true
best vitamin k2 uk,/blog,uk,true
best walking exercises arthritis,/blog,uk,true
best walking exercises back pain,/blog,uk,true
best walking exercises joint pain,/blog,uk,true
best wearable arthritis management,/blog,uk,true
best weight for arthritis management,/blog,uk,true
best weight for inflammation,/blog,uk,true
best weight for joint health,/blog,uk,true
best weight loss,/blog,uk,true
best weight loss relief,/blog,uk,true
best weight loss relief uk,/blog,uk,true
best weight loss remedy,/blog,uk,true
best weight loss remedy uk,/blog,uk,true
best weight loss solution,/blog,uk,true
best weight loss solution uk,/blog,uk,true
best weight loss treatment,/blog,uk,true
best weight loss treatment uk,/blog,uk,true
best weight loss uk,/blog,uk,true
best work,/blog,uk,true
best work uk,/blog,uk,true
best wrist arthritis exercises,/blog,uk,true
best wrist exercises exercises,/blog,uk,true
best wrist injury exercises,/blog,uk,true
best wrist pain exercises,/blog,uk,true
best wrist relief exercises,/blog,uk,true
best wrist strain exercises,/blog,uk,true
best wrist stretches exercises,/blog,uk,true
best wrist support,/blog,uk,true
best yoga,/blog,uk,true
best yoga exercises arthritis,/blog,uk,true
best yoga exercises back pain,/blog,uk,true
best yoga exercises joint pain,/blog,uk,true
best yoga uk,/blog,uk,true
best zinc,/blog,uk,true
best zinc uk,/blog,uk,true
biologic dmards,/blog,uk,true
biologic dmards 2026,/blog,uk,true
biologic dmards advanced,/blog,uk,true
biologic dmards alternative,/blog,uk,true
biologic dmards at home,/blog,uk,true
biologic dmards beginner,/blog,uk,true
biologic dmards clinic,/blog,uk,true
biologic dmards diet,/blog,uk,true
biologic dmards easy,/blog,uk,true
biologic dmards effective,/blog,uk,true
biologic dmards exercises,/blog,uk,true
biologic dmards fast,/blog,uk,true
biologic dmards for adults,/blog,uk,true
biologic dmards for beginners,/blog,uk,true
biologic dmards for men,/blog,uk,true
biologic dmards for seniors,/blog,uk,true
biologic dmards for women,/blog,uk,true
biologic dmards free,/blog,uk,true
biologic dmards gentle,/blog,uk,true
biologic dmards guide,/blog,uk,true
biologic dmards help,/blog,uk,true
biologic dmards help uk,/blog,uk,true
biologic dmards home remedies,/blog,uk,true
biologic dmards hospital,/blog,uk,true
biologic dmards latest,/blog,uk,true
biologic dmards low cost,/blog,uk,true
biologic dmards management,/blog,uk,true
biologic dmards medicine,/blog,uk,true
biologic dmards natural,/blog,uk,true
biologic dmards near me,/blog,uk,true
biologic dmards new,/blog,uk,true
biologic dmards nhs,/blog,uk,true
biologic dmards nhs waiting list,/blog,uk,true
biologic dmards over 50,/blog,uk,true
biologic dmards over 60,/blog,uk,true
biologic dmards over 70,/blog,uk,true
biologic dmards prevention,/blog,uk,true
biologic dmards private,/blog,uk,true
biologic dmards proven,/blog,uk,true
biologic dmards quick,/blog,uk,true
biologic dmards relief,/blog,uk,true
biologic dmards safe,/blog,uk,true
biologic dmards simple,/blog,uk,true
biologic dmards supplement,/blog,uk,true
biologic dmards symptoms,/blog,uk,true
biologic dmards therapy,/blog,uk,true
biologic dmards tips,/blog,uk,true
biologic dmards treatment,/blog,uk,true
biologic dmards uk,/blog,uk,true
biologics alternatives,/blog,uk,true
biologics arthritis,/blog,uk,true
biologics effectiveness,/blog,uk,true
biologics side effects,/blog,uk,true
biologics uk cost,/blog,uk,true
birmingham arthritis support,/blog,uk,true
birmingham joint pain clinic,/blog,uk,true
birmingham rheumatology,/blog,uk,true
blood test arthritis,/blog,uk,true
blue badge,/blog,uk,true
blue badge 2026,/blog,uk,true
blue badge advanced,/blog,uk,true
blue badge alternative,/blog,uk,true
blue badge at home,/blog,uk,true
blue badge beginner,/blog,uk,true
blue badge clinic,/blog,uk,true
blue badge diet,/blog,uk,true
blue badge easy,/blog,uk,true
blue badge effective,/blog,uk,true
blue badge exercises,/blog,uk,true
blue badge fast,/blog,uk,true
blue badge for adults,/blog,uk,true
blue badge for beginners,/blog,uk,true
blue badge for men,/blog,uk,true
blue badge for seniors,/blog,uk,true
blue badge for women,/blog,uk,true
blue badge free,/blog,uk,true
blue badge gentle,/blog,uk,true
blue badge guide,/blog,uk,true
blue badge help,/blog,uk,true
blue badge home remedies,/blog,uk,true
blue badge hospital,/blog,uk,true
blue badge latest,/blog,uk,true
blue badge low cost,/blog,uk,true
blue badge medicine,/blog,uk,true
blue badge natural,/blog,uk,true
blue badge near me,/blog,uk,true
blue badge new,/blog,uk,true
blue badge nhs,/blog,uk,true
blue badge nhs waiting list,/blog,uk,true
blue badge over 50,/blog,uk,true
blue badge over 60,/blog,uk,true
blue badge over 70,/blog,uk,true
blue badge prevention,/blog,uk,true
blue badge private,/blog,uk,true
blue badge proven,/blog,uk,true
blue badge quick,/blog,uk,true
blue badge relief,/blog,uk,true
blue badge safe,/blog,uk,true
blue badge simple,/blog,uk,true
blue badge supplement,/blog,uk,true
blue badge symptoms,/blog,uk,true
blue badge therapy,/blog,uk,true
blue badge tips,/blog,uk,true
blue badge treatment,/blog,uk,true
blue badge uk,/blog,uk,true
bmi,/blog,uk,true
bmi 2026,/blog,uk,true
bmi advanced,/blog,uk,true
bmi alternative,/blog,uk,true
bmi at home,/blog,uk,true
bmi beginner,/blog,uk,true
bmi clinic,/blog,uk,true
bmi diet,/blog,uk,true
bmi easy,/blog,uk,true
bmi effective,/blog,uk,true
bmi exercises,/blog,uk,true
bmi fast,/blog,uk,true
bmi for adults,/blog,uk,true
bmi for beginners,/blog,uk,true
bmi for men,/blog,uk,true
bmi for seniors,/blog,uk,true
bmi for women,/blog,uk,true
bmi free,/blog,uk,true
bmi gentle,/blog,uk,true
bmi guide,/blog,uk,true
bmi help,/blog,uk,true
bmi help uk,/blog,uk,true
bmi home remedies,/blog,uk,true
bmi hospital,/blog,uk,true
bmi latest,/blog,uk,true
bmi low cost,/blog,uk,true
bmi management,/blog,uk,true
bmi medicine,/blog,uk,true
bmi natural,/blog,uk,true
bmi near me,/blog,uk,true
bmi new,/blog,uk,true
bmi nhs,/blog,uk,true
bmi nhs waiting list,/blog,uk,true
bmi over 50,/blog,uk,true
bmi over 60,/blog,uk,true
bmi over 70,/blog,uk,true
bmi prevention,/blog,uk,true
bmi private,/blog,uk,true
bmi proven,/blog,uk,true
bmi quick,/blog,uk,true
bmi relief,/blog,uk,true
bmi safe,/blog,uk,true
bmi simple,/blog,uk,true
bmi supplement,/blog,uk,true
bmi symptoms,/blog,uk,true
bmi therapy,/blog,uk,true
bmi tips,/blog,uk,true
bmi treatment,/blog,uk,true
bmi uk,/blog,uk,true
bone marrow function,/blog,uk,true
bone marrow function 2026,/blog,uk,true
bone marrow function advanced,/blog,uk,true
bone marrow function alternative,/blog,uk,true
bone marrow function at home,/blog,uk,true
bone marrow function beginner,/blog,uk,true
bone marrow function clinic,/blog,uk,true
bone marrow function diet,/blog,uk,true
bone marrow function easy,/blog,uk,true
bone marrow function effective,/blog,uk,true
bone marrow function exercises,/blog,uk,true
bone marrow function fast,/blog,uk,true
bone marrow function for adults,/blog,uk,true
bone marrow function for beginners,/blog,uk,true
bone marrow function for men,/blog,uk,true
bone marrow function for seniors,/blog,uk,true
bone marrow function for women,/blog,uk,true
bone marrow function free,/blog,uk,true
bone marrow function gentle,/blog,uk,true
bone marrow function guide,/blog,uk,true
bone marrow function help,/blog,uk,true
bone marrow function home remedies,/blog,uk,true
bone marrow function hospital,/blog,uk,true
bone marrow function latest,/blog,uk,true
bone marrow function low cost,/blog,uk,true
bone marrow function medicine,/blog,uk,true
bone marrow function natural,/blog,uk,true
bone marrow function near me,/blog,uk,true
bone marrow function new,/blog,uk,true
bone marrow function nhs,/blog,uk,true
bone marrow function nhs waiting list,/blog,uk,true
bone marrow function over 50,/blog,uk,true
bone marrow function over 60,/blog,uk,true
bone marrow function over 70,/blog,uk,true
bone marrow function prevention,/blog,uk,true
bone marrow function private,/blog,uk,true
bone marrow function proven,/blog,uk,true
bone marrow function quick,/blog,uk,true
bone marrow function relief,/blog,uk,true
bone marrow function safe,/blog,uk,true
bone marrow function simple,/blog,uk,true
bone marrow function supplement,/blog,uk,true
bone marrow function symptoms,/blog,uk,true
bone marrow function therapy,/blog,uk,true
bone marrow function tips,/blog,uk,true
bone marrow function treatment,/blog,uk,true
bone marrow function uk,/blog,uk,true
boswellia,/blog,uk,true
boswellia 2026,/blog,uk,true
boswellia advanced,/blog,uk,true
boswellia alternative,/blog,uk,true
boswellia at home,/blog,uk,true
boswellia beginner,/blog,uk,true
boswellia clinic,/blog,uk,true
boswellia diet,/blog,uk,true
boswellia easy,/blog,uk,true
boswellia effective,/blog,uk,true
boswellia exercises,/blog,uk,true
boswellia fast,/blog,uk,true
boswellia for adults,/blog,uk,true
boswellia for beginners,/blog,uk,true
boswellia for men,/blog,uk,true
boswellia for seniors,/blog,uk,true
boswellia for women,/blog,uk,true
boswellia free,/blog,uk,true
boswellia gentle,/blog,uk,true
boswellia guide,/blog,uk,true
boswellia help,/blog,uk,true
boswellia home remedies,/blog,uk,true
boswellia hospital,/blog,uk,true
boswellia latest,/blog,uk,true
boswellia low cost,/blog,uk,true
boswellia medicine,/blog,uk,true
boswellia natural,/blog,uk,true
boswellia near me,/blog,uk,true
boswellia new,/blog,uk,true
boswellia nhs,/blog,uk,true
boswellia nhs waiting list,/blog,uk,true
boswellia over 50,/blog,uk,true
boswellia over 60,/blog,uk,true
boswellia over 70,/blog,uk,true
boswellia prevention,/blog,uk,true
boswellia private,/blog,uk,true
boswellia proven,/blog,uk,true
boswellia quick,/blog,uk,true
boswellia relief,/blog,uk,true
boswellia safe,/blog,uk,true
boswellia simple,/blog,uk,true
boswellia supplement,/blog,uk,true
boswellia symptoms,/blog,uk,true
boswellia therapy,/blog,uk,true
boswellia tips,/blog,uk,true
boswellia treatment,/blog,uk,true
boswellia uk,/blog,uk,true
brand name of joint pain,/blog,uk,true
brand name of osteoarthritis,/blog,uk,true
brand name of rheumatoid arthritis,/blog,uk,true
breastfeeding arthritis medication,/blog,uk,true
breathwork,/blog,uk,true
breathwork 2026,/blog,uk,true
breathwork advanced,/blog,uk,true
breathwork alternative,/blog,uk,true
breathwork at home,/blog,uk,true
breathwork beginner,/blog,uk,true
breathwork clinic,/blog,uk,true
breathwork diet,/blog,uk,true
breathwork easy,/blog,uk,true
breathwork effective,/blog,uk,true
breathwork exercises,/blog,uk,true
breathwork fast,/blog,uk,true
breathwork for adults,/blog,uk,true
breathwork for beginners,/blog,uk,true
breathwork for men,/blog,uk,true
breathwork for seniors,/blog,uk,true
breathwork for women,/blog,uk,true
breathwork free,/blog,uk,true
breathwork gentle,/blog,uk,true
breathwork guide,/blog,uk,true
breathwork help,/blog,uk,true
breathwork home remedies,/blog,uk,true
breathwork hospital,/blog,uk,true
breathwork latest,/blog,uk,true
breathwork low cost,/blog,uk,true
breathwork medicine,/blog,uk,true
breathwork natural,/blog,uk,true
breathwork near me,/blog,uk,true
breathwork new,/blog,uk,true
breathwork nhs,/blog,uk,true
breathwork nhs waiting list,/blog,uk,true
breathwork over 50,/blog,uk,true
breathwork over 60,/blog,uk,true
breathwork over 70,/blog,uk,true
breathwork prevention,/blog,uk,true
breathwork private,/blog,uk,true
breathwork proven,/blog,uk,true
breathwork quick,/blog,uk,true
breathwork relief,/blog,uk,true
breathwork safe,/blog,uk,true
breathwork simple,/blog,uk,true
breathwork supplement,/blog,uk,true
breathwork symptoms,/blog,uk,true
breathwork therapy,/blog,uk,true
breathwork tips,/blog,uk,true
breathwork treatment,/blog,uk,true
breathwork uk,/blog,uk,true
bristol arthritis support,/blog,uk,true
bristol joint pain clinic,/blog,uk,true
bristol rheumatology,/blog,uk,true
budget-friendly arthritis treatment,/blog,uk,true
budget-friendly joint pain relief,/blog,uk,true
bursitis,/blog,uk,true
bursitis 2026,/blog,uk,true
bursitis advanced,/blog,uk,true
bursitis alternative,/blog,uk,true
bursitis at home,/blog,uk,true
bursitis beginner,/blog,uk,true
bursitis clinic,/blog,uk,true
bursitis diet,/blog,uk,true
bursitis easy,/blog,uk,true
bursitis effective,/blog,uk,true
bursitis exercises,/blog,uk,true
bursitis fast,/blog,uk,true
bursitis for adults,/blog,uk,true
bursitis for beginners,/blog,uk,true
bursitis for men,/blog,uk,true
bursitis for seniors,/blog,uk,true
bursitis for women,/blog,uk,true
bursitis free,/blog,uk,true
bursitis gentle,/blog,uk,true
bursitis guide,/blog,uk,true
bursitis help,/blog,uk,true
bursitis home remedies,/blog,uk,true
bursitis hospital,/blog,uk,true
bursitis latest,/blog,uk,true
bursitis low cost,/blog,uk,true
bursitis medicine,/blog,uk,true
bursitis natural,/blog,uk,true
bursitis near me,/blog,uk,true
bursitis new,/blog,uk,true
bursitis nhs,/blog,uk,true
bursitis nhs waiting list,/blog,uk,true
bursitis over 50,/blog,uk,true
bursitis over 60,/blog,uk,true
bursitis over 70,/blog,uk,true
bursitis prevention,/blog,uk,true
bursitis private,/blog,uk,true
bursitis proven,/blog,uk,true
bursitis quick,/blog,uk,true
bursitis relief,/blog,uk,true
bursitis safe,/blog,uk,true
bursitis simple,/blog,uk,true
bursitis supplement,/blog,uk,true
bursitis symptoms,/blog,uk,true
bursitis therapy,/blog,uk,true
bursitis tips,/blog,uk,true
bursitis treatment,/blog,uk,true
bursitis uk,/blog,uk,true
calcium,/blog,uk,true
calcium 2026,/blog,uk,true
calcium advanced,/blog,uk,true
calcium alternative,/blog,uk,true
calcium at home,/blog,uk,true
calcium beginner,/blog,uk,true
calcium clinic,/blog,uk,true
calcium diet,/blog,uk,true
calcium easy,/blog,uk,true
calcium effective,/blog,uk,true
calcium exercises,/blog,uk,true
calcium fast,/blog,uk,true
calcium for adults,/blog,uk,true
calcium for beginners,/blog,uk,true
calcium for men,/blog,uk,true
calcium for seniors,/blog,uk,true
calcium for women,/blog,uk,true
calcium free,/blog,uk,true
calcium gentle,/blog,uk,true
calcium guide,/blog,uk,true
calcium help,/blog,uk,true
calcium home remedies,/blog,uk,true
calcium hospital,/blog,uk,true
calcium latest,/blog,uk,true
calcium low cost,/blog,uk,true
calcium medicine,/blog,uk,true
calcium natural,/blog,uk,true
calcium near me,/blog,uk,true
calcium new,/blog,uk,true
calcium nhs,/blog,uk,true
calcium nhs waiting list,/blog,uk,true
calcium over 50,/blog,uk,true
calcium over 60,/blog,uk,true
calcium over 70,/blog,uk,true
calcium prevention,/blog,uk,true
calcium private,/blog,uk,true
calcium proven,/blog,uk,true
calcium quick,/blog,uk,true
calcium relief,/blog,uk,true
calcium safe,/blog,uk,true
calcium simple,/blog,uk,true
calcium supplement,/blog,uk,true
calcium symptoms,/blog,uk,true
calcium therapy,/blog,uk,true
calcium tips,/blog,uk,true
calcium treatment,/blog,uk,true
calcium uk,/blog,uk,true
calorie deficit,/blog,uk,true
calorie deficit 2026,/blog,uk,true
calorie deficit advanced,/blog,uk,true
calorie deficit alternative,/blog,uk,true
calorie deficit at home,/blog,uk,true
calorie deficit beginner,/blog,uk,true
calorie deficit clinic,/blog,uk,true
calorie deficit diet,/blog,uk,true
calorie deficit easy,/blog,uk,true
calorie deficit effective,/blog,uk,true
calorie deficit exercises,/blog,uk,true
calorie deficit fast,/blog,uk,true
calorie deficit for adults,/blog,uk,true
calorie deficit for beginners,/blog,uk,true
calorie deficit for men,/blog,uk,true
calorie deficit for seniors,/blog,uk,true
calorie deficit for women,/blog,uk,true
calorie deficit free,/blog,uk,true
calorie deficit gentle,/blog,uk,true
calorie deficit guide,/blog,uk,true
calorie deficit help,/blog,uk,true
calorie deficit home remedies,/blog,uk,true
calorie deficit hospital,/blog,uk,true
calorie deficit latest,/blog,uk,true
calorie deficit low cost,/blog,uk,true
calorie deficit medicine,/blog,uk,true
calorie deficit natural,/blog,uk,true
calorie deficit near me,/blog,uk,true
calorie deficit new,/blog,uk,true
calorie deficit nhs,/blog,uk,true
calorie deficit nhs waiting list,/blog,uk,true
calorie deficit over 50,/blog,uk,true
calorie deficit over 60,/blog,uk,true
calorie deficit over 70,/blog,uk,true
calorie deficit prevention,/blog,uk,true
calorie deficit private,/blog,uk,true
calorie deficit proven,/blog,uk,true
calorie deficit quick,/blog,uk,true
calorie deficit relief,/blog,uk,true
calorie deficit safe,/blog,uk,true
calorie deficit simple,/blog,uk,true
calorie deficit supplement,/blog,uk,true
calorie deficit symptoms,/blog,uk,true
calorie deficit therapy,/blog,uk,true
calorie deficit tips,/blog,uk,true
calorie deficit treatment,/blog,uk,true
calorie deficit uk,/blog,uk,true
can i DOMS,/blog,uk,true
can i DOMS uk,/blog,uk,true
can i ankylosing spondylitis,/blog,uk,true
can i ankylosing spondylitis uk,/blog,uk,true
can i anti inflammatory smoothie,/blog,uk,true
can i anti inflammatory smoothie uk,/blog,uk,true
can i anti-inflammatory diet,/blog,uk,true
can i anti-inflammatory diet uk,/blog,uk,true
can i appendicular skeleton,/blog,uk,true
can i appendicular skeleton uk,/blog,uk,true
can i arthritis,/blog,uk,true
can i arthritis aids,/blog,uk,true
can i arthritis aids uk,/blog,uk,true
can i arthritis uk,/blog,uk,true
can i axial skeleton,/blog,uk,true
can i axial skeleton uk,/blog,uk,true
can i balance training,/blog,uk,true
can i balance training uk,/blog,uk,true
can i beetroot,/blog,uk,true
can i beetroot uk,/blog,uk,true
can i biologic dmards,/blog,uk,true
can i biologic dmards uk,/blog,uk,true
can i blue badge,/blog,uk,true
can i blue badge uk,/blog,uk,true
can i bmi,/blog,uk,true
can i bmi uk,/blog,uk,true
can i bone marrow function,/blog,uk,true
can i bone marrow function uk,/blog,uk,true
can i boswellia,/blog,uk,true
can i boswellia uk,/blog,uk,true
can i breathwork,/blog,uk,true
can i breathwork uk,/blog,uk,true
can i bursitis,/blog,uk,true
can i bursitis uk,/blog,uk,true
can i calcium,/blog,uk,true
can i calcium uk,/blog,uk,true
can i calorie deficit,/blog,uk,true
can i calorie deficit uk,/blog,uk,true
can i carer support,/blog,uk,true
can i carer support uk,/blog,uk,true
can i carpal tunnel,/blog,uk,true
can i carpal tunnel uk,/blog,uk,true
can i cartilage anatomy,/blog,uk,true
can i cartilage anatomy uk,/blog,uk,true
can i cervical vertebrae,/blog,uk,true
can i cervical vertebrae uk,/blog,uk,true
can i chondroitin,/blog,uk,true
can i chondroitin uk,/blog,uk,true
can i circadian rhythm,/blog,uk,true
can i circadian rhythm uk,/blog,uk,true
can i clinical frailty scale,/blog,uk,true
can i clinical frailty scale uk,/blog,uk,true
can i coccyx,/blog,uk,true
can i coccyx uk,/blog,uk,true
can i collagen,/blog,uk,true
can i collagen uk,/blog,uk,true
can i cooking,/blog,uk,true
can i cooking uk,/blog,uk,true
can i core strength,/blog,uk,true
can i core strength uk,/blog,uk,true
can i cortisol,/blog,uk,true
can i cortisol uk,/blog,uk,true
can i diet,/blog,uk,true
can i diet uk,/blog,uk,true
can i disability benefits,/blog,uk,true
can i disability benefits uk,/blog,uk,true
can i dislocation,/blog,uk,true
can i dislocation uk,/blog,uk,true
can i dressing,/blog,uk,true
can i dressing uk,/blog,uk,true
can i driving,/blog,uk,true
can i driving uk,/blog,uk,true
can i early ra,/blog,uk,true
can i early ra uk,/blog,uk,true
can i facet joint syndrome,/blog,uk,true
can i facet joint syndrome uk,/blog,uk,true
can i falls prevention,/blog,uk,true
can i falls prevention uk,/blog,uk,true
can i fascia anatomy,/blog,uk,true
can i fascia anatomy uk,/blog,uk,true
can i fatigue,/blog,uk,true
can i fatigue uk,/blog,uk,true
can i fear of falling,/blog,uk,true
can i fear of falling uk,/blog,uk,true
can i fibromyalgia,/blog,uk,true
can i fibromyalgia uk,/blog,uk,true
can i fish oil,/blog,uk,true
can i fish oil uk,/blog,uk,true
can i flare up,/blog,uk,true
can i flare up uk,/blog,uk,true
can i frailty,/blog,uk,true
can i frailty uk,/blog,uk,true
can i frozen shoulder,/blog,uk,true
can i frozen shoulder uk,/blog,uk,true
can i geriatric assessment,/blog,uk,true
can i geriatric assessment uk,/blog,uk,true
can i ginger,/blog,uk,true
can i ginger uk,/blog,uk,true
can i gloves,/blog,uk,true
can i gloves uk,/blog,uk,true
can i glucosamine,/blog,uk,true
can i glucosamine uk,/blog,uk,true
can i gout,/blog,uk,true
can i gout uk,/blog,uk,true
can i grading,/blog,uk,true
can i grading uk,/blog,uk,true
can i grip strength,/blog,uk,true
can i grip strength uk,/blog,uk,true
can i hand osteoarthritis,/blog,uk,true
can i hand osteoarthritis uk,/blog,uk,true
can i herniated disc,/blog,uk,true
can i herniated disc uk,/blog,uk,true
can i hip osteoarthritis,/blog,uk,true
can i hip osteoarthritis uk,/blog,uk,true
can i home hazards,/blog,uk,true
can i home hazards uk,/blog,uk,true
can i intermittent fasting,/blog,uk,true
can i intermittent fasting uk,/blog,uk,true
can i joint capsule,/blog,uk,true
can i joint capsule uk,/blog,uk,true
can i joint pain,/blog,uk,true
can i joint pain foods,/blog,uk,true
can i joint pain foods uk,/blog,uk,true
can i joint pain uk,/blog,uk,true
can i juvenile arthritis,/blog,uk,true
can i juvenile arthritis uk,/blog,uk,true
can i knee osteoarthritis,/blog,uk,true
can i knee osteoarthritis uk,/blog,uk,true
can i kyphosis,/blog,uk,true
can i kyphosis uk,/blog,uk,true
can i leaky gut,/blog,uk,true
can i leaky gut uk,/blog,uk,true
can i leucine,/blog,uk,true
can i leucine uk,/blog,uk,true
can i ligaments vs tendons,/blog,uk,true
can i ligaments vs tendons uk,/blog,uk,true
can i lower back pain,/blog,uk,true
can i lower back pain uk,/blog,uk,true
can i lumbar vertebrae,/blog,uk,true
can i lumbar vertebrae uk,/blog,uk,true
can i lupus,/blog,uk,true
can i lupus uk,/blog,uk,true
can i magnesium,/blog,uk,true
can i magnesium uk,/blog,uk,true
can i mattress,/blog,uk,true
can i mattress uk,/blog,uk,true
can i mediterranean diet,/blog,uk,true
can i mediterranean diet uk,/blog,uk,true
can i meniscus tear,/blog,uk,true
can i meniscus tear uk,/blog,uk,true
can i menopause,/blog,uk,true
can i menopause uk,/blog,uk,true
can i metabolism,/blog,uk,true
can i metabolism uk,/blog,uk,true
can i methotrexate,/blog,uk,true
can i methotrexate uk,/blog,uk,true
can i mindfulness,/blog,uk,true
can i mindfulness uk,/blog,uk,true
can i msm,/blog,uk,true
can i msm uk,/blog,uk,true
can i muscle atrophy,/blog,uk,true
can i muscle atrophy uk,/blog,uk,true
can i muscle imbalance,/blog,uk,true
can i muscle imbalance uk,/blog,uk,true
can i myofascial release,/blog,uk,true
can i myofascial release uk,/blog,uk,true
can i nhs,/blog,uk,true
can i nhs uk,/blog,uk,true
can i obesity,/blog,uk,true
can i obesity uk,/blog,uk,true
can i omega 3,/blog,uk,true
can i omega 3 uk,/blog,uk,true
can i osteoarthritis,/blog,uk,true
can i osteoarthritis uk,/blog,uk,true
can i osteoporosis,/blog,uk,true
can i osteoporosis uk,/blog,uk,true
can i pip,/blog,uk,true
can i pip uk,/blog,uk,true
can i plantar fasciitis,/blog,uk,true
can i plantar fasciitis uk,/blog,uk,true
can i polymyalgia,/blog,uk,true
can i polymyalgia uk,/blog,uk,true
can i polyphenols,/blog,uk,true
can i polyphenols uk,/blog,uk,true
can i portion control,/blog,uk,true
can i portion control uk,/blog,uk,true
can i posture,/blog,uk,true
can i posture uk,/blog,uk,true
can i pregnancy,/blog,uk,true
can i pregnancy uk,/blog,uk,true
can i processed food,/blog,uk,true
can i processed food uk,/blog,uk,true
can i protein,/blog,uk,true
can i protein uk,/blog,uk,true
can i psoriatic arthritis,/blog,uk,true
can i psoriatic arthritis uk,/blog,uk,true
can i ra flare,/blog,uk,true
can i ra flare uk,/blog,uk,true
can i reactive arthritis,/blog,uk,true
can i reactive arthritis uk,/blog,uk,true
can i remission,/blog,uk,true
can i remission uk,/blog,uk,true
can i resistance training,/blog,uk,true
can i resistance training uk,/blog,uk,true
can i rheumatoid arthritis,/blog,uk,true
can i rheumatoid arthritis uk,/blog,uk,true
can i rotator cuff injury,/blog,uk,true
can i rotator cuff injury uk,/blog,uk,true
can i sacrum,/blog,uk,true
can i sacrum uk,/blog,uk,true
can i sarcopenia,/blog,uk,true
can i sarcopenia uk,/blog,uk,true
can i sciatica,/blog,uk,true
can i sciatica uk,/blog,uk,true
can i scoliosis,/blog,uk,true
can i scoliosis uk,/blog,uk,true
can i screen time,/blog,uk,true
can i screen time uk,/blog,uk,true
can i septic arthritis,/blog,uk,true
can i septic arthritis uk,/blog,uk,true
can i seronegative,/blog,uk,true
can i seronegative uk,/blog,uk,true
can i skeletal system,/blog,uk,true
can i skeletal system uk,/blog,uk,true
can i sleep,/blog,uk,true
can i sleep uk,/blog,uk,true
can i spinal stenosis,/blog,uk,true
can i spinal stenosis uk,/blog,uk,true
can i spondylolisthesis,/blog,uk,true
can i spondylolisthesis uk,/blog,uk,true
can i sprain,/blog,uk,true
can i sprain uk,/blog,uk,true
can i strain,/blog,uk,true
can i strain uk,/blog,uk,true
can i sugar inflammation,/blog,uk,true
can i sugar inflammation uk,/blog,uk,true
can i synovial joint,/blog,uk,true
can i synovial joint uk,/blog,uk,true
can i tai chi,/blog,uk,true
can i tai chi uk,/blog,uk,true
can i tendinopathy,/blog,uk,true
can i tendinopathy uk,/blog,uk,true
can i tennis elbow,/blog,uk,true
can i tennis elbow uk,/blog,uk,true
can i thoracic vertebrae,/blog,uk,true
can i thoracic vertebrae uk,/blog,uk,true
can i travel,/blog,uk,true
can i travel uk,/blog,uk,true
can i turmeric,/blog,uk,true
can i turmeric uk,/blog,uk,true
can i vagus nerve,/blog,uk,true
can i vagus nerve uk,/blog,uk,true
can i vertebral disc anatomy,/blog,uk,true
can i vertebral disc anatomy uk,/blog,uk,true
can i visceral fat,/blog,uk,true
can i visceral fat uk,/blog,uk,true
can i vitamin d,/blog,uk,true
can i vitamin d uk,/blog,uk,true
can i vitamin k2,/blog,uk,true
can i vitamin k2 uk,/blog,uk,true
can i weight loss,/blog,uk,true
can i weight loss uk,/blog,uk,true
can i work,/blog,uk,true
can i work uk,/blog,uk,true
can i yoga,/blog,uk,true
can i yoga uk,/blog,uk,true
can i zinc,/blog,uk,true
can i zinc uk,/blog,uk,true
can you DOMS,/blog,uk,true
can you DOMS uk,/blog,uk,true
can you ankylosing spondylitis,/blog,uk,true
can you ankylosing spondylitis uk,/blog,uk,true
can you anti inflammatory smoothie,/blog,uk,true
can you anti inflammatory smoothie uk,/blog,uk,true
can you anti-inflammatory diet,/blog,uk,true
can you anti-inflammatory diet uk,/blog,uk,true
can you appendicular skeleton,/blog,uk,true
can you appendicular skeleton uk,/blog,uk,true
can you arthritis,/blog,uk,true
can you arthritis aids,/blog,uk,true
can you arthritis aids uk,/blog,uk,true
can you arthritis uk,/blog,uk,true
can you axial skeleton,/blog,uk,true
can you axial skeleton uk,/blog,uk,true
can you balance training,/blog,uk,true
can you balance training uk,/blog,uk,true
can you beetroot,/blog,uk,true
can you beetroot uk,/blog,uk,true
can you biologic dmards,/blog,uk,true
can you biologic dmards uk,/blog,uk,true
can you blue badge,/blog,uk,true
can you blue badge uk,/blog,uk,true
can you bmi,/blog,uk,true
can you bmi uk,/blog,uk,true
can you bone marrow function,/blog,uk,true
can you bone marrow function uk,/blog,uk,true
can you boswellia,/blog,uk,true
can you boswellia uk,/blog,uk,true
can you breathwork,/blog,uk,true
can you breathwork uk,/blog,uk,true
can you bursitis,/blog,uk,true
can you bursitis uk,/blog,uk,true
can you calcium,/blog,uk,true
can you calcium uk,/blog,uk,true
can you calorie deficit,/blog,uk,true
can you calorie deficit uk,/blog,uk,true
can you carer support,/blog,uk,true
can you carer support uk,/blog,uk,true
can you carpal tunnel,/blog,uk,true
can you carpal tunnel uk,/blog,uk,true
can you cartilage anatomy,/blog,uk,true
can you cartilage anatomy uk,/blog,uk,true
can you cervical vertebrae,/blog,uk,true
can you cervical vertebrae uk,/blog,uk,true
can you chondroitin,/blog,uk,true
can you chondroitin uk,/blog,uk,true
can you circadian rhythm,/blog,uk,true
can you circadian rhythm uk,/blog,uk,true
can you clinical frailty scale,/blog,uk,true
can you clinical frailty scale uk,/blog,uk,true
can you coccyx,/blog,uk,true
can you coccyx uk,/blog,uk,true
can you collagen,/blog,uk,true
can you collagen uk,/blog,uk,true
can you cooking,/blog,uk,true
can you cooking uk,/blog,uk,true
can you core strength,/blog,uk,true
can you core strength uk,/blog,uk,true
can you cortisol,/blog,uk,true
can you cortisol uk,/blog,uk,true
can you diet,/blog,uk,true
can you diet uk,/blog,uk,true
can you disability benefits,/blog,uk,true
can you disability benefits uk,/blog,uk,true
can you dislocation,/blog,uk,true
can you dislocation uk,/blog,uk,true
can you dressing,/blog,uk,true
can you dressing uk,/blog,uk,true
can you driving,/blog,uk,true
can you driving uk,/blog,uk,true
can you early ra,/blog,uk,true
can you early ra uk,/blog,uk,true
can you facet joint syndrome,/blog,uk,true
can you facet joint syndrome uk,/blog,uk,true
can you falls prevention,/blog,uk,true
can you falls prevention uk,/blog,uk,true
can you fascia anatomy,/blog,uk,true
can you fascia anatomy uk,/blog,uk,true
can you fatigue,/blog,uk,true
can you fatigue uk,/blog,uk,true
can you fear of falling,/blog,uk,true
can you fear of falling uk,/blog,uk,true
can you fibromyalgia,/blog,uk,true
can you fibromyalgia uk,/blog,uk,true
can you fish oil,/blog,uk,true
can you fish oil uk,/blog,uk,true
can you flare up,/blog,uk,true
can you flare up uk,/blog,uk,true
can you frailty,/blog,uk,true
can you frailty uk,/blog,uk,true
can you frozen shoulder,/blog,uk,true
can you frozen shoulder uk,/blog,uk,true
can you geriatric assessment,/blog,uk,true
can you geriatric assessment uk,/blog,uk,true
can you ginger,/blog,uk,true
can you ginger uk,/blog,uk,true
can you gloves,/blog,uk,true
can you gloves uk,/blog,uk,true
can you glucosamine,/blog,uk,true
can you glucosamine uk,/blog,uk,true
can you gout,/blog,uk,true
can you gout uk,/blog,uk,true
can you grading,/blog,uk,true
can you grading uk,/blog,uk,true
can you grip strength,/blog,uk,true
can you grip strength uk,/blog,uk,true
can you hand osteoarthritis,/blog,uk,true
can you hand osteoarthritis uk,/blog,uk,true
can you herniated disc,/blog,uk,true
can you herniated disc uk,/blog,uk,true
can you hip osteoarthritis,/blog,uk,true
can you hip osteoarthritis uk,/blog,uk,true
can you home hazards,/blog,uk,true
can you home hazards uk,/blog,uk,true
can you intermittent fasting,/blog,uk,true
can you intermittent fasting uk,/blog,uk,true
can you joint capsule,/blog,uk,true
can you joint capsule uk,/blog,uk,true
can you joint pain,/blog,uk,true
can you joint pain foods,/blog,uk,true
can you joint pain foods uk,/blog,uk,true
can you joint pain uk,/blog,uk,true
can you juvenile arthritis,/blog,uk,true
can you juvenile arthritis uk,/blog,uk,true
can you knee osteoarthritis,/blog,uk,true
can you knee osteoarthritis uk,/blog,uk,true
can you kyphosis,/blog,uk,true
can you kyphosis uk,/blog,uk,true
can you leaky gut,/blog,uk,true
can you leaky gut uk,/blog,uk,true
can you leucine,/blog,uk,true
can you leucine uk,/blog,uk,true
can you ligaments vs tendons,/blog,uk,true
can you ligaments vs tendons uk,/blog,uk,true
can you lower back pain,/blog,uk,true
can you lower back pain uk,/blog,uk,true
can you lumbar vertebrae,/blog,uk,true
can you lumbar vertebrae uk,/blog,uk,true
can you lupus,/blog,uk,true
can you lupus uk,/blog,uk,true
can you magnesium,/blog,uk,true
can you magnesium uk,/blog,uk,true
can you mattress,/blog,uk,true
can you mattress uk,/blog,uk,true
can you mediterranean diet,/blog,uk,true
can you mediterranean diet uk,/blog,uk,true
can you meniscus tear,/blog,uk,true
can you meniscus tear uk,/blog,uk,true
can you menopause,/blog,uk,true
can you menopause uk,/blog,uk,true
can you metabolism,/blog,uk,true
can you metabolism uk,/blog,uk,true
can you methotrexate,/blog,uk,true
can you methotrexate uk,/blog,uk,true
can you mindfulness,/blog,uk,true
can you mindfulness uk,/blog,uk,true
can you msm,/blog,uk,true
can you msm uk,/blog,uk,true
can you muscle atrophy,/blog,uk,true
can you muscle atrophy uk,/blog,uk,true
can you muscle imbalance,/blog,uk,true
can you muscle imbalance uk,/blog,uk,true
can you myofascial release,/blog,uk,true
can you myofascial release uk,/blog,uk,true
can you nhs,/blog,uk,true
can you nhs uk,/blog,uk,true
can you obesity,/blog,uk,true
can you obesity uk,/blog,uk,true
can you omega 3,/blog,uk,true
can you omega 3 uk,/blog,uk,true
can you osteoarthritis,/blog,uk,true
can you osteoarthritis uk,/blog,uk,true
can you osteoporosis,/blog,uk,true
can you osteoporosis uk,/blog,uk,true
can you pip,/blog,uk,true
can you pip uk,/blog,uk,true
can you plantar fasciitis,/blog,uk,true
can you plantar fasciitis uk,/blog,uk,true
can you polymyalgia,/blog,uk,true
can you polymyalgia uk,/blog,uk,true
can you polyphenols,/blog,uk,true
can you polyphenols uk,/blog,uk,true
can you portion control,/blog,uk,true
can you portion control uk,/blog,uk,true
can you posture,/blog,uk,true
can you posture uk,/blog,uk,true
can you pregnancy,/blog,uk,true
can you pregnancy uk,/blog,uk,true
can you processed food,/blog,uk,true
can you processed food uk,/blog,uk,true
can you protein,/blog,uk,true
can you protein uk,/blog,uk,true
can you psoriatic arthritis,/blog,uk,true
can you psoriatic arthritis uk,/blog,uk,true
can you ra flare,/blog,uk,true
can you ra flare uk,/blog,uk,true
can you reactive arthritis,/blog,uk,true
can you reactive arthritis uk,/blog,uk,true
can you remission,/blog,uk,true
can you remission uk,/blog,uk,true
can you resistance training,/blog,uk,true
can you resistance training uk,/blog,uk,true
can you rheumatoid arthritis,/blog,uk,true
can you rheumatoid arthritis uk,/blog,uk,true
can you rotator cuff injury,/blog,uk,true
can you rotator cuff injury uk,/blog,uk,true
can you sacrum,/blog,uk,true
can you sacrum uk,/blog,uk,true
can you sarcopenia,/blog,uk,true
can you sarcopenia uk,/blog,uk,true
can you sciatica,/blog,uk,true
can you sciatica uk,/blog,uk,true
can you scoliosis,/blog,uk,true
can you scoliosis uk,/blog,uk,true
can you screen time,/blog,uk,true
can you screen time uk,/blog,uk,true
can you septic arthritis,/blog,uk,true
can you septic arthritis uk,/blog,uk,true
can you seronegative,/blog,uk,true
can you seronegative uk,/blog,uk,true
can you skeletal system,/blog,uk,true
can you skeletal system uk,/blog,uk,true
can you sleep,/blog,uk,true
can you sleep uk,/blog,uk,true
can you spinal stenosis,/blog,uk,true
can you spinal stenosis uk,/blog,uk,true
can you spondylolisthesis,/blog,uk,true
can you spondylolisthesis uk,/blog,uk,true
can you sprain,/blog,uk,true
can you sprain uk,/blog,uk,true
can you strain,/blog,uk,true
can you strain uk,/blog,uk,true
can you sugar inflammation,/blog,uk,true
can you sugar inflammation uk,/blog,uk,true
can you synovial joint,/blog,uk,true
can you synovial joint uk,/blog,uk,true
can you tai chi,/blog,uk,true
can you tai chi uk,/blog,uk,true
can you tendinopathy,/blog,uk,true
can you tendinopathy uk,/blog,uk,true
can you tennis elbow,/blog,uk,true
can you tennis elbow uk,/blog,uk,true
can you thoracic vertebrae,/blog,uk,true
can you thoracic vertebrae uk,/blog,uk,true
can you travel,/blog,uk,true
can you travel uk,/blog,uk,true
can you turmeric,/blog,uk,true
can you turmeric uk,/blog,uk,true
can you vagus nerve,/blog,uk,true
can you vagus nerve uk,/blog,uk,true
can you vertebral disc anatomy,/blog,uk,true
can you vertebral disc anatomy uk,/blog,uk,true
can you visceral fat,/blog,uk,true
can you visceral fat uk,/blog,uk,true
can you vitamin d,/blog,uk,true
can you vitamin d uk,/blog,uk,true
can you vitamin k2,/blog,uk,true
can you vitamin k2 uk,/blog,uk,true
can you weight loss,/blog,uk,true
can you weight loss uk,/blog,uk,true
can you work,/blog,uk,true
can you work uk,/blog,uk,true
can you yoga,/blog,uk,true
can you yoga uk,/blog,uk,true
can you zinc,/blog,uk,true
can you zinc uk,/blog,uk,true
carer support,/blog,uk,true
carer support 2026,/blog,uk,true
carer support advanced,/blog,uk,true
carer support alternative,/blog,uk,true
carer support at home,/blog,uk,true
carer support beginner,/blog,uk,true
carer support clinic,/blog,uk,true
carer support diet,/blog,uk,true
carer support easy,/blog,uk,true
carer support effective,/blog,uk,true
carer support exercises,/blog,uk,true
carer support fast,/blog,uk,true
carer support for adults,/blog,uk,true
carer support for beginners,/blog,uk,true
carer support for men,/blog,uk,true
carer support for seniors,/blog,uk,true
carer support for women,/blog,uk,true
carer support free,/blog,uk,true
carer support gentle,/blog,uk,true
carer support guide,/blog,uk,true
carer support help,/blog,uk,true
carer support home remedies,/blog,uk,true
carer support hospital,/blog,uk,true
carer support latest,/blog,uk,true
carer support low cost,/blog,uk,true
carer support medicine,/blog,uk,true
carer support natural,/blog,uk,true
carer support near me,/blog,uk,true
carer support new,/blog,uk,true
carer support nhs,/blog,uk,true
carer support nhs waiting list,/blog,uk,true
carer support over 50,/blog,uk,true
carer support over 60,/blog,uk,true
carer support over 70,/blog,uk,true
carer support prevention,/blog,uk,true
carer support private,/blog,uk,true
carer support proven,/blog,uk,true
carer support quick,/blog,uk,true
carer support relief,/blog,uk,true
carer support safe,/blog,uk,true
carer support simple,/blog,uk,true
carer support supplement,/blog,uk,true
carer support symptoms,/blog,uk,true
carer support therapy,/blog,uk,true
carer support tips,/blog,uk,true
carer support treatment,/blog,uk,true
carer support uk,/blog,uk,true
carpal tunnel,/blog,uk,true
carpal tunnel 2026,/blog,uk,true
carpal tunnel advanced,/blog,uk,true
carpal tunnel alternative,/blog,uk,true
carpal tunnel at home,/blog,uk,true
carpal tunnel beginner,/blog,uk,true
carpal tunnel clinic,/blog,uk,true
carpal tunnel diet,/blog,uk,true
carpal tunnel easy,/blog,uk,true
carpal tunnel effective,/blog,uk,true
carpal tunnel exercises,/blog,uk,true
carpal tunnel fast,/blog,uk,true
carpal tunnel for adults,/blog,uk,true
carpal tunnel for beginners,/blog,uk,true
carpal tunnel for men,/blog,uk,true
carpal tunnel for seniors,/blog,uk,true
carpal tunnel for women,/blog,uk,true
carpal tunnel free,/blog,uk,true
carpal tunnel gentle,/blog,uk,true
carpal tunnel guide,/blog,uk,true
carpal tunnel help,/blog,uk,true
carpal tunnel home remedies,/blog,uk,true
carpal tunnel hospital,/blog,uk,true
carpal tunnel latest,/blog,uk,true
carpal tunnel low cost,/blog,uk,true
carpal tunnel medicine,/blog,uk,true
carpal tunnel natural,/blog,uk,true
carpal tunnel near me,/blog,uk,true
carpal tunnel new,/blog,uk,true
carpal tunnel nhs,/blog,uk,true
carpal tunnel nhs waiting list,/blog,uk,true
carpal tunnel over 50,/blog,uk,true
carpal tunnel over 60,/blog,uk,true
carpal tunnel over 70,/blog,uk,true
carpal tunnel prevention,/blog,uk,true
carpal tunnel private,/blog,uk,true
carpal tunnel proven,/blog,uk,true
carpal tunnel quick,/blog,uk,true
carpal tunnel relief,/blog,uk,true
carpal tunnel safe,/blog,uk,true
carpal tunnel simple,/blog,uk,true
carpal tunnel supplement,/blog,uk,true
carpal tunnel symptoms,/blog,uk,true
carpal tunnel therapy,/blog,uk,true
carpal tunnel tips,/blog,uk,true
carpal tunnel treatment,/blog,uk,true
carpal tunnel uk,/blog,uk,true
cartilage anatomy,/blog,uk,true
cartilage anatomy 2026,/blog,uk,true
cartilage anatomy advanced,/blog,uk,true
cartilage anatomy alternative,/blog,uk,true
cartilage anatomy at home,/blog,uk,true
cartilage anatomy beginner,/blog,uk,true
cartilage anatomy clinic,/blog,uk,true
cartilage anatomy diet,/blog,uk,true
cartilage anatomy easy,/blog,uk,true
cartilage anatomy effective,/blog,uk,true
cartilage anatomy exercises,/blog,uk,true
cartilage anatomy fast,/blog,uk,true
cartilage anatomy for adults,/blog,uk,true
cartilage anatomy for beginners,/blog,uk,true
cartilage anatomy for men,/blog,uk,true
cartilage anatomy for seniors,/blog,uk,true
cartilage anatomy for women,/blog,uk,true
cartilage anatomy free,/blog,uk,true
cartilage anatomy gentle,/blog,uk,true
cartilage anatomy guide,/blog,uk,true
cartilage anatomy help,/blog,uk,true
cartilage anatomy home remedies,/blog,uk,true
cartilage anatomy hospital,/blog,uk,true
cartilage anatomy latest,/blog,uk,true
cartilage anatomy low cost,/blog,uk,true
cartilage anatomy medicine,/blog,uk,true
cartilage anatomy natural,/blog,uk,true
cartilage anatomy near me,/blog,uk,true
cartilage anatomy new,/blog,uk,true
cartilage anatomy nhs,/blog,uk,true
cartilage anatomy nhs waiting list,/blog,uk,true
cartilage anatomy over 50,/blog,uk,true
cartilage anatomy over 60,/blog,uk,true
cartilage anatomy over 70,/blog,uk,true
cartilage anatomy prevention,/blog,uk,true
cartilage anatomy private,/blog,uk,true
cartilage anatomy proven,/blog,uk,true
cartilage anatomy quick,/blog,uk,true
cartilage anatomy relief,/blog,uk,true
cartilage anatomy safe,/blog,uk,true
cartilage anatomy simple,/blog,uk,true
cartilage anatomy supplement,/blog,uk,true
cartilage anatomy symptoms,/blog,uk,true
cartilage anatomy therapy,/blog,uk,true
cartilage anatomy tips,/blog,uk,true
cartilage anatomy treatment,/blog,uk,true
cartilage anatomy uk,/blog,uk,true
cartilage repair,/blog,uk,true
cartilage repair uk,/blog,uk,true
cervical vertebrae,/blog,uk,true
cervical vertebrae 2026,/blog,uk,true
cervical vertebrae advanced,/blog,uk,true
cervical vertebrae alternative,/blog,uk,true
cervical vertebrae at home,/blog,uk,true
cervical vertebrae beginner,/blog,uk,true
cervical vertebrae clinic,/blog,uk,true
cervical vertebrae diet,/blog,uk,true
cervical vertebrae easy,/blog,uk,true
cervical vertebrae effective,/blog,uk,true
cervical vertebrae exercises,/blog,uk,true
cervical vertebrae fast,/blog,uk,true
cervical vertebrae for adults,/blog,uk,true
cervical vertebrae for beginners,/blog,uk,true
cervical vertebrae for men,/blog,uk,true
cervical vertebrae for seniors,/blog,uk,true
cervical vertebrae for women,/blog,uk,true
cervical vertebrae free,/blog,uk,true
cervical vertebrae gentle,/blog,uk,true
cervical vertebrae guide,/blog,uk,true
cervical vertebrae help,/blog,uk,true
cervical vertebrae help uk,/blog,uk,true
cervical vertebrae home remedies,/blog,uk,true
cervical vertebrae hospital,/blog,uk,true
cervical vertebrae latest,/blog,uk,true
cervical vertebrae low cost,/blog,uk,true
cervical vertebrae management,/blog,uk,true
cervical vertebrae medicine,/blog,uk,true
cervical vertebrae natural,/blog,uk,true
cervical vertebrae near me,/blog,uk,true
cervical vertebrae new,/blog,uk,true
cervical vertebrae nhs,/blog,uk,true
cervical vertebrae nhs waiting list,/blog,uk,true
cervical vertebrae over 50,/blog,uk,true
cervical vertebrae over 60,/blog,uk,true
cervical vertebrae over 70,/blog,uk,true
cervical vertebrae prevention,/blog,uk,true
cervical vertebrae private,/blog,uk,true
cervical vertebrae proven,/blog,uk,true
cervical vertebrae quick,/blog,uk,true
cervical vertebrae relief,/blog,uk,true
cervical vertebrae safe,/blog,uk,true
cervical vertebrae simple,/blog,uk,true
cervical vertebrae supplement,/blog,uk,true
cervical vertebrae symptoms,/blog,uk,true
cervical vertebrae therapy,/blog,uk,true
cervical vertebrae tips,/blog,uk,true
cervical vertebrae treatment,/blog,uk,true
cervical vertebrae uk,/blog,uk,true
chair exercises for arthritis,/blog,uk,true
chair exercises for back pain,/blog,uk,true
chair exercises for joint pain,/blog,uk,true
cheap arthritis treatment,/blog,uk,true
cheap arthritis treatment uk,/blog,uk,true
cheap joint pain relief,/blog,uk,true
cheap joint supplements uk,/blog,uk,true
cheap pain relief uk,/blog,uk,true
cherries and arthritis,/blog,uk,true
cherries and inflammation,/blog,uk,true
cherries and joint health,/blog,uk,true
cherries for arthritis,/blog,uk,true
cherries for inflammation,/blog,uk,true
cherries for joint health,/blog,uk,true
children with arthritis,/blog,uk,true
children with joint pain,/blog,uk,true
children with osteoporosis,/blog,uk,true
chinese medicine arthritis,/blog,uk,true
chinese medicine joint pain,/blog,uk,true
chiropractor appointment,/blog,uk,true
chiropractor find,/blog,uk,true
chiropractor near me,/blog,uk,true
chiropractor see,/blog,uk,true
chiropractor uk,/blog,uk,true
chondroitin,/blog,uk,true
chondroitin 2026,/blog,uk,true
chondroitin advanced,/blog,uk,true
chondroitin alternative,/blog,uk,true
chondroitin at home,/blog,uk,true
chondroitin beginner,/blog,uk,true
chondroitin clinic,/blog,uk,true
chondroitin diet,/blog,uk,true
chondroitin easy,/blog,uk,true
chondroitin effective,/blog,uk,true
chondroitin exercises,/blog,uk,true
chondroitin fast,/blog,uk,true
chondroitin for adults,/blog,uk,true
chondroitin for beginners,/blog,uk,true
chondroitin for men,/blog,uk,true
chondroitin for seniors,/blog,uk,true
chondroitin for women,/blog,uk,true
chondroitin free,/blog,uk,true
chondroitin gentle,/blog,uk,true
chondroitin guide,/blog,uk,true
chondroitin help,/blog,uk,true
chondroitin help uk,/blog,uk,true
chondroitin home remedies,/blog,uk,true
chondroitin hospital,/blog,uk,true
chondroitin latest,/blog,uk,true
chondroitin low cost,/blog,uk,true
chondroitin management,/blog,uk,true
chondroitin medicine,/blog,uk,true
chondroitin natural,/blog,uk,true
chondroitin near me,/blog,uk,true
chondroitin new,/blog,uk,true
chondroitin nhs,/blog,uk,true
chondroitin nhs waiting list,/blog,uk,true
chondroitin over 50,/blog,uk,true
chondroitin over 60,/blog,uk,true
chondroitin over 70,/blog,uk,true
chondroitin prevention,/blog,uk,true
chondroitin private,/blog,uk,true
chondroitin proven,/blog,uk,true
chondroitin quick,/blog,uk,true
chondroitin relief,/blog,uk,true
chondroitin safe,/blog,uk,true
chondroitin simple,/blog,uk,true
chondroitin supplement,/blog,uk,true
chondroitin symptoms,/blog,uk,true
chondroitin therapy,/blog,uk,true
chondroitin tips,/blog,uk,true
chondroitin treatment,/blog,uk,true
chondroitin uk,/blog,uk,true
circadian rhythm,/blog,uk,true
circadian rhythm 2026,/blog,uk,true
circadian rhythm advanced,/blog,uk,true
circadian rhythm alternative,/blog,uk,true
circadian rhythm at home,/blog,uk,true
circadian rhythm beginner,/blog,uk,true
circadian rhythm clinic,/blog,uk,true
circadian rhythm diet,/blog,uk,true
circadian rhythm easy,/blog,uk,true
circadian rhythm effective,/blog,uk,true
circadian rhythm exercises,/blog,uk,true
circadian rhythm fast,/blog,uk,true
circadian rhythm for adults,/blog,uk,true
circadian rhythm for beginners,/blog,uk,true
circadian rhythm for men,/blog,uk,true
circadian rhythm for seniors,/blog,uk,true
circadian rhythm for women,/blog,uk,true
circadian rhythm free,/blog,uk,true
circadian rhythm gentle,/blog,uk,true
circadian rhythm guide,/blog,uk,true
circadian rhythm help,/blog,uk,true
circadian rhythm home remedies,/blog,uk,true
circadian rhythm hospital,/blog,uk,true
circadian rhythm latest,/blog,uk,true
circadian rhythm low cost,/blog,uk,true
circadian rhythm medicine,/blog,uk,true
circadian rhythm natural,/blog,uk,true
circadian rhythm near me,/blog,uk,true
circadian rhythm new,/blog,uk,true
circadian rhythm nhs,/blog,uk,true
circadian rhythm nhs waiting list,/blog,uk,true
circadian rhythm over 50,/blog,uk,true
circadian rhythm over 60,/blog,uk,true
circadian rhythm over 70,/blog,uk,true
circadian rhythm prevention,/blog,uk,true
circadian rhythm private,/blog,uk,true
circadian rhythm proven,/blog,uk,true
circadian rhythm quick,/blog,uk,true
circadian rhythm relief,/blog,uk,true
circadian rhythm safe,/blog,uk,true
circadian rhythm simple,/blog,uk,true
circadian rhythm supplement,/blog,uk,true
circadian rhythm symptoms,/blog,uk,true
circadian rhythm therapy,/blog,uk,true
circadian rhythm tips,/blog,uk,true
circadian rhythm treatment,/blog,uk,true
circadian rhythm uk,/blog,uk,true
citrus and arthritis,/blog,uk,true
citrus and inflammation,/blog,uk,true
citrus and joint health,/blog,uk,true
citrus for arthritis,/blog,uk,true
citrus for inflammation,/blog,uk,true
citrus for joint health,/blog,uk,true
cleaning arthritis,/blog,uk,true
cleaning joint pain,/blog,uk,true
climbing stairs arthritis,/blog,uk,true
climbing stairs joint pain,/blog,uk,true
clinical frailty scale,/blog,uk,true
clinical frailty scale 2026,/blog,uk,true
clinical frailty scale advanced,/blog,uk,true
clinical frailty scale alternative,/blog,uk,true
clinical frailty scale at home,/blog,uk,true
clinical frailty scale beginner,/blog,uk,true
clinical frailty scale clinic,/blog,uk,true
clinical frailty scale diet,/blog,uk,true
clinical frailty scale easy,/blog,uk,true
clinical frailty scale effective,/blog,uk,true
clinical frailty scale exercises,/blog,uk,true
clinical frailty scale fast,/blog,uk,true
clinical frailty scale for adults,/blog,uk,true
clinical frailty scale for beginners,/blog,uk,true
clinical frailty scale for men,/blog,uk,true
clinical frailty scale for seniors,/blog,uk,true
clinical frailty scale for women,/blog,uk,true
clinical frailty scale free,/blog,uk,true
clinical frailty scale gentle,/blog,uk,true
clinical frailty scale guide,/blog,uk,true
clinical frailty scale help,/blog,uk,true
clinical frailty scale help uk,/blog,uk,true
clinical frailty scale home remedies,/blog,uk,true
clinical frailty scale hospital,/blog,uk,true
clinical frailty scale latest,/blog,uk,true
clinical frailty scale low cost,/blog,uk,true
clinical frailty scale management,/blog,uk,true
clinical frailty scale medicine,/blog,uk,true
clinical frailty scale natural,/blog,uk,true
clinical frailty scale near me,/blog,uk,true
clinical frailty scale new,/blog,uk,true
clinical frailty scale nhs,/blog,uk,true
clinical frailty scale nhs waiting list,/blog,uk,true
clinical frailty scale over 50,/blog,uk,true
clinical frailty scale over 60,/blog,uk,true
clinical frailty scale over 70,/blog,uk,true
clinical frailty scale prevention,/blog,uk,true
clinical frailty scale private,/blog,uk,true
clinical frailty scale proven,/blog,uk,true
clinical frailty scale quick,/blog,uk,true
clinical frailty scale relief,/blog,uk,true
clinical frailty scale safe,/blog,uk,true
clinical frailty scale simple,/blog,uk,true
clinical frailty scale supplement,/blog,uk,true
clinical frailty scale symptoms,/blog,uk,true
clinical frailty scale therapy,/blog,uk,true
clinical frailty scale tips,/blog,uk,true
clinical frailty scale treatment,/blog,uk,true
clinical frailty scale uk,/blog,uk,true
clinical trial arthritis treatment,/blog,uk,true
clinical trial joint health supplement,/blog,uk,true
coccyx,/blog,uk,true
coccyx 2026,/blog,uk,true
coccyx advanced,/blog,uk,true
coccyx alternative,/blog,uk,true
coccyx at home,/blog,uk,true
coccyx beginner,/blog,uk,true
coccyx clinic,/blog,uk,true
coccyx diet,/blog,uk,true
coccyx easy,/blog,uk,true
coccyx effective,/blog,uk,true
coccyx exercises,/blog,uk,true
coccyx fast,/blog,uk,true
coccyx for adults,/blog,uk,true
coccyx for beginners,/blog,uk,true
coccyx for men,/blog,uk,true
coccyx for seniors,/blog,uk,true
coccyx for women,/blog,uk,true
coccyx free,/blog,uk,true
coccyx gentle,/blog,uk,true
coccyx guide,/blog,uk,true
coccyx help,/blog,uk,true
coccyx home remedies,/blog,uk,true
coccyx hospital,/blog,uk,true
coccyx latest,/blog,uk,true
coccyx low cost,/blog,uk,true
coccyx medicine,/blog,uk,true
coccyx natural,/blog,uk,true
coccyx near me,/blog,uk,true
coccyx new,/blog,uk,true
coccyx nhs,/blog,uk,true
coccyx nhs waiting list,/blog,uk,true
coccyx over 50,/blog,uk,true
coccyx over 60,/blog,uk,true
coccyx over 70,/blog,uk,true
coccyx prevention,/blog,uk,true
coccyx private,/blog,uk,true
coccyx proven,/blog,uk,true
coccyx quick,/blog,uk,true
coccyx relief,/blog,uk,true
coccyx safe,/blog,uk,true
coccyx simple,/blog,uk,true
coccyx supplement,/blog,uk,true
coccyx symptoms,/blog,uk,true
coccyx therapy,/blog,uk,true
coccyx tips,/blog,uk,true
coccyx treatment,/blog,uk,true
coccyx uk,/blog,uk,true
cold therapy arthritis,/blog,uk,true
cold therapy effectiveness,/blog,uk,true
cold therapy joint pain,/blog,uk,true
cold weather arthritis pain,/blog,uk,true
cold weather inflammation,/blog,uk,true
cold weather joint stiffness,/blog,uk,true
collagen,/blog,uk,true
collagen 2026,/blog,uk,true
collagen advanced,/blog,uk,true
collagen alternative,/blog,uk,true
collagen at home,/blog,uk,true
collagen beginner,/blog,uk,true
collagen clinic,/blog,uk,true
collagen diet,/blog,uk,true
collagen easy,/blog,uk,true
collagen effective,/blog,uk,true
collagen exercises,/blog,uk,true
collagen fast,/blog,uk,true
collagen for adults,/blog,uk,true
collagen for beginners,/blog,uk,true
collagen for men,/blog,uk,true
collagen for seniors,/blog,uk,true
collagen for women,/blog,uk,true
collagen free,/blog,uk,true
collagen gentle,/blog,uk,true
collagen guide,/blog,uk,true
collagen help,/blog,uk,true
collagen help uk,/blog,uk,true
collagen home remedies,/blog,uk,true
collagen hospital,/blog,uk,true
collagen latest,/blog,uk,true
collagen low cost,/blog,uk,true
collagen management,/blog,uk,true
collagen medicine,/blog,uk,true
collagen natural,/blog,uk,true
collagen near me,/blog,uk,true
collagen new,/blog,uk,true
collagen nhs,/blog,uk,true
collagen nhs waiting list,/blog,uk,true
collagen over 50,/blog,uk,true
collagen over 60,/blog,uk,true
collagen over 70,/blog,uk,true
collagen prevention,/blog,uk,true
collagen private,/blog,uk,true
collagen proven,/blog,uk,true
collagen quick,/blog,uk,true
collagen relief,/blog,uk,true
collagen safe,/blog,uk,true
collagen simple,/blog,uk,true
collagen supplement,/blog,uk,true
collagen symptoms,/blog,uk,true
collagen therapy,/blog,uk,true
collagen tips,/blog,uk,true
collagen treatment,/blog,uk,true
collagen uk,/blog,uk,true
comparison of joint pain,/blog,uk,true
comparison of osteoarthritis,/blog,uk,true
comparison of rheumatoid arthritis,/blog,uk,true
compression socks arthritis,/blog,uk,true
compression socks uk,/blog,uk,true
contraindications of joint pain,/blog,uk,true
contraindications of osteoarthritis,/blog,uk,true
contraindications of rheumatoid arthritis,/blog,uk,true
cooking,/blog,uk,true
cooking 2026,/blog,uk,true
cooking advanced,/blog,uk,true
cooking alternative,/blog,uk,true
cooking arthritis,/blog,uk,true
cooking at home,/blog,uk,true
cooking beginner,/blog,uk,true
cooking clinic,/blog,uk,true
cooking diet,/blog,uk,true
cooking easy,/blog,uk,true
cooking effective,/blog,uk,true
cooking exercises,/blog,uk,true
cooking fast,/blog,uk,true
cooking for adults,/blog,uk,true
cooking for beginners,/blog,uk,true
cooking for men,/blog,uk,true
cooking for seniors,/blog,uk,true
cooking for women,/blog,uk,true
cooking free,/blog,uk,true
cooking gentle,/blog,uk,true
cooking guide,/blog,uk,true
cooking help,/blog,uk,true
cooking home remedies,/blog,uk,true
cooking hospital,/blog,uk,true
cooking joint pain,/blog,uk,true
cooking latest,/blog,uk,true
cooking low cost,/blog,uk,true
cooking medicine,/blog,uk,true
cooking natural,/blog,uk,true
cooking near me,/blog,uk,true
cooking new,/blog,uk,true
cooking nhs,/blog,uk,true
cooking nhs waiting list,/blog,uk,true
cooking over 50,/blog,uk,true
cooking over 60,/blog,uk,true
cooking over 70,/blog,uk,true
cooking prevention,/blog,uk,true
cooking private,/blog,uk,true
cooking proven,/blog,uk,true
cooking quick,/blog,uk,true
cooking relief,/blog,uk,true
cooking safe,/blog,uk,true
cooking simple,/blog,uk,true
cooking supplement,/blog,uk,true
cooking symptoms,/blog,uk,true
cooking therapy,/blog,uk,true
cooking tips,/blog,uk,true
cooking treatment,/blog,uk,true
cooking uk,/blog,uk,true
coping arthritis,/blog,uk,true
core strength,/blog,uk,true
core strength 2026,/blog,uk,true
core strength advanced,/blog,uk,true
core strength alternative,/blog,uk,true
core strength at home,/blog,uk,true
core strength beginner,/blog,uk,true
core strength clinic,/blog,uk,true
core strength diet,/blog,uk,true
core strength easy,/blog,uk,true
core strength effective,/blog,uk,true
core strength exercises,/blog,uk,true
core strength fast,/blog,uk,true
core strength for adults,/blog,uk,true
core strength for beginners,/blog,uk,true
core strength for men,/blog,uk,true
core strength for seniors,/blog,uk,true
core strength for women,/blog,uk,true
core strength free,/blog,uk,true
core strength gentle,/blog,uk,true
core strength guide,/blog,uk,true
core strength help,/blog,uk,true
core strength home remedies,/blog,uk,true
core strength hospital,/blog,uk,true
core strength latest,/blog,uk,true
core strength low cost,/blog,uk,true
core strength medicine,/blog,uk,true
core strength natural,/blog,uk,true
core strength near me,/blog,uk,true
core strength new,/blog,uk,true
core strength nhs,/blog,uk,true
core strength nhs waiting list,/blog,uk,true
core strength over 50,/blog,uk,true
core strength over 60,/blog,uk,true
core strength over 70,/blog,uk,true
core strength prevention,/blog,uk,true
core strength private,/blog,uk,true
core strength proven,/blog,uk,true
core strength quick,/blog,uk,true
core strength relief,/blog,uk,true
core strength safe,/blog,uk,true
core strength simple,/blog,uk,true
core strength supplement,/blog,uk,true
core strength symptoms,/blog,uk,true
core strength therapy,/blog,uk,true
core strength tips,/blog,uk,true
core strength treatment,/blog,uk,true
core strength uk,/blog,uk,true
cortisol,/blog,uk,true
cortisol 2026,/blog,uk,true
cortisol advanced,/blog,uk,true
cortisol alternative,/blog,uk,true
cortisol at home,/blog,uk,true
cortisol beginner,/blog,uk,true
cortisol clinic,/blog,uk,true
cortisol diet,/blog,uk,true
cortisol easy,/blog,uk,true
cortisol effective,/blog,uk,true
cortisol exercises,/blog,uk,true
cortisol fast,/blog,uk,true
cortisol for adults,/blog,uk,true
cortisol for beginners,/blog,uk,true
cortisol for men,/blog,uk,true
cortisol for seniors,/blog,uk,true
cortisol for women,/blog,uk,true
cortisol free,/blog,uk,true
cortisol gentle,/blog,uk,true
cortisol guide,/blog,uk,true
cortisol help,/blog,uk,true
cortisol help uk,/blog,uk,true
cortisol home remedies,/blog,uk,true
cortisol hospital,/blog,uk,true
cortisol latest,/blog,uk,true
cortisol low cost,/blog,uk,true
cortisol management,/blog,uk,true
cortisol medicine,/blog,uk,true
cortisol natural,/blog,uk,true
cortisol near me,/blog,uk,true
cortisol new,/blog,uk,true
cortisol nhs,/blog,uk,true
cortisol nhs waiting list,/blog,uk,true
cortisol over 50,/blog,uk,true
cortisol over 60,/blog,uk,true
cortisol over 70,/blog,uk,true
cortisol prevention,/blog,uk,true
cortisol private,/blog,uk,true
cortisol proven,/blog,uk,true
cortisol quick,/blog,uk,true
cortisol relief,/blog,uk,true
cortisol safe,/blog,uk,true
cortisol simple,/blog,uk,true
cortisol supplement,/blog,uk,true
cortisol symptoms,/blog,uk,true
cortisol therapy,/blog,uk,true
cortisol tips,/blog,uk,true
cortisol treatment,/blog,uk,true
cortisol uk,/blog,uk,true
cost arthritis treatment uk,/blog,uk,true
cost joint supplements uk,/blog,uk,true
cost of joint pain,/blog,uk,true
cost of osteoarthritis,/blog,uk,true
cost of rheumatoid arthritis,/blog,uk,true
cost pain relief uk,/blog,uk,true
could DOMS,/blog,uk,true
could DOMS uk,/blog,uk,true
could ankylosing spondylitis,/blog,uk,true
could ankylosing spondylitis uk,/blog,uk,true
could anti inflammatory smoothie,/blog,uk,true
could anti inflammatory smoothie uk,/blog,uk,true
could anti-inflammatory diet,/blog,uk,true
could anti-inflammatory diet uk,/blog,uk,true
could appendicular skeleton,/blog,uk,true
could appendicular skeleton uk,/blog,uk,true
could arthritis,/blog,uk,true
could arthritis aids,/blog,uk,true
could arthritis aids uk,/blog,uk,true
could arthritis uk,/blog,uk,true
could axial skeleton,/blog,uk,true
could axial skeleton uk,/blog,uk,true
could balance training,/blog,uk,true
could balance training uk,/blog,uk,true
could beetroot,/blog,uk,true
could beetroot uk,/blog,uk,true
could biologic dmards,/blog,uk,true
could biologic dmards uk,/blog,uk,true
could blue badge,/blog,uk,true
could blue badge uk,/blog,uk,true
could bmi,/blog,uk,true
could bmi uk,/blog,uk,true
could bone marrow function,/blog,uk,true
could bone marrow function uk,/blog,uk,true
could boswellia,/blog,uk,true
could boswellia uk,/blog,uk,true
could breathwork,/blog,uk,true
could breathwork uk,/blog,uk,true
could bursitis,/blog,uk,true
could bursitis uk,/blog,uk,true
could calcium,/blog,uk,true
could calcium uk,/blog,uk,true
could calorie deficit,/blog,uk,true
could calorie deficit uk,/blog,uk,true
could carer support,/blog,uk,true
could carer support uk,/blog,uk,true
could carpal tunnel,/blog,uk,true
could carpal tunnel uk,/blog,uk,true
could cartilage anatomy,/blog,uk,true
could cartilage anatomy uk,/blog,uk,true
could cervical vertebrae,/blog,uk,true
could cervical vertebrae uk,/blog,uk,true
could chondroitin,/blog,uk,true
could chondroitin uk,/blog,uk,true
could circadian rhythm,/blog,uk,true
could circadian rhythm uk,/blog,uk,true
could clinical frailty scale,/blog,uk,true
could clinical frailty scale uk,/blog,uk,true
could coccyx,/blog,uk,true
could coccyx uk,/blog,uk,true
could collagen,/blog,uk,true
could collagen uk,/blog,uk,true
could cooking,/blog,uk,true
could cooking uk,/blog,uk,true
could core strength,/blog,uk,true
could core strength uk,/blog,uk,true
could cortisol,/blog,uk,true
could cortisol uk,/blog,uk,true
could diet,/blog,uk,true
could diet uk,/blog,uk,true
could disability benefits,/blog,uk,true
could disability benefits uk,/blog,uk,true
could dislocation,/blog,uk,true
could dislocation uk,/blog,uk,true
could dressing,/blog,uk,true
could dressing uk,/blog,uk,true
could driving,/blog,uk,true
could driving uk,/blog,uk,true
could early ra,/blog,uk,true
could early ra uk,/blog,uk,true
could facet joint syndrome,/blog,uk,true
could facet joint syndrome uk,/blog,uk,true
could falls prevention,/blog,uk,true
could falls prevention uk,/blog,uk,true
could fascia anatomy,/blog,uk,true
could fascia anatomy uk,/blog,uk,true
could fatigue,/blog,uk,true
could fatigue uk,/blog,uk,true
could fear of falling,/blog,uk,true
could fear of falling uk,/blog,uk,true
could fibromyalgia,/blog,uk,true
could fibromyalgia uk,/blog,uk,true
could fish oil,/blog,uk,true
could fish oil uk,/blog,uk,true
could flare up,/blog,uk,true
could flare up uk,/blog,uk,true
could frailty,/blog,uk,true
could frailty uk,/blog,uk,true
could frozen shoulder,/blog,uk,true
could frozen shoulder uk,/blog,uk,true
could geriatric assessment,/blog,uk,true
could geriatric assessment uk,/blog,uk,true
could ginger,/blog,uk,true
could ginger uk,/blog,uk,true
could gloves,/blog,uk,true
could gloves uk,/blog,uk,true
could glucosamine,/blog,uk,true
could glucosamine uk,/blog,uk,true
could gout,/blog,uk,true
could gout uk,/blog,uk,true
could grading,/blog,uk,true
could grading uk,/blog,uk,true
could grip strength,/blog,uk,true
could grip strength uk,/blog,uk,true
could hand osteoarthritis,/blog,uk,true
could hand osteoarthritis uk,/blog,uk,true
could herniated disc,/blog,uk,true
could herniated disc uk,/blog,uk,true
could hip osteoarthritis,/blog,uk,true
could hip osteoarthritis uk,/blog,uk,true
could home hazards,/blog,uk,true
could home hazards uk,/blog,uk,true
could intermittent fasting,/blog,uk,true
could intermittent fasting uk,/blog,uk,true
could joint capsule,/blog,uk,true
could joint capsule uk,/blog,uk,true
could joint pain,/blog,uk,true
could joint pain foods,/blog,uk,true
could joint pain foods uk,/blog,uk,true
could joint pain uk,/blog,uk,true
could juvenile arthritis,/blog,uk,true
could juvenile arthritis uk,/blog,uk,true
could knee osteoarthritis,/blog,uk,true
could knee osteoarthritis uk,/blog,uk,true
could kyphosis,/blog,uk,true
could kyphosis uk,/blog,uk,true
could leaky gut,/blog,uk,true
could leaky gut uk,/blog,uk,true
could leucine,/blog,uk,true
could leucine uk,/blog,uk,true
could ligaments vs tendons,/blog,uk,true
could ligaments vs tendons uk,/blog,uk,true
could lower back pain,/blog,uk,true
could lower back pain uk,/blog,uk,true
could lumbar vertebrae,/blog,uk,true
could lumbar vertebrae uk,/blog,uk,true
could lupus,/blog,uk,true
could lupus uk,/blog,uk,true
could magnesium,/blog,uk,true
could magnesium uk,/blog,uk,true
could mattress,/blog,uk,true
could mattress uk,/blog,uk,true
could mediterranean diet,/blog,uk,true
could mediterranean diet uk,/blog,uk,true
could meniscus tear,/blog,uk,true
could meniscus tear uk,/blog,uk,true
could menopause,/blog,uk,true
could menopause uk,/blog,uk,true
could metabolism,/blog,uk,true
could metabolism uk,/blog,uk,true
could methotrexate,/blog,uk,true
could methotrexate uk,/blog,uk,true
could mindfulness,/blog,uk,true
could mindfulness uk,/blog,uk,true
could msm,/blog,uk,true
could msm uk,/blog,uk,true
could muscle atrophy,/blog,uk,true
could muscle atrophy uk,/blog,uk,true
could muscle imbalance,/blog,uk,true
could muscle imbalance uk,/blog,uk,true
could myofascial release,/blog,uk,true
could myofascial release uk,/blog,uk,true
could nhs,/blog,uk,true
could nhs uk,/blog,uk,true
could obesity,/blog,uk,true
could obesity uk,/blog,uk,true
could omega 3,/blog,uk,true
could omega 3 uk,/blog,uk,true
could osteoarthritis,/blog,uk,true
could osteoarthritis uk,/blog,uk,true
could osteoporosis,/blog,uk,true
could osteoporosis uk,/blog,uk,true
could pip,/blog,uk,true
could pip uk,/blog,uk,true
could plantar fasciitis,/blog,uk,true
could plantar fasciitis uk,/blog,uk,true
could polymyalgia,/blog,uk,true
could polymyalgia uk,/blog,uk,true
could polyphenols,/blog,uk,true
could polyphenols uk,/blog,uk,true
could portion control,/blog,uk,true
could portion control uk,/blog,uk,true
could posture,/blog,uk,true
could posture uk,/blog,uk,true
could pregnancy,/blog,uk,true
could pregnancy uk,/blog,uk,true
could processed food,/blog,uk,true
could processed food uk,/blog,uk,true
could protein,/blog,uk,true
could protein uk,/blog,uk,true
could psoriatic arthritis,/blog,uk,true
could psoriatic arthritis uk,/blog,uk,true
could ra flare,/blog,uk,true
could ra flare uk,/blog,uk,true
could reactive arthritis,/blog,uk,true
could reactive arthritis uk,/blog,uk,true
could remission,/blog,uk,true
could remission uk,/blog,uk,true
could resistance training,/blog,uk,true
could resistance training uk,/blog,uk,true
could rheumatoid arthritis,/blog,uk,true
could rheumatoid arthritis uk,/blog,uk,true
could rotator cuff injury,/blog,uk,true
could rotator cuff injury uk,/blog,uk,true
could sacrum,/blog,uk,true
could sacrum uk,/blog,uk,true
could sarcopenia,/blog,uk,true
could sarcopenia uk,/blog,uk,true
could sciatica,/blog,uk,true
could sciatica uk,/blog,uk,true
could scoliosis,/blog,uk,true
could scoliosis uk,/blog,uk,true
could screen time,/blog,uk,true
could screen time uk,/blog,uk,true
could septic arthritis,/blog,uk,true
could septic arthritis uk,/blog,uk,true
could seronegative,/blog,uk,true
could seronegative uk,/blog,uk,true
could skeletal system,/blog,uk,true
could skeletal system uk,/blog,uk,true
could sleep,/blog,uk,true
could sleep uk,/blog,uk,true
could spinal stenosis,/blog,uk,true
could spinal stenosis uk,/blog,uk,true
could spondylolisthesis,/blog,uk,true
could spondylolisthesis uk,/blog,uk,true
could sprain,/blog,uk,true
could sprain uk,/blog,uk,true
could strain,/blog,uk,true
could strain uk,/blog,uk,true
could sugar inflammation,/blog,uk,true
could sugar inflammation uk,/blog,uk,true
could synovial joint,/blog,uk,true
could synovial joint uk,/blog,uk,true
could tai chi,/blog,uk,true
could tai chi uk,/blog,uk,true
could tendinopathy,/blog,uk,true
could tendinopathy uk,/blog,uk,true
could tennis elbow,/blog,uk,true
could tennis elbow uk,/blog,uk,true
could thoracic vertebrae,/blog,uk,true
could thoracic vertebrae uk,/blog,uk,true
could travel,/blog,uk,true
could travel uk,/blog,uk,true
could turmeric,/blog,uk,true
could turmeric uk,/blog,uk,true
could vagus nerve,/blog,uk,true
could vagus nerve uk,/blog,uk,true
could vertebral disc anatomy,/blog,uk,true
could vertebral disc anatomy uk,/blog,uk,true
could visceral fat,/blog,uk,true
could visceral fat uk,/blog,uk,true
could vitamin d,/blog,uk,true
could vitamin d uk,/blog,uk,true
could vitamin k2,/blog,uk,true
could vitamin k2 uk,/blog,uk,true
could weight loss,/blog,uk,true
could weight loss uk,/blog,uk,true
could work,/blog,uk,true
could work uk,/blog,uk,true
could yoga,/blog,uk,true
could yoga uk,/blog,uk,true
could zinc,/blog,uk,true
could zinc uk,/blog,uk,true
crackling joints,/blog,uk,true
cure for arthritis,/blog,uk,true
cure for back pain,/blog,uk,true
cure for fibromyalgia,/blog,uk,true
cure for gout,/blog,uk,true
cure for inflammation,/blog,uk,true
cure for joint pain,/blog,uk,true
cure for osteoarthritis,/blog,uk,true
cure for rheumatoid arthritis,/blog,uk,true
cycling arthritis,/blog,uk,true
cycling joint pain,/blog,uk,true
daily exercises for arthritis,/blog,uk,true
daily exercises for joint pain,/blog,uk,true
daily stretches for arthritis,/blog,uk,true
daily stretches for joint pain,/blog,uk,true
daily supplements for arthritis,/blog,uk,true
daily supplements for joint pain,/blog,uk,true
daily treatment for arthritis,/blog,uk,true
daily treatment for joint pain,/blog,uk,true
dancing arthritis,/blog,uk,true
dancing joint pain,/blog,uk,true
dealing with DOMS,/blog,uk,true
dealing with ankylosing spondylitis,/blog,uk,true
dealing with anti-inflammatory diet,/blog,uk,true
dealing with appendicular skeleton,/blog,uk,true
dealing with arthritis,/blog,uk,true
dealing with arthritis aids,/blog,uk,true
dealing with axial skeleton,/blog,uk,true
dealing with balance training,/blog,uk,true
dealing with biologic dmards,/blog,uk,true
dealing with bmi,/blog,uk,true
dealing with cervical vertebrae,/blog,uk,true
dealing with chondroitin,/blog,uk,true
dealing with clinical frailty scale,/blog,uk,true
dealing with collagen,/blog,uk,true
dealing with cortisol,/blog,uk,true
dealing with dislocation,/blog,uk,true
dealing with driving,/blog,uk,true
dealing with early ra,/blog,uk,true
dealing with falls prevention,/blog,uk,true
dealing with frailty,/blog,uk,true
dealing with geriatric assessment,/blog,uk,true
dealing with gloves,/blog,uk,true
dealing with glucosamine,/blog,uk,true
dealing with gout,/blog,uk,true
dealing with hand osteoarthritis,/blog,uk,true
dealing with herniated disc,/blog,uk,true
dealing with hip osteoarthritis,/blog,uk,true
dealing with home hazards,/blog,uk,true
dealing with joint pain,/blog,uk,true
dealing with knee osteoarthritis,/blog,uk,true
dealing with leucine,/blog,uk,true
dealing with lower back pain,/blog,uk,true
dealing with mattress,/blog,uk,true
dealing with mediterranean diet,/blog,uk,true
dealing with mindfulness,/blog,uk,true
dealing with muscle atrophy,/blog,uk,true
dealing with nhs,/blog,uk,true
dealing with obesity,/blog,uk,true
dealing with omega 3,/blog,uk,true
dealing with osteoarthritis,/blog,uk,true
dealing with protein,/blog,uk,true
dealing with psoriatic arthritis,/blog,uk,true
dealing with ra flare,/blog,uk,true
dealing with reactive arthritis,/blog,uk,true
dealing with resistance training,/blog,uk,true
dealing with rheumatoid arthritis,/blog,uk,true
dealing with sarcopenia,/blog,uk,true
dealing with sciatica,/blog,uk,true
dealing with skeletal system,/blog,uk,true
dealing with sleep,/blog,uk,true
dealing with spinal stenosis,/blog,uk,true
dealing with sprain,/blog,uk,true
dealing with strain,/blog,uk,true
dealing with tendinopathy,/blog,uk,true
dealing with turmeric,/blog,uk,true
dealing with vitamin d,/blog,uk,true
dealing with weight loss,/blog,uk,true
delay arthritis uk,/blog,uk,true
delay inflammation uk,/blog,uk,true
delay joint pain uk,/blog,uk,true
delay osteoarthritis uk,/blog,uk,true
depression arthritis,/blog,uk,true
diet,/blog,uk,true
diet 2026,/blog,uk,true
diet advanced,/blog,uk,true
diet alternative,/blog,uk,true
diet and arthritis management,/blog,uk,true
diet and inflammation,/blog,uk,true
diet and joint health,/blog,uk,true
diet arthritis flare,/blog,uk,true
diet at home,/blog,uk,true
diet beginner,/blog,uk,true
diet clinic,/blog,uk,true
diet diet,/blog,uk,true
diet easy,/blog,uk,true
diet effective,/blog,uk,true
diet exercises,/blog,uk,true
diet fast,/blog,uk,true
diet for adults,/blog,uk,true
diet for arthritis,/blog,uk,true
diet for back pain,/blog,uk,true
diet for beginners,/blog,uk,true
diet for joint pain,/blog,uk,true
diet for men,/blog,uk,true
diet for osteoarthritis,/blog,uk,true
diet for seniors,/blog,uk,true
diet for women,/blog,uk,true
diet free,/blog,uk,true
diet gentle,/blog,uk,true
diet guide,/blog,uk,true
diet help,/blog,uk,true
diet home remedies,/blog,uk,true
diet hospital,/blog,uk,true
diet latest,/blog,uk,true
diet low cost,/blog,uk,true
diet medicine,/blog,uk,true
diet natural,/blog,uk,true
diet near me,/blog,uk,true
diet new,/blog,uk,true
diet nhs,/blog,uk,true
diet nhs waiting list,/blog,uk,true
diet over 50,/blog,uk,true
diet over 60,/blog,uk,true
diet over 70,/blog,uk,true
diet prevention,/blog,uk,true
diet private,/blog,uk,true
diet proven,/blog,uk,true
diet quick,/blog,uk,true
diet relief,/blog,uk,true
diet safe,/blog,uk,true
diet simple,/blog,uk,true
diet supplement,/blog,uk,true
diet symptoms,/blog,uk,true
diet therapy,/blog,uk,true
diet tips,/blog,uk,true
diet treatment,/blog,uk,true
diet uk,/blog,uk,true
disability benefits,/blog,uk,true
disability benefits 2026,/blog,uk,true
disability benefits advanced,/blog,uk,true
disability benefits alternative,/blog,uk,true
disability benefits at home,/blog,uk,true
disability benefits beginner,/blog,uk,true
disability benefits clinic,/blog,uk,true
disability benefits diet,/blog,uk,true
disability benefits easy,/blog,uk,true
disability benefits effective,/blog,uk,true
disability benefits exercises,/blog,uk,true
disability benefits fast,/blog,uk,true
disability benefits for adults,/blog,uk,true
disability benefits for beginners,/blog,uk,true
disability benefits for men,/blog,uk,true
disability benefits for seniors,/blog,uk,true
disability benefits for women,/blog,uk,true
disability benefits free,/blog,uk,true
disability benefits gentle,/blog,uk,true
disability benefits guide,/blog,uk,true
disability benefits help,/blog,uk,true
disability benefits home remedies,/blog,uk,true
disability benefits hospital,/blog,uk,true
disability benefits latest,/blog,uk,true
disability benefits low cost,/blog,uk,true
disability benefits medicine,/blog,uk,true
disability benefits natural,/blog,uk,true
disability benefits near me,/blog,uk,true
disability benefits new,/blog,uk,true
disability benefits nhs,/blog,uk,true
disability benefits nhs waiting list,/blog,uk,true
disability benefits over 50,/blog,uk,true
disability benefits over 60,/blog,uk,true
disability benefits over 70,/blog,uk,true
disability benefits prevention,/blog,uk,true
disability benefits private,/blog,uk,true
disability benefits proven,/blog,uk,true
disability benefits quick,/blog,uk,true
disability benefits relief,/blog,uk,true
disability benefits safe,/blog,uk,true
disability benefits simple,/blog,uk,true
disability benefits supplement,/blog,uk,true
disability benefits symptoms,/blog,uk,true
disability benefits therapy,/blog,uk,true
disability benefits tips,/blog,uk,true
disability benefits treatment,/blog,uk,true
disability benefits uk,/blog,uk,true
dislocation,/blog,uk,true
dislocation 2026,/blog,uk,true
dislocation advanced,/blog,uk,true
dislocation alternative,/blog,uk,true
dislocation at home,/blog,uk,true
dislocation beginner,/blog,uk,true
dislocation clinic,/blog,uk,true
dislocation diet,/blog,uk,true
dislocation easy,/blog,uk,true
dislocation effective,/blog,uk,true
dislocation exercises,/blog,uk,true
dislocation fast,/blog,uk,true
dislocation for adults,/blog,uk,true
dislocation for beginners,/blog,uk,true
dislocation for men,/blog,uk,true
dislocation for seniors,/blog,uk,true
dislocation for women,/blog,uk,true
dislocation free,/blog,uk,true
dislocation gentle,/blog,uk,true
dislocation guide,/blog,uk,true
dislocation help,/blog,uk,true
dislocation help uk,/blog,uk,true
dislocation home remedies,/blog,uk,true
dislocation hospital,/blog,uk,true
dislocation latest,/blog,uk,true
dislocation low cost,/blog,uk,true
dislocation management,/blog,uk,true
dislocation medicine,/blog,uk,true
dislocation natural,/blog,uk,true
dislocation near me,/blog,uk,true
dislocation new,/blog,uk,true
dislocation nhs,/blog,uk,true
dislocation nhs waiting list,/blog,uk,true
dislocation over 50,/blog,uk,true
dislocation over 60,/blog,uk,true
dislocation over 70,/blog,uk,true
dislocation prevention,/blog,uk,true
dislocation private,/blog,uk,true
dislocation proven,/blog,uk,true
dislocation quick,/blog,uk,true
dislocation relief,/blog,uk,true
dislocation safe,/blog,uk,true
dislocation simple,/blog,uk,true
dislocation supplement,/blog,uk,true
dislocation symptoms,/blog,uk,true
dislocation therapy,/blog,uk,true
dislocation tips,/blog,uk,true
dislocation treatment,/blog,uk,true
dislocation uk,/blog,uk,true
dmards alternatives,/blog,uk,true
dmards arthritis,/blog,uk,true
dmards side effects,/blog,uk,true
dmards uk cost,/blog,uk,true
do i have DOMS,/blog,uk,true
do i have DOMS uk,/blog,uk,true
do i have ankylosing spondylitis,/blog,uk,true
do i have ankylosing spondylitis uk,/blog,uk,true
do i have anti inflammatory smoothie,/blog,uk,true
do i have anti inflammatory smoothie uk,/blog,uk,true
do i have anti-inflammatory diet,/blog,uk,true
do i have anti-inflammatory diet uk,/blog,uk,true
do i have appendicular skeleton,/blog,uk,true
do i have appendicular skeleton uk,/blog,uk,true
do i have arthritis,/blog,uk,true
do i have arthritis aids,/blog,uk,true
do i have arthritis aids uk,/blog,uk,true
do i have arthritis uk,/blog,uk,true
do i have axial skeleton,/blog,uk,true
do i have axial skeleton uk,/blog,uk,true
do i have balance training,/blog,uk,true
do i have balance training uk,/blog,uk,true
do i have beetroot,/blog,uk,true
do i have beetroot uk,/blog,uk,true
do i have biologic dmards,/blog,uk,true
do i have biologic dmards uk,/blog,uk,true
do i have blue badge,/blog,uk,true
do i have blue badge uk,/blog,uk,true
do i have bmi,/blog,uk,true
do i have bmi uk,/blog,uk,true
do i have bone marrow function,/blog,uk,true
do i have bone marrow function uk,/blog,uk,true
do i have boswellia,/blog,uk,true
do i have boswellia uk,/blog,uk,true
do i have breathwork,/blog,uk,true
do i have breathwork uk,/blog,uk,true
do i have bursitis,/blog,uk,true
do i have bursitis uk,/blog,uk,true
do i have calcium,/blog,uk,true
do i have calcium uk,/blog,uk,true
do i have calorie deficit,/blog,uk,true
do i have calorie deficit uk,/blog,uk,true
do i have carer support,/blog,uk,true
do i have carer support uk,/blog,uk,true
do i have carpal tunnel,/blog,uk,true
do i have carpal tunnel uk,/blog,uk,true
do i have cartilage anatomy,/blog,uk,true
do i have cartilage anatomy uk,/blog,uk,true
do i have cervical vertebrae,/blog,uk,true
do i have cervical vertebrae uk,/blog,uk,true
do i have chondroitin,/blog,uk,true
do i have chondroitin uk,/blog,uk,true
do i have circadian rhythm,/blog,uk,true
do i have circadian rhythm uk,/blog,uk,true
do i have clinical frailty scale,/blog,uk,true
do i have clinical frailty scale uk,/blog,uk,true
do i have coccyx,/blog,uk,true
do i have coccyx uk,/blog,uk,true
do i have collagen,/blog,uk,true
do i have collagen uk,/blog,uk,true
do i have cooking,/blog,uk,true
do i have cooking uk,/blog,uk,true
do i have core strength,/blog,uk,true
do i have core strength uk,/blog,uk,true
do i have cortisol,/blog,uk,true
do i have cortisol uk,/blog,uk,true
do i have diet,/blog,uk,true
do i have diet uk,/blog,uk,true
do i have disability benefits,/blog,uk,true
do i have disability benefits uk,/blog,uk,true
do i have dislocation,/blog,uk,true
do i have dislocation uk,/blog,uk,true
do i have dressing,/blog,uk,true
do i have dressing uk,/blog,uk,true
do i have driving,/blog,uk,true
do i have driving uk,/blog,uk,true
do i have early ra,/blog,uk,true
do i have early ra uk,/blog,uk,true
do i have facet joint syndrome,/blog,uk,true
do i have facet joint syndrome uk,/blog,uk,true
do i have falls prevention,/blog,uk,true
do i have falls prevention uk,/blog,uk,true
do i have fascia anatomy,/blog,uk,true
do i have fascia anatomy uk,/blog,uk,true
do i have fatigue,/blog,uk,true
do i have fatigue uk,/blog,uk,true
do i have fear of falling,/blog,uk,true
do i have fear of falling uk,/blog,uk,true
do i have fibromyalgia,/blog,uk,true
do i have fibromyalgia uk,/blog,uk,true
do i have fish oil,/blog,uk,true
do i have fish oil uk,/blog,uk,true
do i have flare up,/blog,uk,true
do i have flare up uk,/blog,uk,true
do i have frailty,/blog,uk,true
do i have frailty uk,/blog,uk,true
do i have frozen shoulder,/blog,uk,true
do i have frozen shoulder uk,/blog,uk,true
do i have geriatric assessment,/blog,uk,true
do i have geriatric assessment uk,/blog,uk,true
do i have ginger,/blog,uk,true
do i have ginger uk,/blog,uk,true
do i have gloves,/blog,uk,true
do i have gloves uk,/blog,uk,true
do i have glucosamine,/blog,uk,true
do i have glucosamine uk,/blog,uk,true
do i have gout,/blog,uk,true
do i have gout uk,/blog,uk,true
do i have grading,/blog,uk,true
do i have grading uk,/blog,uk,true
do i have grip strength,/blog,uk,true
do i have grip strength uk,/blog,uk,true
do i have hand osteoarthritis,/blog,uk,true
do i have hand osteoarthritis uk,/blog,uk,true
do i have herniated disc,/blog,uk,true
do i have herniated disc uk,/blog,uk,true
do i have hip osteoarthritis,/blog,uk,true
do i have hip osteoarthritis uk,/blog,uk,true
do i have home hazards,/blog,uk,true
do i have home hazards uk,/blog,uk,true
do i have intermittent fasting,/blog,uk,true
do i have intermittent fasting uk,/blog,uk,true
do i have joint capsule,/blog,uk,true
do i have joint capsule uk,/blog,uk,true
do i have joint pain,/blog,uk,true
do i have joint pain foods,/blog,uk,true
do i have joint pain foods uk,/blog,uk,true
do i have joint pain uk,/blog,uk,true
do i have juvenile arthritis,/blog,uk,true
do i have juvenile arthritis uk,/blog,uk,true
do i have knee osteoarthritis,/blog,uk,true
do i have knee osteoarthritis uk,/blog,uk,true
do i have kyphosis,/blog,uk,true
do i have kyphosis uk,/blog,uk,true
do i have leaky gut,/blog,uk,true
do i have leaky gut uk,/blog,uk,true
do i have leucine,/blog,uk,true
do i have leucine uk,/blog,uk,true
do i have ligaments vs tendons,/blog,uk,true
do i have ligaments vs tendons uk,/blog,uk,true
do i have lower back pain,/blog,uk,true
do i have lower back pain uk,/blog,uk,true
do i have lumbar vertebrae,/blog,uk,true
do i have lumbar vertebrae uk,/blog,uk,true
do i have lupus,/blog,uk,true
do i have lupus uk,/blog,uk,true
do i have magnesium,/blog,uk,true
do i have magnesium uk,/blog,uk,true
do i have mattress,/blog,uk,true
do i have mattress uk,/blog,uk,true
do i have mediterranean diet,/blog,uk,true
do i have mediterranean diet uk,/blog,uk,true
do i have meniscus tear,/blog,uk,true
do i have meniscus tear uk,/blog,uk,true
do i have menopause,/blog,uk,true
do i have menopause uk,/blog,uk,true
do i have metabolism,/blog,uk,true
do i have metabolism uk,/blog,uk,true
do i have methotrexate,/blog,uk,true
do i have methotrexate uk,/blog,uk,true
do i have mindfulness,/blog,uk,true
do i have mindfulness uk,/blog,uk,true
do i have msm,/blog,uk,true
do i have msm uk,/blog,uk,true
do i have muscle atrophy,/blog,uk,true
do i have muscle atrophy uk,/blog,uk,true
do i have muscle imbalance,/blog,uk,true
do i have muscle imbalance uk,/blog,uk,true
do i have myofascial release,/blog,uk,true
do i have myofascial release uk,/blog,uk,true
do i have nhs,/blog,uk,true
do i have nhs uk,/blog,uk,true
do i have obesity,/blog,uk,true
do i have obesity uk,/blog,uk,true
do i have omega 3,/blog,uk,true
do i have omega 3 uk,/blog,uk,true
do i have osteoarthritis,/blog,uk,true
do i have osteoarthritis uk,/blog,uk,true
do i have osteoporosis,/blog,uk,true
do i have osteoporosis uk,/blog,uk,true
do i have pip,/blog,uk,true
do i have pip uk,/blog,uk,true
do i have plantar fasciitis,/blog,uk,true
do i have plantar fasciitis uk,/blog,uk,true
do i have polymyalgia,/blog,uk,true
do i have polymyalgia uk,/blog,uk,true
do i have polyphenols,/blog,uk,true
do i have polyphenols uk,/blog,uk,true
do i have portion control,/blog,uk,true
do i have portion control uk,/blog,uk,true
do i have posture,/blog,uk,true
do i have posture uk,/blog,uk,true
do i have pregnancy,/blog,uk,true
do i have pregnancy uk,/blog,uk,true
do i have processed food,/blog,uk,true
do i have processed food uk,/blog,uk,true
do i have protein,/blog,uk,true
do i have protein uk,/blog,uk,true
do i have psoriatic arthritis,/blog,uk,true
do i have psoriatic arthritis uk,/blog,uk,true
do i have ra flare,/blog,uk,true
do i have ra flare uk,/blog,uk,true
do i have reactive arthritis,/blog,uk,true
do i have reactive arthritis uk,/blog,uk,true
do i have remission,/blog,uk,true
do i have remission uk,/blog,uk,true
do i have resistance training,/blog,uk,true
do i have resistance training uk,/blog,uk,true
do i have rheumatoid arthritis,/blog,uk,true
do i have rheumatoid arthritis uk,/blog,uk,true
do i have rotator cuff injury,/blog,uk,true
do i have rotator cuff injury uk,/blog,uk,true
do i have sacrum,/blog,uk,true
do i have sacrum uk,/blog,uk,true
do i have sarcopenia,/blog,uk,true
do i have sarcopenia uk,/blog,uk,true
do i have sciatica,/blog,uk,true
do i have sciatica uk,/blog,uk,true
do i have scoliosis,/blog,uk,true
do i have scoliosis uk,/blog,uk,true
do i have screen time,/blog,uk,true
do i have screen time uk,/blog,uk,true
do i have septic arthritis,/blog,uk,true
do i have septic arthritis uk,/blog,uk,true
do i have seronegative,/blog,uk,true
do i have seronegative uk,/blog,uk,true
do i have skeletal system,/blog,uk,true
do i have skeletal system uk,/blog,uk,true
do i have sleep,/blog,uk,true
do i have sleep uk,/blog,uk,true
do i have spinal stenosis,/blog,uk,true
do i have spinal stenosis uk,/blog,uk,true
do i have spondylolisthesis,/blog,uk,true
do i have spondylolisthesis uk,/blog,uk,true
do i have sprain,/blog,uk,true
do i have sprain uk,/blog,uk,true
do i have strain,/blog,uk,true
do i have strain uk,/blog,uk,true
do i have sugar inflammation,/blog,uk,true
do i have sugar inflammation uk,/blog,uk,true
do i have synovial joint,/blog,uk,true
do i have synovial joint uk,/blog,uk,true
do i have tai chi,/blog,uk,true
do i have tai chi uk,/blog,uk,true
do i have tendinopathy,/blog,uk,true
do i have tendinopathy uk,/blog,uk,true
do i have tennis elbow,/blog,uk,true
do i have tennis elbow uk,/blog,uk,true
do i have thoracic vertebrae,/blog,uk,true
do i have thoracic vertebrae uk,/blog,uk,true
do i have travel,/blog,uk,true
do i have travel uk,/blog,uk,true
do i have turmeric,/blog,uk,true
do i have turmeric uk,/blog,uk,true
do i have vagus nerve,/blog,uk,true
do i have vagus nerve uk,/blog,uk,true
do i have vertebral disc anatomy,/blog,uk,true
do i have vertebral disc anatomy uk,/blog,uk,true
do i have visceral fat,/blog,uk,true
do i have visceral fat uk,/blog,uk,true
do i have vitamin d,/blog,uk,true
do i have vitamin d uk,/blog,uk,true
do i have vitamin k2,/blog,uk,true
do i have vitamin k2 uk,/blog,uk,true
do i have weight loss,/blog,uk,true
do i have weight loss uk,/blog,uk,true
do i have work,/blog,uk,true
do i have work uk,/blog,uk,true
do i have yoga,/blog,uk,true
do i have yoga uk,/blog,uk,true
do i have zinc,/blog,uk,true
do i have zinc uk,/blog,uk,true
do you have DOMS,/blog,uk,true
do you have DOMS uk,/blog,uk,true
do you have ankylosing spondylitis,/blog,uk,true
do you have ankylosing spondylitis uk,/blog,uk,true
do you have anti inflammatory smoothie,/blog,uk,true
do you have anti inflammatory smoothie uk,/blog,uk,true
do you have anti-inflammatory diet,/blog,uk,true
do you have anti-inflammatory diet uk,/blog,uk,true
do you have appendicular skeleton,/blog,uk,true
do you have appendicular skeleton uk,/blog,uk,true
do you have arthritis,/blog,uk,true
do you have arthritis aids,/blog,uk,true
do you have arthritis aids uk,/blog,uk,true
do you have arthritis uk,/blog,uk,true
do you have axial skeleton,/blog,uk,true
do you have axial skeleton uk,/blog,uk,true
do you have balance training,/blog,uk,true
do you have balance training uk,/blog,uk,true
do you have beetroot,/blog,uk,true
do you have beetroot uk,/blog,uk,true
do you have biologic dmards,/blog,uk,true
do you have biologic dmards uk,/blog,uk,true
do you have blue badge,/blog,uk,true
do you have blue badge uk,/blog,uk,true
do you have bmi,/blog,uk,true
do you have bmi uk,/blog,uk,true
do you have bone marrow function,/blog,uk,true
do you have bone marrow function uk,/blog,uk,true
do you have boswellia,/blog,uk,true
do you have boswellia uk,/blog,uk,true
do you have breathwork,/blog,uk,true
do you have breathwork uk,/blog,uk,true
do you have bursitis,/blog,uk,true
do you have bursitis uk,/blog,uk,true
do you have calcium,/blog,uk,true
do you have calcium uk,/blog,uk,true
do you have calorie deficit,/blog,uk,true
do you have calorie deficit uk,/blog,uk,true
do you have carer support,/blog,uk,true
do you have carer support uk,/blog,uk,true
do you have carpal tunnel,/blog,uk,true
do you have carpal tunnel uk,/blog,uk,true
do you have cartilage anatomy,/blog,uk,true
do you have cartilage anatomy uk,/blog,uk,true
do you have cervical vertebrae,/blog,uk,true
do you have cervical vertebrae uk,/blog,uk,true
do you have chondroitin,/blog,uk,true
do you have chondroitin uk,/blog,uk,true
do you have circadian rhythm,/blog,uk,true
do you have circadian rhythm uk,/blog,uk,true
do you have clinical frailty scale,/blog,uk,true
do you have clinical frailty scale uk,/blog,uk,true
do you have coccyx,/blog,uk,true
do you have coccyx uk,/blog,uk,true
do you have collagen,/blog,uk,true
do you have collagen uk,/blog,uk,true
do you have cooking,/blog,uk,true
do you have cooking uk,/blog,uk,true
do you have core strength,/blog,uk,true
do you have core strength uk,/blog,uk,true
do you have cortisol,/blog,uk,true
do you have cortisol uk,/blog,uk,true
do you have diet,/blog,uk,true
do you have diet uk,/blog,uk,true
do you have disability benefits,/blog,uk,true
do you have disability benefits uk,/blog,uk,true
do you have dislocation,/blog,uk,true
do you have dislocation uk,/blog,uk,true
do you have dressing,/blog,uk,true
do you have dressing uk,/blog,uk,true
do you have driving,/blog,uk,true
do you have driving uk,/blog,uk,true
do you have early ra,/blog,uk,true
do you have early ra uk,/blog,uk,true
do you have facet joint syndrome,/blog,uk,true
do you have facet joint syndrome uk,/blog,uk,true
do you have falls prevention,/blog,uk,true
do you have falls prevention uk,/blog,uk,true
do you have fascia anatomy,/blog,uk,true
do you have fascia anatomy uk,/blog,uk,true
do you have fatigue,/blog,uk,true
do you have fatigue uk,/blog,uk,true
do you have fear of falling,/blog,uk,true
do you have fear of falling uk,/blog,uk,true
do you have fibromyalgia,/blog,uk,true
do you have fibromyalgia uk,/blog,uk,true
do you have fish oil,/blog,uk,true
do you have fish oil uk,/blog,uk,true
do you have flare up,/blog,uk,true
do you have flare up uk,/blog,uk,true
do you have frailty,/blog,uk,true
do you have frailty uk,/blog,uk,true
do you have frozen shoulder,/blog,uk,true
do you have frozen shoulder uk,/blog,uk,true
do you have geriatric assessment,/blog,uk,true
do you have geriatric assessment uk,/blog,uk,true
do you have ginger,/blog,uk,true
do you have ginger uk,/blog,uk,true
do you have gloves,/blog,uk,true
do you have gloves uk,/blog,uk,true
do you have glucosamine,/blog,uk,true
do you have glucosamine uk,/blog,uk,true
do you have gout,/blog,uk,true
do you have gout uk,/blog,uk,true
do you have grading,/blog,uk,true
do you have grading uk,/blog,uk,true
do you have grip strength,/blog,uk,true
do you have grip strength uk,/blog,uk,true
do you have hand osteoarthritis,/blog,uk,true
do you have hand osteoarthritis uk,/blog,uk,true
do you have herniated disc,/blog,uk,true
do you have herniated disc uk,/blog,uk,true
do you have hip osteoarthritis,/blog,uk,true
do you have hip osteoarthritis uk,/blog,uk,true
do you have home hazards,/blog,uk,true
do you have home hazards uk,/blog,uk,true
do you have intermittent fasting,/blog,uk,true
do you have intermittent fasting uk,/blog,uk,true
do you have joint capsule,/blog,uk,true
do you have joint capsule uk,/blog,uk,true
do you have joint pain,/blog,uk,true
do you have joint pain foods,/blog,uk,true
do you have joint pain foods uk,/blog,uk,true
do you have joint pain uk,/blog,uk,true
do you have juvenile arthritis,/blog,uk,true
do you have juvenile arthritis uk,/blog,uk,true
do you have knee osteoarthritis,/blog,uk,true
do you have knee osteoarthritis uk,/blog,uk,true
do you have kyphosis,/blog,uk,true
do you have kyphosis uk,/blog,uk,true
do you have leaky gut,/blog,uk,true
do you have leaky gut uk,/blog,uk,true
do you have leucine,/blog,uk,true
do you have leucine uk,/blog,uk,true
do you have ligaments vs tendons,/blog,uk,true
do you have ligaments vs tendons uk,/blog,uk,true
do you have lower back pain,/blog,uk,true
do you have lower back pain uk,/blog,uk,true
do you have lumbar vertebrae,/blog,uk,true
do you have lumbar vertebrae uk,/blog,uk,true
do you have lupus,/blog,uk,true
do you have lupus uk,/blog,uk,true
do you have magnesium,/blog,uk,true
do you have magnesium uk,/blog,uk,true
do you have mattress,/blog,uk,true
do you have mattress uk,/blog,uk,true
do you have mediterranean diet,/blog,uk,true
do you have mediterranean diet uk,/blog,uk,true
do you have meniscus tear,/blog,uk,true
do you have meniscus tear uk,/blog,uk,true
do you have menopause,/blog,uk,true
do you have menopause uk,/blog,uk,true
do you have metabolism,/blog,uk,true
do you have metabolism uk,/blog,uk,true
do you have methotrexate,/blog,uk,true
do you have methotrexate uk,/blog,uk,true
do you have mindfulness,/blog,uk,true
do you have mindfulness uk,/blog,uk,true
do you have msm,/blog,uk,true
do you have msm uk,/blog,uk,true
do you have muscle atrophy,/blog,uk,true
do you have muscle atrophy uk,/blog,uk,true
do you have muscle imbalance,/blog,uk,true
do you have muscle imbalance uk,/blog,uk,true
do you have myofascial release,/blog,uk,true
do you have myofascial release uk,/blog,uk,true
do you have nhs,/blog,uk,true
do you have nhs uk,/blog,uk,true
do you have obesity,/blog,uk,true
do you have obesity uk,/blog,uk,true
do you have omega 3,/blog,uk,true
do you have omega 3 uk,/blog,uk,true
do you have osteoarthritis,/blog,uk,true
do you have osteoarthritis uk,/blog,uk,true
do you have osteoporosis,/blog,uk,true
do you have osteoporosis uk,/blog,uk,true
do you have pip,/blog,uk,true
do you have pip uk,/blog,uk,true
do you have plantar fasciitis,/blog,uk,true
do you have plantar fasciitis uk,/blog,uk,true
do you have polymyalgia,/blog,uk,true
do you have polymyalgia uk,/blog,uk,true
do you have polyphenols,/blog,uk,true
do you have polyphenols uk,/blog,uk,true
do you have portion control,/blog,uk,true
do you have portion control uk,/blog,uk,true
do you have posture,/blog,uk,true
do you have posture uk,/blog,uk,true
do you have pregnancy,/blog,uk,true
do you have pregnancy uk,/blog,uk,true
do you have processed food,/blog,uk,true
do you have processed food uk,/blog,uk,true
do you have protein,/blog,uk,true
do you have protein uk,/blog,uk,true
do you have psoriatic arthritis,/blog,uk,true
do you have psoriatic arthritis uk,/blog,uk,true
do you have ra flare,/blog,uk,true
do you have ra flare uk,/blog,uk,true
do you have reactive arthritis,/blog,uk,true
do you have reactive arthritis uk,/blog,uk,true
do you have remission,/blog,uk,true
do you have remission uk,/blog,uk,true
do you have resistance training,/blog,uk,true
do you have resistance training uk,/blog,uk,true
do you have rheumatoid arthritis,/blog,uk,true
do you have rheumatoid arthritis uk,/blog,uk,true
do you have rotator cuff injury,/blog,uk,true
do you have rotator cuff injury uk,/blog,uk,true
do you have sacrum,/blog,uk,true
do you have sacrum uk,/blog,uk,true
do you have sarcopenia,/blog,uk,true
do you have sarcopenia uk,/blog,uk,true
do you have sciatica,/blog,uk,true
do you have sciatica uk,/blog,uk,true
do you have scoliosis,/blog,uk,true
do you have scoliosis uk,/blog,uk,true
do you have screen time,/blog,uk,true
do you have screen time uk,/blog,uk,true
do you have septic arthritis,/blog,uk,true
do you have septic arthritis uk,/blog,uk,true
do you have seronegative,/blog,uk,true
do you have seronegative uk,/blog,uk,true
do you have skeletal system,/blog,uk,true
do you have skeletal system uk,/blog,uk,true
do you have sleep,/blog,uk,true
do you have sleep uk,/blog,uk,true
do you have spinal stenosis,/blog,uk,true
do you have spinal stenosis uk,/blog,uk,true
do you have spondylolisthesis,/blog,uk,true
do you have spondylolisthesis uk,/blog,uk,true
do you have sprain,/blog,uk,true
do you have sprain uk,/blog,uk,true
do you have strain,/blog,uk,true
do you have strain uk,/blog,uk,true
do you have sugar inflammation,/blog,uk,true
do you have sugar inflammation uk,/blog,uk,true
do you have synovial joint,/blog,uk,true
do you have synovial joint uk,/blog,uk,true
do you have tai chi,/blog,uk,true
do you have tai chi uk,/blog,uk,true
do you have tendinopathy,/blog,uk,true
do you have tendinopathy uk,/blog,uk,true
do you have tennis elbow,/blog,uk,true
do you have tennis elbow uk,/blog,uk,true
do you have thoracic vertebrae,/blog,uk,true
do you have thoracic vertebrae uk,/blog,uk,true
do you have travel,/blog,uk,true
do you have travel uk,/blog,uk,true
do you have turmeric,/blog,uk,true
do you have turmeric uk,/blog,uk,true
do you have vagus nerve,/blog,uk,true
do you have vagus nerve uk,/blog,uk,true
do you have vertebral disc anatomy,/blog,uk,true
do you have vertebral disc anatomy uk,/blog,uk,true
do you have visceral fat,/blog,uk,true
do you have visceral fat uk,/blog,uk,true
do you have vitamin d,/blog,uk,true
do you have vitamin d uk,/blog,uk,true
do you have vitamin k2,/blog,uk,true
do you have vitamin k2 uk,/blog,uk,true
do you have weight loss,/blog,uk,true
do you have weight loss uk,/blog,uk,true
do you have work,/blog,uk,true
do you have work uk,/blog,uk,true
do you have yoga,/blog,uk,true
do you have yoga uk,/blog,uk,true
do you have zinc,/blog,uk,true
do you have zinc uk,/blog,uk,true
does DOMS,/blog,uk,true
does DOMS uk,/blog,uk,true
does ankylosing spondylitis,/blog,uk,true
does ankylosing spondylitis uk,/blog,uk,true
does anti inflammatory smoothie,/blog,uk,true
does anti inflammatory smoothie uk,/blog,uk,true
does anti-inflammatory diet,/blog,uk,true
does anti-inflammatory diet uk,/blog,uk,true
does appendicular skeleton,/blog,uk,true
does appendicular skeleton uk,/blog,uk,true
does arthritis,/blog,uk,true
does arthritis aids,/blog,uk,true
does arthritis aids uk,/blog,uk,true
does arthritis uk,/blog,uk,true
does axial skeleton,/blog,uk,true
does axial skeleton uk,/blog,uk,true
does balance training,/blog,uk,true
does balance training uk,/blog,uk,true
does barometric pressure affect joint pain,/blog,uk,true
does barometric pressure cause arthritis,/blog,uk,true
does beetroot,/blog,uk,true
does beetroot uk,/blog,uk,true
does biologic dmards,/blog,uk,true
does biologic dmards uk,/blog,uk,true
does blue badge,/blog,uk,true
does blue badge uk,/blog,uk,true
does bmi,/blog,uk,true
does bmi uk,/blog,uk,true
does bone marrow function,/blog,uk,true
does bone marrow function uk,/blog,uk,true
does boswellia,/blog,uk,true
does boswellia uk,/blog,uk,true
does breathwork,/blog,uk,true
does breathwork uk,/blog,uk,true
does bursitis,/blog,uk,true
does bursitis uk,/blog,uk,true
does calcium,/blog,uk,true
does calcium uk,/blog,uk,true
does calorie deficit,/blog,uk,true
does calorie deficit uk,/blog,uk,true
does carer support,/blog,uk,true
does carer support uk,/blog,uk,true
does carpal tunnel,/blog,uk,true
does carpal tunnel uk,/blog,uk,true
does cartilage anatomy,/blog,uk,true
does cartilage anatomy uk,/blog,uk,true
does cervical vertebrae,/blog,uk,true
does cervical vertebrae uk,/blog,uk,true
does chondroitin,/blog,uk,true
does chondroitin uk,/blog,uk,true
does circadian rhythm,/blog,uk,true
does circadian rhythm uk,/blog,uk,true
does clinical frailty scale,/blog,uk,true
does clinical frailty scale uk,/blog,uk,true
does coccyx,/blog,uk,true
does coccyx uk,/blog,uk,true
does cold affect joint pain,/blog,uk,true
does cold cause arthritis,/blog,uk,true
does collagen,/blog,uk,true
does collagen uk,/blog,uk,true
does cooking,/blog,uk,true
does cooking uk,/blog,uk,true
does core strength,/blog,uk,true
does core strength uk,/blog,uk,true
does cortisol,/blog,uk,true
does cortisol uk,/blog,uk,true
does damp affect joint pain,/blog,uk,true
does damp cause arthritis,/blog,uk,true
does diet,/blog,uk,true
does diet cause arthritis,/blog,uk,true
does diet uk,/blog,uk,true
does disability benefits,/blog,uk,true
does disability benefits uk,/blog,uk,true
does dislocation,/blog,uk,true
does dislocation uk,/blog,uk,true
does dressing,/blog,uk,true
does dressing uk,/blog,uk,true
does driving,/blog,uk,true
does driving uk,/blog,uk,true
does early ra,/blog,uk,true
does early ra uk,/blog,uk,true
does exercise cause arthritis,/blog,uk,true
does facet joint syndrome,/blog,uk,true
does facet joint syndrome uk,/blog,uk,true
does falls prevention,/blog,uk,true
does falls prevention uk,/blog,uk,true
does fascia anatomy,/blog,uk,true
does fascia anatomy uk,/blog,uk,true
does fatigue,/blog,uk,true
does fatigue uk,/blog,uk,true
does fear of falling,/blog,uk,true
does fear of falling uk,/blog,uk,true
does fibromyalgia,/blog,uk,true
does fibromyalgia uk,/blog,uk,true
does fish oil,/blog,uk,true
does fish oil uk,/blog,uk,true
does flare up,/blog,uk,true
does flare up uk,/blog,uk,true
does frailty,/blog,uk,true
does frailty uk,/blog,uk,true
does frozen shoulder,/blog,uk,true
does frozen shoulder uk,/blog,uk,true
does geriatric assessment,/blog,uk,true
does geriatric assessment uk,/blog,uk,true
does ginger,/blog,uk,true
does ginger uk,/blog,uk,true
does gloves,/blog,uk,true
does gloves uk,/blog,uk,true
does glucosamine,/blog,uk,true
does glucosamine uk,/blog,uk,true
does gout,/blog,uk,true
does gout uk,/blog,uk,true
does grading,/blog,uk,true
does grading uk,/blog,uk,true
does grip strength,/blog,uk,true
does grip strength uk,/blog,uk,true
does hand osteoarthritis,/blog,uk,true
does hand osteoarthritis uk,/blog,uk,true
does herniated disc,/blog,uk,true
does herniated disc uk,/blog,uk,true
does hip osteoarthritis,/blog,uk,true
does hip osteoarthritis uk,/blog,uk,true
does home hazards,/blog,uk,true
does home hazards uk,/blog,uk,true
does hormones cause arthritis,/blog,uk,true
does humidity affect joint pain,/blog,uk,true
does humidity cause arthritis,/blog,uk,true
does intermittent fasting,/blog,uk,true
does intermittent fasting uk,/blog,uk,true
does joint capsule,/blog,uk,true
does joint capsule uk,/blog,uk,true
does joint pain,/blog,uk,true
does joint pain foods,/blog,uk,true
does joint pain foods uk,/blog,uk,true
does joint pain uk,/blog,uk,true
does juvenile arthritis,/blog,uk,true
does juvenile arthritis uk,/blog,uk,true
does knee osteoarthritis,/blog,uk,true
does knee osteoarthritis uk,/blog,uk,true
does kyphosis,/blog,uk,true
does kyphosis uk,/blog,uk,true
does leaky gut,/blog,uk,true
does leaky gut uk,/blog,uk,true
does leucine,/blog,uk,true
does leucine uk,/blog,uk,true
does ligaments vs tendons,/blog,uk,true
does ligaments vs tendons uk,/blog,uk,true
does lower back pain,/blog,uk,true
does lower back pain uk,/blog,uk,true
does lumbar vertebrae,/blog,uk,true
does lumbar vertebrae uk,/blog,uk,true
does lupus,/blog,uk,true
does lupus uk,/blog,uk,true
does magnesium,/blog,uk,true
does magnesium uk,/blog,uk,true
does mattress,/blog,uk,true
does mattress uk,/blog,uk,true
does mediterranean diet,/blog,uk,true
does mediterranean diet uk,/blog,uk,true
does meniscus tear,/blog,uk,true
does meniscus tear uk,/blog,uk,true
does menopause,/blog,uk,true
does menopause uk,/blog,uk,true
does metabolism,/blog,uk,true
does metabolism uk,/blog,uk,true
does methotrexate,/blog,uk,true
does methotrexate uk,/blog,uk,true
does mindfulness,/blog,uk,true
does mindfulness uk,/blog,uk,true
does msm,/blog,uk,true
does msm uk,/blog,uk,true
does muscle atrophy,/blog,uk,true
does muscle atrophy uk,/blog,uk,true
does muscle imbalance,/blog,uk,true
does muscle imbalance uk,/blog,uk,true
does myofascial release,/blog,uk,true
does myofascial release uk,/blog,uk,true
does nhs,/blog,uk,true
does nhs uk,/blog,uk,true
does obesity,/blog,uk,true
does obesity uk,/blog,uk,true
does omega 3,/blog,uk,true
does omega 3 uk,/blog,uk,true
does osteoarthritis,/blog,uk,true
does osteoarthritis uk,/blog,uk,true
does osteoporosis,/blog,uk,true
does osteoporosis uk,/blog,uk,true
does overuse cause arthritis,/blog,uk,true
does pip,/blog,uk,true
does pip uk,/blog,uk,true
does plantar fasciitis,/blog,uk,true
does plantar fasciitis uk,/blog,uk,true
does polymyalgia,/blog,uk,true
does polymyalgia uk,/blog,uk,true
does polyphenols,/blog,uk,true
does polyphenols uk,/blog,uk,true
does portion control,/blog,uk,true
does portion control uk,/blog,uk,true
does posture,/blog,uk,true
does posture uk,/blog,uk,true
does pregnancy,/blog,uk,true
does pregnancy uk,/blog,uk,true
does processed food,/blog,uk,true
does processed food uk,/blog,uk,true
does protein,/blog,uk,true
does protein uk,/blog,uk,true
does psoriatic arthritis,/blog,uk,true
does psoriatic arthritis uk,/blog,uk,true
does ra flare,/blog,uk,true
does ra flare uk,/blog,uk,true
does rain affect joint pain,/blog,uk,true
does rain cause arthritis,/blog,uk,true
does reactive arthritis,/blog,uk,true
does reactive arthritis uk,/blog,uk,true
does remission,/blog,uk,true
does remission uk,/blog,uk,true
does resistance training,/blog,uk,true
does resistance training uk,/blog,uk,true
does rheumatoid arthritis,/blog,uk,true
does rheumatoid arthritis uk,/blog,uk,true
does rotator cuff injury,/blog,uk,true
does rotator cuff injury uk,/blog,uk,true
does sacrum,/blog,uk,true
does sacrum uk,/blog,uk,true
does sarcopenia,/blog,uk,true
does sarcopenia uk,/blog,uk,true
does sciatica,/blog,uk,true
does sciatica uk,/blog,uk,true
does scoliosis,/blog,uk,true
does scoliosis uk,/blog,uk,true
does screen time,/blog,uk,true
does screen time uk,/blog,uk,true
does septic arthritis,/blog,uk,true
does septic arthritis uk,/blog,uk,true
does seronegative,/blog,uk,true
does seronegative uk,/blog,uk,true
does skeletal system,/blog,uk,true
does skeletal system uk,/blog,uk,true
does sleep,/blog,uk,true
does sleep cause arthritis,/blog,uk,true
does sleep uk,/blog,uk,true
does spinal stenosis,/blog,uk,true
does spinal stenosis uk,/blog,uk,true
does spondylolisthesis,/blog,uk,true
does spondylolisthesis uk,/blog,uk,true
does sprain,/blog,uk,true
does sprain uk,/blog,uk,true
does strain,/blog,uk,true
does strain uk,/blog,uk,true
does stress cause arthritis,/blog,uk,true
does sugar inflammation,/blog,uk,true
does sugar inflammation uk,/blog,uk,true
does synovial joint,/blog,uk,true
does synovial joint uk,/blog,uk,true
does tai chi,/blog,uk,true
does tai chi uk,/blog,uk,true
does tendinopathy,/blog,uk,true
does tendinopathy uk,/blog,uk,true
does tennis elbow,/blog,uk,true
does tennis elbow uk,/blog,uk,true
does thoracic vertebrae,/blog,uk,true
does thoracic vertebrae uk,/blog,uk,true
does travel,/blog,uk,true
does travel uk,/blog,uk,true
does turmeric,/blog,uk,true
does turmeric uk,/blog,uk,true
does vagus nerve,/blog,uk,true
does vagus nerve uk,/blog,uk,true
does vertebral disc anatomy,/blog,uk,true
does vertebral disc anatomy uk,/blog,uk,true
does visceral fat,/blog,uk,true
does visceral fat uk,/blog,uk,true
does vitamin d,/blog,uk,true
does vitamin d uk,/blog,uk,true
does vitamin k2,/blog,uk,true
does vitamin k2 uk,/blog,uk,true
does weather cause arthritis,/blog,uk,true
does weight loss,/blog,uk,true
does weight loss uk,/blog,uk,true
does work,/blog,uk,true
does work uk,/blog,uk,true
does yoga,/blog,uk,true
does yoga uk,/blog,uk,true
does zinc,/blog,uk,true
does zinc uk,/blog,uk,true
dressing,/blog,uk,true
dressing 2026,/blog,uk,true
dressing advanced,/blog,uk,true
dressing alternative,/blog,uk,true
dressing at home,/blog,uk,true
dressing beginner,/blog,uk,true
dressing clinic,/blog,uk,true
dressing diet,/blog,uk,true
dressing easy,/blog,uk,true
dressing effective,/blog,uk,true
dressing exercises,/blog,uk,true
dressing fast,/blog,uk,true
dressing for adults,/blog,uk,true
dressing for beginners,/blog,uk,true
dressing for men,/blog,uk,true
dressing for seniors,/blog,uk,true
dressing for women,/blog,uk,true
dressing free,/blog,uk,true
dressing gentle,/blog,uk,true
dressing guide,/blog,uk,true
dressing help,/blog,uk,true
dressing home remedies,/blog,uk,true
dressing hospital,/blog,uk,true
dressing latest,/blog,uk,true
dressing low cost,/blog,uk,true
dressing medicine,/blog,uk,true
dressing natural,/blog,uk,true
dressing near me,/blog,uk,true
dressing new,/blog,uk,true
dressing nhs,/blog,uk,true
dressing nhs waiting list,/blog,uk,true
dressing over 50,/blog,uk,true
dressing over 60,/blog,uk,true
dressing over 70,/blog,uk,true
dressing prevention,/blog,uk,true
dressing private,/blog,uk,true
dressing proven,/blog,uk,true
dressing quick,/blog,uk,true
dressing relief,/blog,uk,true
dressing safe,/blog,uk,true
dressing simple,/blog,uk,true
dressing supplement,/blog,uk,true
dressing symptoms,/blog,uk,true
dressing therapy,/blog,uk,true
dressing tips,/blog,uk,true
dressing treatment,/blog,uk,true
dressing uk,/blog,uk,true
driving,/blog,uk,true
driving 2026,/blog,uk,true
driving advanced,/blog,uk,true
driving alternative,/blog,uk,true
driving arthritis,/blog,uk,true
driving at home,/blog,uk,true
driving beginner,/blog,uk,true
driving clinic,/blog,uk,true
driving diet,/blog,uk,true
driving easy,/blog,uk,true
driving effective,/blog,uk,true
driving exercises,/blog,uk,true
driving fast,/blog,uk,true
driving for adults,/blog,uk,true
driving for beginners,/blog,uk,true
driving for men,/blog,uk,true
driving for seniors,/blog,uk,true
driving for women,/blog,uk,true
driving free,/blog,uk,true
driving gentle,/blog,uk,true
driving guide,/blog,uk,true
driving help,/blog,uk,true
driving help uk,/blog,uk,true
driving home remedies,/blog,uk,true
driving hospital,/blog,uk,true
driving joint pain,/blog,uk,true
driving latest,/blog,uk,true
driving low cost,/blog,uk,true
driving management,/blog,uk,true
driving medicine,/blog,uk,true
driving natural,/blog,uk,true
driving near me,/blog,uk,true
driving new,/blog,uk,true
driving nhs,/blog,uk,true
driving nhs waiting list,/blog,uk,true
driving over 50,/blog,uk,true
driving over 60,/blog,uk,true
driving over 70,/blog,uk,true
driving prevention,/blog,uk,true
driving private,/blog,uk,true
driving proven,/blog,uk,true
driving quick,/blog,uk,true
driving relief,/blog,uk,true
driving safe,/blog,uk,true
driving simple,/blog,uk,true
driving supplement,/blog,uk,true
driving symptoms,/blog,uk,true
driving therapy,/blog,uk,true
driving tips,/blog,uk,true
driving treatment,/blog,uk,true
driving uk,/blog,uk,true
early ra,/blog,uk,true
early ra 2026,/blog,uk,true
early ra advanced,/blog,uk,true
early ra alternative,/blog,uk,true
early ra at home,/blog,uk,true
early ra beginner,/blog,uk,true
early ra clinic,/blog,uk,true
early ra diet,/blog,uk,true
early ra easy,/blog,uk,true
early ra effective,/blog,uk,true
early ra exercises,/blog,uk,true
early ra fast,/blog,uk,true
early ra for adults,/blog,uk,true
early ra for beginners,/blog,uk,true
early ra for men,/blog,uk,true
early ra for seniors,/blog,uk,true
early ra for women,/blog,uk,true
early ra free,/blog,uk,true
early ra gentle,/blog,uk,true
early ra guide,/blog,uk,true
early ra help,/blog,uk,true
early ra help uk,/blog,uk,true
early ra home remedies,/blog,uk,true
early ra hospital,/blog,uk,true
early ra latest,/blog,uk,true
early ra low cost,/blog,uk,true
early ra management,/blog,uk,true
early ra medicine,/blog,uk,true
early ra natural,/blog,uk,true
early ra near me,/blog,uk,true
early ra new,/blog,uk,true
early ra nhs,/blog,uk,true
early ra nhs waiting list,/blog,uk,true
early ra over 50,/blog,uk,true
early ra over 60,/blog,uk,true
early ra over 70,/blog,uk,true
early ra prevention,/blog,uk,true
early ra private,/blog,uk,true
early ra proven,/blog,uk,true
early ra quick,/blog,uk,true
early ra relief,/blog,uk,true
early ra safe,/blog,uk,true
early ra simple,/blog,uk,true
early ra supplement,/blog,uk,true
early ra symptoms,/blog,uk,true
early ra therapy,/blog,uk,true
early ra tips,/blog,uk,true
early ra treatment,/blog,uk,true
early ra uk,/blog,uk,true
economical arthritis treatment,/blog,uk,true
economical joint pain relief,/blog,uk,true
edinburgh arthritis support,/blog,uk,true
edinburgh joint pain clinic,/blog,uk,true
edinburgh rheumatology,/blog,uk,true
effective DOMS relief,/blog,uk,true
effective DOMS relief uk,/blog,uk,true
effective DOMS remedy,/blog,uk,true
effective DOMS remedy uk,/blog,uk,true
effective DOMS solution,/blog,uk,true
effective DOMS solution uk,/blog,uk,true
effective DOMS treatment,/blog,uk,true
effective DOMS treatment uk,/blog,uk,true
effective anti-inflammatory diet relief,/blog,uk,true
effective anti-inflammatory diet relief uk,/blog,uk,true
effective anti-inflammatory diet remedy,/blog,uk,true
effective anti-inflammatory diet remedy uk,/blog,uk,true
effective anti-inflammatory diet solution,/blog,uk,true
effective anti-inflammatory diet solution uk,/blog,uk,true
effective anti-inflammatory diet treatment,/blog,uk,true
effective anti-inflammatory diet treatment uk,/blog,uk,true
effective appendicular skeleton relief,/blog,uk,true
effective appendicular skeleton relief uk,/blog,uk,true
effective appendicular skeleton remedy,/blog,uk,true
effective appendicular skeleton remedy uk,/blog,uk,true
effective appendicular skeleton solution,/blog,uk,true
effective appendicular skeleton solution uk,/blog,uk,true
effective appendicular skeleton treatment,/blog,uk,true
effective appendicular skeleton treatment uk,/blog,uk,true
effective arthritis relief,/blog,uk,true
effective arthritis relief uk,/blog,uk,true
effective arthritis remedy,/blog,uk,true
effective arthritis remedy uk,/blog,uk,true
effective arthritis solution,/blog,uk,true
effective arthritis solution uk,/blog,uk,true
effective arthritis treatment,/blog,uk,true
effective arthritis treatment uk,/blog,uk,true
effective axial skeleton relief,/blog,uk,true
effective axial skeleton relief uk,/blog,uk,true
effective axial skeleton remedy,/blog,uk,true
effective axial skeleton remedy uk,/blog,uk,true
effective axial skeleton solution,/blog,uk,true
effective axial skeleton solution uk,/blog,uk,true
effective axial skeleton treatment,/blog,uk,true
effective axial skeleton treatment uk,/blog,uk,true
effective bmi relief,/blog,uk,true
effective bmi relief uk,/blog,uk,true
effective bmi remedy,/blog,uk,true
effective bmi remedy uk,/blog,uk,true
effective bmi solution,/blog,uk,true
effective bmi solution uk,/blog,uk,true
effective bmi treatment,/blog,uk,true
effective bmi treatment uk,/blog,uk,true
effective breathwork relief,/blog,uk,true
effective breathwork relief uk,/blog,uk,true
effective breathwork remedy,/blog,uk,true
effective breathwork remedy uk,/blog,uk,true
effective breathwork solution,/blog,uk,true
effective breathwork solution uk,/blog,uk,true
effective breathwork treatment,/blog,uk,true
effective breathwork treatment uk,/blog,uk,true
effective bursitis relief,/blog,uk,true
effective bursitis relief uk,/blog,uk,true
effective bursitis remedy,/blog,uk,true
effective bursitis remedy uk,/blog,uk,true
effective bursitis solution,/blog,uk,true
effective bursitis solution uk,/blog,uk,true
effective bursitis treatment,/blog,uk,true
effective bursitis treatment uk,/blog,uk,true
effective cervical vertebrae relief,/blog,uk,true
effective cervical vertebrae relief uk,/blog,uk,true
effective cervical vertebrae remedy,/blog,uk,true
effective cervical vertebrae remedy uk,/blog,uk,true
effective cervical vertebrae solution,/blog,uk,true
effective cervical vertebrae solution uk,/blog,uk,true
effective cervical vertebrae treatment,/blog,uk,true
effective cervical vertebrae treatment uk,/blog,uk,true
effective chondroitin relief,/blog,uk,true
effective chondroitin relief uk,/blog,uk,true
effective chondroitin remedy,/blog,uk,true
effective chondroitin remedy uk,/blog,uk,true
effective chondroitin solution,/blog,uk,true
effective chondroitin solution uk,/blog,uk,true
effective chondroitin treatment,/blog,uk,true
effective chondroitin treatment uk,/blog,uk,true
effective collagen relief,/blog,uk,true
effective collagen relief uk,/blog,uk,true
effective collagen remedy,/blog,uk,true
effective collagen remedy uk,/blog,uk,true
effective collagen solution,/blog,uk,true
effective collagen solution uk,/blog,uk,true
effective collagen treatment,/blog,uk,true
effective collagen treatment uk,/blog,uk,true
effective cortisol relief,/blog,uk,true
effective cortisol relief uk,/blog,uk,true
effective cortisol remedy,/blog,uk,true
effective cortisol remedy uk,/blog,uk,true
effective cortisol solution,/blog,uk,true
effective cortisol solution uk,/blog,uk,true
effective cortisol treatment,/blog,uk,true
effective cortisol treatment uk,/blog,uk,true
effective dislocation relief,/blog,uk,true
effective dislocation relief uk,/blog,uk,true
effective dislocation remedy,/blog,uk,true
effective dislocation remedy uk,/blog,uk,true
effective dislocation solution,/blog,uk,true
effective dislocation solution uk,/blog,uk,true
effective dislocation treatment,/blog,uk,true
effective dislocation treatment uk,/blog,uk,true
effective ginger relief,/blog,uk,true
effective ginger relief uk,/blog,uk,true
effective ginger remedy,/blog,uk,true
effective ginger remedy uk,/blog,uk,true
effective ginger solution,/blog,uk,true
effective ginger solution uk,/blog,uk,true
effective ginger treatment,/blog,uk,true
effective ginger treatment uk,/blog,uk,true
effective glucosamine relief,/blog,uk,true
effective glucosamine relief uk,/blog,uk,true
effective glucosamine remedy,/blog,uk,true
effective glucosamine remedy uk,/blog,uk,true
effective glucosamine solution,/blog,uk,true
effective glucosamine solution uk,/blog,uk,true
effective glucosamine treatment,/blog,uk,true
effective glucosamine treatment uk,/blog,uk,true
effective herniated disc relief,/blog,uk,true
effective herniated disc relief uk,/blog,uk,true
effective herniated disc remedy,/blog,uk,true
effective herniated disc remedy uk,/blog,uk,true
effective herniated disc solution,/blog,uk,true
effective herniated disc solution uk,/blog,uk,true
effective herniated disc treatment,/blog,uk,true
effective herniated disc treatment uk,/blog,uk,true
effective intermittent fasting relief,/blog,uk,true
effective intermittent fasting relief uk,/blog,uk,true
effective intermittent fasting remedy,/blog,uk,true
effective intermittent fasting remedy uk,/blog,uk,true
effective intermittent fasting solution,/blog,uk,true
effective intermittent fasting solution uk,/blog,uk,true
effective intermittent fasting treatment,/blog,uk,true
effective intermittent fasting treatment uk,/blog,uk,true
effective joint pain relief,/blog,uk,true
effective joint pain relief uk,/blog,uk,true
effective joint pain remedy,/blog,uk,true
effective joint pain remedy uk,/blog,uk,true
effective joint pain solution,/blog,uk,true
effective joint pain solution uk,/blog,uk,true
effective joint pain treatment,/blog,uk,true
effective joint pain treatment uk,/blog,uk,true
effective kyphosis relief,/blog,uk,true
effective kyphosis relief uk,/blog,uk,true
effective kyphosis remedy,/blog,uk,true
effective kyphosis remedy uk,/blog,uk,true
effective kyphosis solution,/blog,uk,true
effective kyphosis solution uk,/blog,uk,true
effective kyphosis treatment,/blog,uk,true
effective kyphosis treatment uk,/blog,uk,true
effective lower back pain relief,/blog,uk,true
effective lower back pain relief uk,/blog,uk,true
effective lower back pain remedy,/blog,uk,true
effective lower back pain remedy uk,/blog,uk,true
effective lower back pain solution,/blog,uk,true
effective lower back pain solution uk,/blog,uk,true
effective lower back pain treatment,/blog,uk,true
effective lower back pain treatment uk,/blog,uk,true
effective magnesium relief,/blog,uk,true
effective magnesium relief uk,/blog,uk,true
effective magnesium remedy,/blog,uk,true
effective magnesium remedy uk,/blog,uk,true
effective magnesium solution,/blog,uk,true
effective magnesium solution uk,/blog,uk,true
effective magnesium treatment,/blog,uk,true
effective magnesium treatment uk,/blog,uk,true
effective mediterranean diet relief,/blog,uk,true
effective mediterranean diet relief uk,/blog,uk,true
effective mediterranean diet remedy,/blog,uk,true
effective mediterranean diet remedy uk,/blog,uk,true
effective mediterranean diet solution,/blog,uk,true
effective mediterranean diet solution uk,/blog,uk,true
effective mediterranean diet treatment,/blog,uk,true
effective mediterranean diet treatment uk,/blog,uk,true
effective mindfulness relief,/blog,uk,true
effective mindfulness relief uk,/blog,uk,true
effective mindfulness remedy,/blog,uk,true
effective mindfulness remedy uk,/blog,uk,true
effective mindfulness solution,/blog,uk,true
effective mindfulness solution uk,/blog,uk,true
effective mindfulness treatment,/blog,uk,true
effective mindfulness treatment uk,/blog,uk,true
effective muscle atrophy relief,/blog,uk,true
effective muscle atrophy relief uk,/blog,uk,true
effective muscle atrophy remedy,/blog,uk,true
effective muscle atrophy remedy uk,/blog,uk,true
effective muscle atrophy solution,/blog,uk,true
effective muscle atrophy solution uk,/blog,uk,true
effective muscle atrophy treatment,/blog,uk,true
effective muscle atrophy treatment uk,/blog,uk,true
effective obesity relief,/blog,uk,true
effective obesity relief uk,/blog,uk,true
effective obesity remedy,/blog,uk,true
effective obesity remedy uk,/blog,uk,true
effective obesity solution,/blog,uk,true
effective obesity solution uk,/blog,uk,true
effective obesity treatment,/blog,uk,true
effective obesity treatment uk,/blog,uk,true
effective omega 3 relief,/blog,uk,true
effective omega 3 relief uk,/blog,uk,true
effective omega 3 remedy,/blog,uk,true
effective omega 3 remedy uk,/blog,uk,true
effective omega 3 solution,/blog,uk,true
effective omega 3 solution uk,/blog,uk,true
effective omega 3 treatment,/blog,uk,true
effective omega 3 treatment uk,/blog,uk,true
effective protein relief,/blog,uk,true
effective protein relief uk,/blog,uk,true
effective protein remedy,/blog,uk,true
effective protein remedy uk,/blog,uk,true
effective protein solution,/blog,uk,true
effective protein solution uk,/blog,uk,true
effective protein treatment,/blog,uk,true
effective protein treatment uk,/blog,uk,true
effective resistance training relief,/blog,uk,true
effective resistance training relief uk,/blog,uk,true
effective resistance training remedy,/blog,uk,true
effective resistance training remedy uk,/blog,uk,true
effective resistance training solution,/blog,uk,true
effective resistance training solution uk,/blog,uk,true
effective resistance training treatment,/blog,uk,true
effective resistance training treatment uk,/blog,uk,true
effective sarcopenia relief,/blog,uk,true
effective sarcopenia relief uk,/blog,uk,true
effective sarcopenia remedy,/blog,uk,true
effective sarcopenia remedy uk,/blog,uk,true
effective sarcopenia solution,/blog,uk,true
effective sarcopenia solution uk,/blog,uk,true
effective sarcopenia treatment,/blog,uk,true
effective sarcopenia treatment uk,/blog,uk,true
effective sciatica relief,/blog,uk,true
effective sciatica relief uk,/blog,uk,true
effective sciatica remedy,/blog,uk,true
effective sciatica remedy uk,/blog,uk,true
effective sciatica solution,/blog,uk,true
effective sciatica solution uk,/blog,uk,true
effective sciatica treatment,/blog,uk,true
effective sciatica treatment uk,/blog,uk,true
effective skeletal system relief,/blog,uk,true
effective skeletal system relief uk,/blog,uk,true
effective skeletal system remedy,/blog,uk,true
effective skeletal system remedy uk,/blog,uk,true
effective skeletal system solution,/blog,uk,true
effective skeletal system solution uk,/blog,uk,true
effective skeletal system treatment,/blog,uk,true
effective skeletal system treatment uk,/blog,uk,true
effective sleep relief,/blog,uk,true
effective sleep relief uk,/blog,uk,true
effective sleep remedy,/blog,uk,true
effective sleep remedy uk,/blog,uk,true
effective sleep solution,/blog,uk,true
effective sleep solution uk,/blog,uk,true
effective sleep treatment,/blog,uk,true
effective sleep treatment uk,/blog,uk,true
effective spinal stenosis relief,/blog,uk,true
effective spinal stenosis relief uk,/blog,uk,true
effective spinal stenosis remedy,/blog,uk,true
effective spinal stenosis remedy uk,/blog,uk,true
effective spinal stenosis solution,/blog,uk,true
effective spinal stenosis solution uk,/blog,uk,true
effective spinal stenosis treatment,/blog,uk,true
effective spinal stenosis treatment uk,/blog,uk,true
effective sprain relief,/blog,uk,true
effective sprain relief uk,/blog,uk,true
effective sprain remedy,/blog,uk,true
effective sprain remedy uk,/blog,uk,true
effective sprain solution,/blog,uk,true
effective sprain solution uk,/blog,uk,true
effective sprain treatment,/blog,uk,true
effective sprain treatment uk,/blog,uk,true
effective strain relief,/blog,uk,true
effective strain relief uk,/blog,uk,true
effective strain remedy,/blog,uk,true
effective strain remedy uk,/blog,uk,true
effective strain solution,/blog,uk,true
effective strain solution uk,/blog,uk,true
effective strain treatment,/blog,uk,true
effective strain treatment uk,/blog,uk,true
effective tendinopathy relief,/blog,uk,true
effective tendinopathy relief uk,/blog,uk,true
effective tendinopathy remedy,/blog,uk,true
effective tendinopathy remedy uk,/blog,uk,true
effective tendinopathy solution,/blog,uk,true
effective tendinopathy solution uk,/blog,uk,true
effective tendinopathy treatment,/blog,uk,true
effective tendinopathy treatment uk,/blog,uk,true
effective thoracic vertebrae relief,/blog,uk,true
effective thoracic vertebrae relief uk,/blog,uk,true
effective thoracic vertebrae remedy,/blog,uk,true
effective thoracic vertebrae remedy uk,/blog,uk,true
effective thoracic vertebrae solution,/blog,uk,true
effective thoracic vertebrae solution uk,/blog,uk,true
effective thoracic vertebrae treatment,/blog,uk,true
effective thoracic vertebrae treatment uk,/blog,uk,true
effective turmeric relief,/blog,uk,true
effective turmeric relief uk,/blog,uk,true
effective turmeric remedy,/blog,uk,true
effective turmeric remedy uk,/blog,uk,true
effective turmeric solution,/blog,uk,true
effective turmeric solution uk,/blog,uk,true
effective turmeric treatment,/blog,uk,true
effective turmeric treatment uk,/blog,uk,true
effective vitamin d relief,/blog,uk,true
effective vitamin d relief uk,/blog,uk,true
effective vitamin d remedy,/blog,uk,true
effective vitamin d remedy uk,/blog,uk,true
effective vitamin d solution,/blog,uk,true
effective vitamin d solution uk,/blog,uk,true
effective vitamin d treatment,/blog,uk,true
effective vitamin d treatment uk,/blog,uk,true
effective weight loss relief,/blog,uk,true
effective weight loss relief uk,/blog,uk,true
effective weight loss remedy,/blog,uk,true
effective weight loss remedy uk,/blog,uk,true
effective weight loss solution,/blog,uk,true
effective weight loss solution uk,/blog,uk,true
effective weight loss treatment,/blog,uk,true
effective weight loss treatment uk,/blog,uk,true
effectiveness of joint pain,/blog,uk,true
effectiveness of osteoarthritis,/blog,uk,true
effectiveness of rheumatoid arthritis,/blog,uk,true
elbow and shoulder pain,/blog,uk,true
elbow arthritis,/blog,uk,true
elbow arthritis uk,/blog,uk,true
elbow exercises,/blog,uk,true
elbow exercises uk,/blog,uk,true
elbow injury,/blog,uk,true
elbow injury uk,/blog,uk,true
elbow pain,/blog,uk,true
elbow pain uk,/blog,uk,true
elbow relief,/blog,uk,true
elbow relief uk,/blog,uk,true
elbow shoulder arthritis,/blog,uk,true
elbow strain,/blog,uk,true
elbow strain uk,/blog,uk,true
elbow stretches,/blog,uk,true
elbow stretches uk,/blog,uk,true
elderly with arthritis,/blog,uk,true
elderly with joint pain,/blog,uk,true
elderly with osteoporosis,/blog,uk,true
emotional arthritis,/blog,uk,true
england arthritis support,/blog,uk,true
england joint pain clinic,/blog,uk,true
england rheumatology,/blog,uk,true
essential oils arthritis,/blog,uk,true
essential oils joint pain,/blog,uk,true
evidence arthritis treatment,/blog,uk,true
evidence joint health supplement,/blog,uk,true
exercise and arthritis management,/blog,uk,true
exercise and inflammation,/blog,uk,true
exercise and joint health,/blog,uk,true
exercise arthritis flare,/blog,uk,true
exercise for arthritis,/blog,uk,true
exercise for back pain,/blog,uk,true
exercise for joint pain,/blog,uk,true
exercise for osteoarthritis,/blog,uk,true
exercises for after injection,/blog,uk,true
exercises for injury recovery,/blog,uk,true
exercises for post-surgery,/blog,uk,true
exercises for recovery,/blog,uk,true
exercises for rehabilitation,/blog,uk,true
exercises older adults,/blog,uk,true
exercises over 50,/blog,uk,true
exercises over 60,/blog,uk,true
exercises over 65,/blog,uk,true
exercises over 70,/blog,uk,true
exercises seniors,/blog,uk,true
expected outcome of osteoarthritis,/blog,uk,true
expected outcome of rheumatoid arthritis,/blog,uk,true
facet joint syndrome,/blog,uk,true
facet joint syndrome 2026,/blog,uk,true
facet joint syndrome advanced,/blog,uk,true
facet joint syndrome alternative,/blog,uk,true
facet joint syndrome at home,/blog,uk,true
facet joint syndrome beginner,/blog,uk,true
facet joint syndrome clinic,/blog,uk,true
facet joint syndrome diet,/blog,uk,true
facet joint syndrome easy,/blog,uk,true
facet joint syndrome effective,/blog,uk,true
facet joint syndrome exercises,/blog,uk,true
facet joint syndrome fast,/blog,uk,true
facet joint syndrome for adults,/blog,uk,true
facet joint syndrome for beginners,/blog,uk,true
facet joint syndrome for men,/blog,uk,true
facet joint syndrome for seniors,/blog,uk,true
facet joint syndrome for women,/blog,uk,true
facet joint syndrome free,/blog,uk,true
facet joint syndrome gentle,/blog,uk,true
facet joint syndrome guide,/blog,uk,true
facet joint syndrome help,/blog,uk,true
facet joint syndrome home remedies,/blog,uk,true
facet joint syndrome hospital,/blog,uk,true
facet joint syndrome latest,/blog,uk,true
facet joint syndrome low cost,/blog,uk,true
facet joint syndrome medicine,/blog,uk,true
facet joint syndrome natural,/blog,uk,true
facet joint syndrome near me,/blog,uk,true
facet joint syndrome new,/blog,uk,true
facet joint syndrome nhs,/blog,uk,true
facet joint syndrome nhs waiting list,/blog,uk,true
facet joint syndrome over 50,/blog,uk,true
facet joint syndrome over 60,/blog,uk,true
facet joint syndrome over 70,/blog,uk,true
facet joint syndrome prevention,/blog,uk,true
facet joint syndrome private,/blog,uk,true
facet joint syndrome proven,/blog,uk,true
facet joint syndrome quick,/blog,uk,true
facet joint syndrome relief,/blog,uk,true
facet joint syndrome safe,/blog,uk,true
facet joint syndrome simple,/blog,uk,true
facet joint syndrome supplement,/blog,uk,true
facet joint syndrome symptoms,/blog,uk,true
facet joint syndrome therapy,/blog,uk,true
facet joint syndrome tips,/blog,uk,true
facet joint syndrome treatment,/blog,uk,true
facet joint syndrome uk,/blog,uk,true
falls prevention,/blog,uk,true
falls prevention 2026,/blog,uk,true
falls prevention advanced,/blog,uk,true
falls prevention alternative,/blog,uk,true
falls prevention at home,/blog,uk,true
falls prevention beginner,/blog,uk,true
falls prevention clinic,/blog,uk,true
falls prevention diet,/blog,uk,true
falls prevention easy,/blog,uk,true
falls prevention effective,/blog,uk,true
falls prevention exercises,/blog,uk,true
falls prevention fast,/blog,uk,true
falls prevention for adults,/blog,uk,true
falls prevention for beginners,/blog,uk,true
falls prevention for men,/blog,uk,true
falls prevention for seniors,/blog,uk,true
falls prevention for women,/blog,uk,true
falls prevention free,/blog,uk,true
falls prevention gentle,/blog,uk,true
falls prevention guide,/blog,uk,true
falls prevention help,/blog,uk,true
falls prevention help uk,/blog,uk,true
falls prevention home remedies,/blog,uk,true
falls prevention hospital,/blog,uk,true
falls prevention latest,/blog,uk,true
falls prevention low cost,/blog,uk,true
falls prevention management,/blog,uk,true
falls prevention medicine,/blog,uk,true
falls prevention natural,/blog,uk,true
falls prevention near me,/blog,uk,true
falls prevention new,/blog,uk,true
falls prevention nhs,/blog,uk,true
falls prevention nhs waiting list,/blog,uk,true
falls prevention over 50,/blog,uk,true
falls prevention over 60,/blog,uk,true
falls prevention over 70,/blog,uk,true
falls prevention prevention,/blog,uk,true
falls prevention private,/blog,uk,true
falls prevention proven,/blog,uk,true
falls prevention quick,/blog,uk,true
falls prevention relief,/blog,uk,true
falls prevention safe,/blog,uk,true
falls prevention simple,/blog,uk,true
falls prevention supplement,/blog,uk,true
falls prevention symptoms,/blog,uk,true
falls prevention therapy,/blog,uk,true
falls prevention tips,/blog,uk,true
falls prevention treatment,/blog,uk,true
falls prevention uk,/blog,uk,true
family history arthritis risk,/blog,uk,true
fascia anatomy,/blog,uk,true
fascia anatomy 2026,/blog,uk,true
fascia anatomy advanced,/blog,uk,true
fascia anatomy alternative,/blog,uk,true
fascia anatomy at home,/blog,uk,true
fascia anatomy beginner,/blog,uk,true
fascia anatomy clinic,/blog,uk,true
fascia anatomy diet,/blog,uk,true
fascia anatomy easy,/blog,uk,true
fascia anatomy effective,/blog,uk,true
fascia anatomy exercises,/blog,uk,true
fascia anatomy fast,/blog,uk,true
fascia anatomy for adults,/blog,uk,true
fascia anatomy for beginners,/blog,uk,true
fascia anatomy for men,/blog,uk,true
fascia anatomy for seniors,/blog,uk,true
fascia anatomy for women,/blog,uk,true
fascia anatomy free,/blog,uk,true
fascia anatomy gentle,/blog,uk,true
fascia anatomy guide,/blog,uk,true
fascia anatomy help,/blog,uk,true
fascia anatomy home remedies,/blog,uk,true
fascia anatomy hospital,/blog,uk,true
fascia anatomy latest,/blog,uk,true
fascia anatomy low cost,/blog,uk,true
fascia anatomy medicine,/blog,uk,true
fascia anatomy natural,/blog,uk,true
fascia anatomy near me,/blog,uk,true
fascia anatomy new,/blog,uk,true
fascia anatomy nhs,/blog,uk,true
fascia anatomy nhs waiting list,/blog,uk,true
fascia anatomy over 50,/blog,uk,true
fascia anatomy over 60,/blog,uk,true
fascia anatomy over 70,/blog,uk,true
fascia anatomy prevention,/blog,uk,true
fascia anatomy private,/blog,uk,true
fascia anatomy proven,/blog,uk,true
fascia anatomy quick,/blog,uk,true
fascia anatomy relief,/blog,uk,true
fascia anatomy safe,/blog,uk,true
fascia anatomy simple,/blog,uk,true
fascia anatomy supplement,/blog,uk,true
fascia anatomy symptoms,/blog,uk,true
fascia anatomy therapy,/blog,uk,true
fascia anatomy tips,/blog,uk,true
fascia anatomy treatment,/blog,uk,true
fascia anatomy uk,/blog,uk,true
fast relief arthritis,/blog,uk,true
fast relief joint pain,/blog,uk,true
fastest DOMS,/blog,uk,true
fastest DOMS uk,/blog,uk,true
fastest ankylosing spondylitis,/blog,uk,true
fastest ankylosing spondylitis uk,/blog,uk,true
fastest anti inflammatory smoothie,/blog,uk,true
fastest anti inflammatory smoothie uk,/blog,uk,true
fastest anti-inflammatory diet,/blog,uk,true
fastest anti-inflammatory diet uk,/blog,uk,true
fastest appendicular skeleton,/blog,uk,true
fastest appendicular skeleton uk,/blog,uk,true
fastest arthritis,/blog,uk,true
fastest arthritis aids,/blog,uk,true
fastest arthritis aids uk,/blog,uk,true
fastest arthritis uk,/blog,uk,true
fastest axial skeleton,/blog,uk,true
fastest axial skeleton uk,/blog,uk,true
fastest balance training,/blog,uk,true
fastest balance training uk,/blog,uk,true
fastest beetroot,/blog,uk,true
fastest beetroot uk,/blog,uk,true
fastest biologic dmards,/blog,uk,true
fastest biologic dmards uk,/blog,uk,true
fastest blue badge,/blog,uk,true
fastest blue badge uk,/blog,uk,true
fastest bmi,/blog,uk,true
fastest bmi uk,/blog,uk,true
fastest bone marrow function,/blog,uk,true
fastest bone marrow function uk,/blog,uk,true
fastest boswellia,/blog,uk,true
fastest boswellia uk,/blog,uk,true
fastest breathwork,/blog,uk,true
fastest breathwork uk,/blog,uk,true
fastest bursitis,/blog,uk,true
fastest bursitis uk,/blog,uk,true
fastest calcium,/blog,uk,true
fastest calcium uk,/blog,uk,true
fastest calorie deficit,/blog,uk,true
fastest calorie deficit uk,/blog,uk,true
fastest carer support,/blog,uk,true
fastest carer support uk,/blog,uk,true
fastest carpal tunnel,/blog,uk,true
fastest carpal tunnel uk,/blog,uk,true
fastest cartilage anatomy,/blog,uk,true
fastest cartilage anatomy uk,/blog,uk,true
fastest cervical vertebrae,/blog,uk,true
fastest cervical vertebrae uk,/blog,uk,true
fastest chondroitin,/blog,uk,true
fastest chondroitin uk,/blog,uk,true
fastest circadian rhythm,/blog,uk,true
fastest circadian rhythm uk,/blog,uk,true
fastest clinical frailty scale,/blog,uk,true
fastest clinical frailty scale uk,/blog,uk,true
fastest coccyx,/blog,uk,true
fastest coccyx uk,/blog,uk,true
fastest collagen,/blog,uk,true
fastest collagen uk,/blog,uk,true
fastest cooking,/blog,uk,true
fastest cooking uk,/blog,uk,true
fastest core strength,/blog,uk,true
fastest core strength uk,/blog,uk,true
fastest cortisol,/blog,uk,true
fastest cortisol uk,/blog,uk,true
fastest diet,/blog,uk,true
fastest diet uk,/blog,uk,true
fastest disability benefits,/blog,uk,true
fastest disability benefits uk,/blog,uk,true
fastest dislocation,/blog,uk,true
fastest dislocation uk,/blog,uk,true
fastest dressing,/blog,uk,true
fastest dressing uk,/blog,uk,true
fastest driving,/blog,uk,true
fastest driving uk,/blog,uk,true
fastest early ra,/blog,uk,true
fastest early ra uk,/blog,uk,true
fastest facet joint syndrome,/blog,uk,true
fastest facet joint syndrome uk,/blog,uk,true
fastest falls prevention,/blog,uk,true
fastest falls prevention uk,/blog,uk,true
fastest fascia anatomy,/blog,uk,true
fastest fascia anatomy uk,/blog,uk,true
fastest fatigue,/blog,uk,true
fastest fatigue uk,/blog,uk,true
fastest fear of falling,/blog,uk,true
fastest fear of falling uk,/blog,uk,true
fastest fibromyalgia,/blog,uk,true
fastest fibromyalgia uk,/blog,uk,true
fastest fish oil,/blog,uk,true
fastest fish oil uk,/blog,uk,true
fastest flare up,/blog,uk,true
fastest flare up uk,/blog,uk,true
fastest frailty,/blog,uk,true
fastest frailty uk,/blog,uk,true
fastest frozen shoulder,/blog,uk,true
fastest frozen shoulder uk,/blog,uk,true
fastest geriatric assessment,/blog,uk,true
fastest geriatric assessment uk,/blog,uk,true
fastest ginger,/blog,uk,true
fastest ginger uk,/blog,uk,true
fastest gloves,/blog,uk,true
fastest gloves uk,/blog,uk,true
fastest glucosamine,/blog,uk,true
fastest glucosamine uk,/blog,uk,true
fastest gout,/blog,uk,true
fastest gout uk,/blog,uk,true
fastest grading,/blog,uk,true
fastest grading uk,/blog,uk,true
fastest grip strength,/blog,uk,true
fastest grip strength uk,/blog,uk,true
fastest hand osteoarthritis,/blog,uk,true
fastest hand osteoarthritis uk,/blog,uk,true
fastest herniated disc,/blog,uk,true
fastest herniated disc uk,/blog,uk,true
fastest hip osteoarthritis,/blog,uk,true
fastest hip osteoarthritis uk,/blog,uk,true
fastest home hazards,/blog,uk,true
fastest home hazards uk,/blog,uk,true
fastest intermittent fasting,/blog,uk,true
fastest intermittent fasting uk,/blog,uk,true
fastest joint capsule,/blog,uk,true
fastest joint capsule uk,/blog,uk,true
fastest joint pain,/blog,uk,true
fastest joint pain foods,/blog,uk,true
fastest joint pain foods uk,/blog,uk,true
fastest joint pain uk,/blog,uk,true
fastest juvenile arthritis,/blog,uk,true
fastest juvenile arthritis uk,/blog,uk,true
fastest knee osteoarthritis,/blog,uk,true
fastest knee osteoarthritis uk,/blog,uk,true
fastest kyphosis,/blog,uk,true
fastest kyphosis uk,/blog,uk,true
fastest leaky gut,/blog,uk,true
fastest leaky gut uk,/blog,uk,true
fastest leucine,/blog,uk,true
fastest leucine uk,/blog,uk,true
fastest ligaments vs tendons,/blog,uk,true
fastest ligaments vs tendons uk,/blog,uk,true
fastest lower back pain,/blog,uk,true
fastest lower back pain uk,/blog,uk,true
fastest lumbar vertebrae,/blog,uk,true
fastest lumbar vertebrae uk,/blog,uk,true
fastest lupus,/blog,uk,true
fastest lupus uk,/blog,uk,true
fastest magnesium,/blog,uk,true
fastest magnesium uk,/blog,uk,true
fastest mattress,/blog,uk,true
fastest mattress uk,/blog,uk,true
fastest mediterranean diet,/blog,uk,true
fastest mediterranean diet uk,/blog,uk,true
fastest meniscus tear,/blog,uk,true
fastest meniscus tear uk,/blog,uk,true
fastest menopause,/blog,uk,true
fastest menopause uk,/blog,uk,true
fastest metabolism,/blog,uk,true
fastest metabolism uk,/blog,uk,true
fastest methotrexate,/blog,uk,true
fastest methotrexate uk,/blog,uk,true
fastest mindfulness,/blog,uk,true
fastest mindfulness uk,/blog,uk,true
fastest msm,/blog,uk,true
fastest msm uk,/blog,uk,true
fastest muscle atrophy,/blog,uk,true
fastest muscle atrophy uk,/blog,uk,true
fastest muscle imbalance,/blog,uk,true
fastest muscle imbalance uk,/blog,uk,true
fastest myofascial release,/blog,uk,true
fastest myofascial release uk,/blog,uk,true
fastest nhs,/blog,uk,true
fastest nhs uk,/blog,uk,true
fastest obesity,/blog,uk,true
fastest obesity uk,/blog,uk,true
fastest omega 3,/blog,uk,true
fastest omega 3 uk,/blog,uk,true
fastest osteoarthritis,/blog,uk,true
fastest osteoarthritis uk,/blog,uk,true
fastest osteoporosis,/blog,uk,true
fastest osteoporosis uk,/blog,uk,true
fastest pip,/blog,uk,true
fastest pip uk,/blog,uk,true
fastest plantar fasciitis,/blog,uk,true
fastest plantar fasciitis uk,/blog,uk,true
fastest polymyalgia,/blog,uk,true
fastest polymyalgia uk,/blog,uk,true
fastest polyphenols,/blog,uk,true
fastest polyphenols uk,/blog,uk,true
fastest portion control,/blog,uk,true
fastest portion control uk,/blog,uk,true
fastest posture,/blog,uk,true
fastest posture uk,/blog,uk,true
fastest pregnancy,/blog,uk,true
fastest pregnancy uk,/blog,uk,true
fastest processed food,/blog,uk,true
fastest processed food uk,/blog,uk,true
fastest protein,/blog,uk,true
fastest protein uk,/blog,uk,true
fastest psoriatic arthritis,/blog,uk,true
fastest psoriatic arthritis uk,/blog,uk,true
fastest ra flare,/blog,uk,true
fastest ra flare uk,/blog,uk,true
fastest reactive arthritis,/blog,uk,true
fastest reactive arthritis uk,/blog,uk,true
fastest remission,/blog,uk,true
fastest remission uk,/blog,uk,true
fastest resistance training,/blog,uk,true
fastest resistance training uk,/blog,uk,true
fastest rheumatoid arthritis,/blog,uk,true
fastest rheumatoid arthritis uk,/blog,uk,true
fastest rotator cuff injury,/blog,uk,true
fastest rotator cuff injury uk,/blog,uk,true
fastest sacrum,/blog,uk,true
fastest sacrum uk,/blog,uk,true
fastest sarcopenia,/blog,uk,true
fastest sarcopenia uk,/blog,uk,true
fastest sciatica,/blog,uk,true
fastest sciatica uk,/blog,uk,true
fastest scoliosis,/blog,uk,true
fastest scoliosis uk,/blog,uk,true
fastest screen time,/blog,uk,true
fastest screen time uk,/blog,uk,true
fastest septic arthritis,/blog,uk,true
fastest septic arthritis uk,/blog,uk,true
fastest seronegative,/blog,uk,true
fastest seronegative uk,/blog,uk,true
fastest skeletal system,/blog,uk,true
fastest skeletal system uk,/blog,uk,true
fastest sleep,/blog,uk,true
fastest sleep uk,/blog,uk,true
fastest spinal stenosis,/blog,uk,true
fastest spinal stenosis uk,/blog,uk,true
fastest spondylolisthesis,/blog,uk,true
fastest spondylolisthesis uk,/blog,uk,true
fastest sprain,/blog,uk,true
fastest sprain uk,/blog,uk,true
fastest strain,/blog,uk,true
fastest strain uk,/blog,uk,true
fastest sugar inflammation,/blog,uk,true
fastest sugar inflammation uk,/blog,uk,true
fastest synovial joint,/blog,uk,true
fastest synovial joint uk,/blog,uk,true
fastest tai chi,/blog,uk,true
fastest tai chi uk,/blog,uk,true
fastest tendinopathy,/blog,uk,true
fastest tendinopathy uk,/blog,uk,true
fastest tennis elbow,/blog,uk,true
fastest tennis elbow uk,/blog,uk,true
fastest thoracic vertebrae,/blog,uk,true
fastest thoracic vertebrae uk,/blog,uk,true
fastest travel,/blog,uk,true
fastest travel uk,/blog,uk,true
fastest turmeric,/blog,uk,true
fastest turmeric uk,/blog,uk,true
fastest vagus nerve,/blog,uk,true
fastest vagus nerve uk,/blog,uk,true
fastest vertebral disc anatomy,/blog,uk,true
fastest vertebral disc anatomy uk,/blog,uk,true
fastest visceral fat,/blog,uk,true
fastest visceral fat uk,/blog,uk,true
fastest vitamin d,/blog,uk,true
fastest vitamin d uk,/blog,uk,true
fastest vitamin k2,/blog,uk,true
fastest vitamin k2 uk,/blog,uk,true
fastest weight loss,/blog,uk,true
fastest weight loss uk,/blog,uk,true
fastest work,/blog,uk,true
fastest work uk,/blog,uk,true
fastest yoga,/blog,uk,true
fastest yoga uk,/blog,uk,true
fastest zinc,/blog,uk,true
fastest zinc uk,/blog,uk,true
fatigue,/blog,uk,true
fatigue 2026,/blog,uk,true
fatigue advanced,/blog,uk,true
fatigue alternative,/blog,uk,true
fatigue at home,/blog,uk,true
fatigue beginner,/blog,uk,true
fatigue clinic,/blog,uk,true
fatigue diet,/blog,uk,true
fatigue easy,/blog,uk,true
fatigue effective,/blog,uk,true
fatigue exercises,/blog,uk,true
fatigue fast,/blog,uk,true
fatigue for adults,/blog,uk,true
fatigue for beginners,/blog,uk,true
fatigue for men,/blog,uk,true
fatigue for seniors,/blog,uk,true
fatigue for women,/blog,uk,true
fatigue free,/blog,uk,true
fatigue gentle,/blog,uk,true
fatigue guide,/blog,uk,true
fatigue help,/blog,uk,true
fatigue home remedies,/blog,uk,true
fatigue hospital,/blog,uk,true
fatigue latest,/blog,uk,true
fatigue low cost,/blog,uk,true
fatigue medicine,/blog,uk,true
fatigue natural,/blog,uk,true
fatigue near me,/blog,uk,true
fatigue new,/blog,uk,true
fatigue nhs,/blog,uk,true
fatigue nhs waiting list,/blog,uk,true
fatigue over 50,/blog,uk,true
fatigue over 60,/blog,uk,true
fatigue over 70,/blog,uk,true
fatigue prevention,/blog,uk,true
fatigue private,/blog,uk,true
fatigue proven,/blog,uk,true
fatigue quick,/blog,uk,true
fatigue relief,/blog,uk,true
fatigue safe,/blog,uk,true
fatigue simple,/blog,uk,true
fatigue supplement,/blog,uk,true
fatigue symptoms,/blog,uk,true
fatigue therapy,/blog,uk,true
fatigue tips,/blog,uk,true
fatigue treatment,/blog,uk,true
fatigue uk,/blog,uk,true
fear of falling,/blog,uk,true
fear of falling 2026,/blog,uk,true
fear of falling advanced,/blog,uk,true
fear of falling alternative,/blog,uk,true
fear of falling at home,/blog,uk,true
fear of falling beginner,/blog,uk,true
fear of falling clinic,/blog,uk,true
fear of falling diet,/blog,uk,true
fear of falling easy,/blog,uk,true
fear of falling effective,/blog,uk,true
fear of falling exercises,/blog,uk,true
fear of falling fast,/blog,uk,true
fear of falling for adults,/blog,uk,true
fear of falling for beginners,/blog,uk,true
fear of falling for men,/blog,uk,true
fear of falling for seniors,/blog,uk,true
fear of falling for women,/blog,uk,true
fear of falling free,/blog,uk,true
fear of falling gentle,/blog,uk,true
fear of falling guide,/blog,uk,true
fear of falling help,/blog,uk,true
fear of falling home remedies,/blog,uk,true
fear of falling hospital,/blog,uk,true
fear of falling latest,/blog,uk,true
fear of falling low cost,/blog,uk,true
fear of falling medicine,/blog,uk,true
fear of falling natural,/blog,uk,true
fear of falling near me,/blog,uk,true
fear of falling new,/blog,uk,true
fear of falling nhs,/blog,uk,true
fear of falling nhs waiting list,/blog,uk,true
fear of falling over 50,/blog,uk,true
fear of falling over 60,/blog,uk,true
fear of falling over 70,/blog,uk,true
fear of falling prevention,/blog,uk,true
fear of falling private,/blog,uk,true
fear of falling proven,/blog,uk,true
fear of falling quick,/blog,uk,true
fear of falling relief,/blog,uk,true
fear of falling safe,/blog,uk,true
fear of falling simple,/blog,uk,true
fear of falling supplement,/blog,uk,true
fear of falling symptoms,/blog,uk,true
fear of falling therapy,/blog,uk,true
fear of falling tips,/blog,uk,true
fear of falling treatment,/blog,uk,true
fear of falling uk,/blog,uk,true
fibromyalgia,/blog,uk,true
fibromyalgia 2026,/blog,uk,true
fibromyalgia advanced,/blog,uk,true
fibromyalgia alternative,/blog,uk,true
fibromyalgia at home,/blog,uk,true
fibromyalgia beginner,/blog,uk,true
fibromyalgia clinic,/blog,uk,true
fibromyalgia cure uk,/blog,uk,true
fibromyalgia diet,/blog,uk,true
fibromyalgia easy,/blog,uk,true
fibromyalgia effective,/blog,uk,true
fibromyalgia exercises,/blog,uk,true
fibromyalgia fast,/blog,uk,true
fibromyalgia for adults,/blog,uk,true
fibromyalgia for beginners,/blog,uk,true
fibromyalgia for men,/blog,uk,true
fibromyalgia for seniors,/blog,uk,true
fibromyalgia for women,/blog,uk,true
fibromyalgia free,/blog,uk,true
fibromyalgia gentle,/blog,uk,true
fibromyalgia guide,/blog,uk,true
fibromyalgia help,/blog,uk,true
fibromyalgia help uk,/blog,uk,true
fibromyalgia home remedies,/blog,uk,true
fibromyalgia hospital,/blog,uk,true
fibromyalgia latest,/blog,uk,true
fibromyalgia low cost,/blog,uk,true
fibromyalgia management uk,/blog,uk,true
fibromyalgia medicine,/blog,uk,true
fibromyalgia natural,/blog,uk,true
fibromyalgia near me,/blog,uk,true
fibromyalgia new,/blog,uk,true
fibromyalgia nhs,/blog,uk,true
fibromyalgia nhs waiting list,/blog,uk,true
fibromyalgia over 50,/blog,uk,true
fibromyalgia over 60,/blog,uk,true
fibromyalgia over 70,/blog,uk,true
fibromyalgia pain uk,/blog,uk,true
fibromyalgia prevention,/blog,uk,true
fibromyalgia private,/blog,uk,true
fibromyalgia proven,/blog,uk,true
fibromyalgia quick,/blog,uk,true
fibromyalgia relief,/blog,uk,true
fibromyalgia relief uk,/blog,uk,true
fibromyalgia safe,/blog,uk,true
fibromyalgia simple,/blog,uk,true
fibromyalgia supplement,/blog,uk,true
fibromyalgia symptoms,/blog,uk,true
fibromyalgia therapy,/blog,uk,true
fibromyalgia tips,/blog,uk,true
fibromyalgia treatment,/blog,uk,true
fibromyalgia treatment uk,/blog,uk,true
fibromyalgia uk,/blog,uk,true
find a gp,/blog,uk,true
find a occupational therapist,/blog,uk,true
find a physiotherapist,/blog,uk,true
find a rheumatologist,/blog,uk,true
fish oil,/blog,uk,true
fish oil 2026,/blog,uk,true
fish oil advanced,/blog,uk,true
fish oil alternative,/blog,uk,true
fish oil at home,/blog,uk,true
fish oil beginner,/blog,uk,true
fish oil clinic,/blog,uk,true
fish oil diet,/blog,uk,true
fish oil easy,/blog,uk,true
fish oil effective,/blog,uk,true
fish oil exercises,/blog,uk,true
fish oil fast,/blog,uk,true
fish oil for adults,/blog,uk,true
fish oil for beginners,/blog,uk,true
fish oil for men,/blog,uk,true
fish oil for seniors,/blog,uk,true
fish oil for women,/blog,uk,true
fish oil free,/blog,uk,true
fish oil gentle,/blog,uk,true
fish oil guide,/blog,uk,true
fish oil help,/blog,uk,true
fish oil home remedies,/blog,uk,true
fish oil hospital,/blog,uk,true
fish oil latest,/blog,uk,true
fish oil low cost,/blog,uk,true
fish oil medicine,/blog,uk,true
fish oil natural,/blog,uk,true
fish oil near me,/blog,uk,true
fish oil new,/blog,uk,true
fish oil nhs,/blog,uk,true
fish oil nhs waiting list,/blog,uk,true
fish oil over 50,/blog,uk,true
fish oil over 60,/blog,uk,true
fish oil over 70,/blog,uk,true
fish oil prevention,/blog,uk,true
fish oil private,/blog,uk,true
fish oil proven,/blog,uk,true
fish oil quick,/blog,uk,true
fish oil relief,/blog,uk,true
fish oil safe,/blog,uk,true
fish oil simple,/blog,uk,true
fish oil supplement,/blog,uk,true
fish oil symptoms,/blog,uk,true
fish oil therapy,/blog,uk,true
fish oil tips,/blog,uk,true
fish oil treatment,/blog,uk,true
fish oil uk,/blog,uk,true
fitness older adults,/blog,uk,true
fitness over 50,/blog,uk,true
fitness over 60,/blog,uk,true
fitness over 65,/blog,uk,true
fitness over 70,/blog,uk,true
fitness seniors,/blog,uk,true
fitness tracker arthritis,/blog,uk,true
fitness tracker joint health tracking,/blog,uk,true
flare up,/blog,uk,true
flare up 2026,/blog,uk,true
flare up advanced,/blog,uk,true
flare up alternative,/blog,uk,true
flare up at home,/blog,uk,true
flare up beginner,/blog,uk,true
flare up clinic,/blog,uk,true
flare up diet,/blog,uk,true
flare up easy,/blog,uk,true
flare up effective,/blog,uk,true
flare up exercises,/blog,uk,true
flare up fast,/blog,uk,true
flare up for adults,/blog,uk,true
flare up for beginners,/blog,uk,true
flare up for men,/blog,uk,true
flare up for seniors,/blog,uk,true
flare up for women,/blog,uk,true
flare up free,/blog,uk,true
flare up gentle,/blog,uk,true
flare up guide,/blog,uk,true
flare up help,/blog,uk,true
flare up home remedies,/blog,uk,true
flare up hospital,/blog,uk,true
flare up latest,/blog,uk,true
flare up low cost,/blog,uk,true
flare up medicine,/blog,uk,true
flare up natural,/blog,uk,true
flare up near me,/blog,uk,true
flare up new,/blog,uk,true
flare up nhs,/blog,uk,true
flare up nhs waiting list,/blog,uk,true
flare up over 50,/blog,uk,true
flare up over 60,/blog,uk,true
flare up over 70,/blog,uk,true
flare up prevention,/blog,uk,true
flare up private,/blog,uk,true
flare up proven,/blog,uk,true
flare up quick,/blog,uk,true
flare up relief,/blog,uk,true
flare up safe,/blog,uk,true
flare up simple,/blog,uk,true
flare up supplement,/blog,uk,true
flare up symptoms,/blog,uk,true
flare up therapy,/blog,uk,true
flare up tips,/blog,uk,true
flare up treatment,/blog,uk,true
flare up uk,/blog,uk,true
flexible joints diet,/blog,uk,true
flexible joints diet uk,/blog,uk,true
foot arthritis,/blog,uk,true
foot arthritis uk,/blog,uk,true
foot exercises,/blog,uk,true
foot exercises uk,/blog,uk,true
foot injury,/blog,uk,true
foot injury uk,/blog,uk,true
foot pain,/blog,uk,true
foot pain uk,/blog,uk,true
foot relief,/blog,uk,true
foot relief uk,/blog,uk,true
foot strain,/blog,uk,true
foot strain uk,/blog,uk,true
foot stretches,/blog,uk,true
foot stretches uk,/blog,uk,true
frailty,/blog,uk,true
frailty 2026,/blog,uk,true
frailty advanced,/blog,uk,true
frailty alternative,/blog,uk,true
frailty at home,/blog,uk,true
frailty beginner,/blog,uk,true
frailty clinic,/blog,uk,true
frailty diet,/blog,uk,true
frailty easy,/blog,uk,true
frailty effective,/blog,uk,true
frailty exercises,/blog,uk,true
frailty fast,/blog,uk,true
frailty for adults,/blog,uk,true
frailty for beginners,/blog,uk,true
frailty for men,/blog,uk,true
frailty for seniors,/blog,uk,true
frailty for women,/blog,uk,true
frailty free,/blog,uk,true
frailty gentle,/blog,uk,true
frailty guide,/blog,uk,true
frailty help,/blog,uk,true
frailty help uk,/blog,uk,true
frailty home remedies,/blog,uk,true
frailty hospital,/blog,uk,true
frailty latest,/blog,uk,true
frailty low cost,/blog,uk,true
frailty management,/blog,uk,true
frailty medicine,/blog,uk,true
frailty natural,/blog,uk,true
frailty near me,/blog,uk,true
frailty new,/blog,uk,true
frailty nhs,/blog,uk,true
frailty nhs waiting list,/blog,uk,true
frailty over 50,/blog,uk,true
frailty over 60,/blog,uk,true
frailty over 70,/blog,uk,true
frailty prevention,/blog,uk,true
frailty private,/blog,uk,true
frailty proven,/blog,uk,true
frailty quick,/blog,uk,true
frailty relief,/blog,uk,true
frailty safe,/blog,uk,true
frailty simple,/blog,uk,true
frailty supplement,/blog,uk,true
frailty symptoms,/blog,uk,true
frailty therapy,/blog,uk,true
frailty tips,/blog,uk,true
frailty treatment,/blog,uk,true
frailty uk,/blog,uk,true
free arthritis treatment,/blog,uk,true
free arthritis treatment uk,/blog,uk,true
free joint pain relief,/blog,uk,true
free joint supplements uk,/blog,uk,true
free pain relief uk,/blog,uk,true
frozen shoulder,/blog,uk,true
frozen shoulder 2026,/blog,uk,true
frozen shoulder advanced,/blog,uk,true
frozen shoulder alternative,/blog,uk,true
frozen shoulder at home,/blog,uk,true
frozen shoulder beginner,/blog,uk,true
frozen shoulder clinic,/blog,uk,true
frozen shoulder diet,/blog,uk,true
frozen shoulder easy,/blog,uk,true
frozen shoulder effective,/blog,uk,true
frozen shoulder exercises,/blog,uk,true
frozen shoulder fast,/blog,uk,true
frozen shoulder for adults,/blog,uk,true
frozen shoulder for beginners,/blog,uk,true
frozen shoulder for men,/blog,uk,true
frozen shoulder for seniors,/blog,uk,true
frozen shoulder for women,/blog,uk,true
frozen shoulder free,/blog,uk,true
frozen shoulder gentle,/blog,uk,true
frozen shoulder guide,/blog,uk,true
frozen shoulder help,/blog,uk,true
frozen shoulder home remedies,/blog,uk,true
frozen shoulder hospital,/blog,uk,true
frozen shoulder latest,/blog,uk,true
frozen shoulder low cost,/blog,uk,true
frozen shoulder medicine,/blog,uk,true
frozen shoulder natural,/blog,uk,true
frozen shoulder near me,/blog,uk,true
frozen shoulder new,/blog,uk,true
frozen shoulder nhs,/blog,uk,true
frozen shoulder nhs waiting list,/blog,uk,true
frozen shoulder over 50,/blog,uk,true
frozen shoulder over 60,/blog,uk,true
frozen shoulder over 70,/blog,uk,true
frozen shoulder prevention,/blog,uk,true
frozen shoulder private,/blog,uk,true
frozen shoulder proven,/blog,uk,true
frozen shoulder quick,/blog,uk,true
frozen shoulder relief,/blog,uk,true
frozen shoulder safe,/blog,uk,true
frozen shoulder simple,/blog,uk,true
frozen shoulder supplement,/blog,uk,true
frozen shoulder symptoms,/blog,uk,true
frozen shoulder therapy,/blog,uk,true
frozen shoulder tips,/blog,uk,true
frozen shoulder treatment,/blog,uk,true
frozen shoulder uk,/blog,uk,true
gardening arthritis,/blog,uk,true
gardening joint pain,/blog,uk,true
garlic and arthritis,/blog,uk,true
garlic and inflammation,/blog,uk,true
garlic and joint health,/blog,uk,true
garlic for arthritis,/blog,uk,true
garlic for inflammation,/blog,uk,true
garlic for joint health,/blog,uk,true
generic of joint pain,/blog,uk,true
generic of osteoarthritis,/blog,uk,true
generic of rheumatoid arthritis,/blog,uk,true
genetics arthritis risk,/blog,uk,true
geriatric assessment,/blog,uk,true
geriatric assessment 2026,/blog,uk,true
geriatric assessment advanced,/blog,uk,true
geriatric assessment alternative,/blog,uk,true
geriatric assessment at home,/blog,uk,true
geriatric assessment beginner,/blog,uk,true
geriatric assessment clinic,/blog,uk,true
geriatric assessment diet,/blog,uk,true
geriatric assessment easy,/blog,uk,true
geriatric assessment effective,/blog,uk,true
geriatric assessment exercises,/blog,uk,true
geriatric assessment fast,/blog,uk,true
geriatric assessment for adults,/blog,uk,true
geriatric assessment for beginners,/blog,uk,true
geriatric assessment for men,/blog,uk,true
geriatric assessment for seniors,/blog,uk,true
geriatric assessment for women,/blog,uk,true
geriatric assessment free,/blog,uk,true
geriatric assessment gentle,/blog,uk,true
geriatric assessment guide,/blog,uk,true
geriatric assessment help,/blog,uk,true
geriatric assessment help uk,/blog,uk,true
geriatric assessment home remedies,/blog,uk,true
geriatric assessment hospital,/blog,uk,true
geriatric assessment latest,/blog,uk,true
geriatric assessment low cost,/blog,uk,true
geriatric assessment management,/blog,uk,true
geriatric assessment medicine,/blog,uk,true
geriatric assessment natural,/blog,uk,true
geriatric assessment near me,/blog,uk,true
geriatric assessment new,/blog,uk,true
geriatric assessment nhs,/blog,uk,true
geriatric assessment nhs waiting list,/blog,uk,true
geriatric assessment over 50,/blog,uk,true
geriatric assessment over 60,/blog,uk,true
geriatric assessment over 70,/blog,uk,true
geriatric assessment prevention,/blog,uk,true
geriatric assessment private,/blog,uk,true
geriatric assessment proven,/blog,uk,true
geriatric assessment quick,/blog,uk,true
geriatric assessment relief,/blog,uk,true
geriatric assessment safe,/blog,uk,true
geriatric assessment simple,/blog,uk,true
geriatric assessment supplement,/blog,uk,true
geriatric assessment symptoms,/blog,uk,true
geriatric assessment therapy,/blog,uk,true
geriatric assessment tips,/blog,uk,true
geriatric assessment treatment,/blog,uk,true
geriatric assessment uk,/blog,uk,true
ginger,/blog,uk,true
ginger 2026,/blog,uk,true
ginger advanced,/blog,uk,true
ginger alternative,/blog,uk,true
ginger and arthritis,/blog,uk,true
ginger and inflammation,/blog,uk,true
ginger and joint health,/blog,uk,true
ginger at home,/blog,uk,true
ginger beginner,/blog,uk,true
ginger clinic,/blog,uk,true
ginger diet,/blog,uk,true
ginger easy,/blog,uk,true
ginger effective,/blog,uk,true
ginger exercises,/blog,uk,true
ginger fast,/blog,uk,true
ginger for adults,/blog,uk,true
ginger for arthritis,/blog,uk,true
ginger for beginners,/blog,uk,true
ginger for inflammation,/blog,uk,true
ginger for joint health,/blog,uk,true
ginger for men,/blog,uk,true
ginger for seniors,/blog,uk,true
ginger for women,/blog,uk,true
ginger free,/blog,uk,true
ginger gentle,/blog,uk,true
ginger guide,/blog,uk,true
ginger help,/blog,uk,true
ginger home remedies,/blog,uk,true
ginger hospital,/blog,uk,true
ginger latest,/blog,uk,true
ginger low cost,/blog,uk,true
ginger medicine,/blog,uk,true
ginger natural,/blog,uk,true
ginger near me,/blog,uk,true
ginger new,/blog,uk,true
ginger nhs,/blog,uk,true
ginger nhs waiting list,/blog,uk,true
ginger over 50,/blog,uk,true
ginger over 60,/blog,uk,true
ginger over 70,/blog,uk,true
ginger prevention,/blog,uk,true
ginger private,/blog,uk,true
ginger proven,/blog,uk,true
ginger quick,/blog,uk,true
ginger relief,/blog,uk,true
ginger safe,/blog,uk,true
ginger simple,/blog,uk,true
ginger supplement,/blog,uk,true
ginger symptoms,/blog,uk,true
ginger therapy,/blog,uk,true
ginger tips,/blog,uk,true
ginger treatment,/blog,uk,true
ginger uk,/blog,uk,true
gloves,/blog,uk,true
gloves 2026,/blog,uk,true
gloves advanced,/blog,uk,true
gloves alternative,/blog,uk,true
gloves at home,/blog,uk,true
gloves beginner,/blog,uk,true
gloves clinic,/blog,uk,true
gloves diet,/blog,uk,true
gloves easy,/blog,uk,true
gloves effective,/blog,uk,true
gloves exercises,/blog,uk,true
gloves fast,/blog,uk,true
gloves for adults,/blog,uk,true
gloves for beginners,/blog,uk,true
gloves for men,/blog,uk,true
gloves for seniors,/blog,uk,true
gloves for women,/blog,uk,true
gloves free,/blog,uk,true
gloves gentle,/blog,uk,true
gloves guide,/blog,uk,true
gloves help,/blog,uk,true
gloves help uk,/blog,uk,true
gloves home remedies,/blog,uk,true
gloves hospital,/blog,uk,true
gloves latest,/blog,uk,true
gloves low cost,/blog,uk,true
gloves management,/blog,uk,true
gloves medicine,/blog,uk,true
gloves natural,/blog,uk,true
gloves near me,/blog,uk,true
gloves new,/blog,uk,true
gloves nhs,/blog,uk,true
gloves nhs waiting list,/blog,uk,true
gloves over 50,/blog,uk,true
gloves over 60,/blog,uk,true
gloves over 70,/blog,uk,true
gloves prevention,/blog,uk,true
gloves private,/blog,uk,true
gloves proven,/blog,uk,true
gloves quick,/blog,uk,true
gloves relief,/blog,uk,true
gloves safe,/blog,uk,true
gloves simple,/blog,uk,true
gloves supplement,/blog,uk,true
gloves symptoms,/blog,uk,true
gloves therapy,/blog,uk,true
gloves tips,/blog,uk,true
gloves treatment,/blog,uk,true
gloves uk,/blog,uk,true
glucosamine,/blog,uk,true
glucosamine 2026,/blog,uk,true
glucosamine advanced,/blog,uk,true
glucosamine alternative,/blog,uk,true
glucosamine at home,/blog,uk,true
glucosamine beginner,/blog,uk,true
glucosamine clinic,/blog,uk,true
glucosamine diet,/blog,uk,true
glucosamine easy,/blog,uk,true
glucosamine effective,/blog,uk,true
glucosamine exercises,/blog,uk,true
glucosamine fast,/blog,uk,true
glucosamine for adults,/blog,uk,true
glucosamine for beginners,/blog,uk,true
glucosamine for men,/blog,uk,true
glucosamine for seniors,/blog,uk,true
glucosamine for women,/blog,uk,true
glucosamine free,/blog,uk,true
glucosamine gentle,/blog,uk,true
glucosamine guide,/blog,uk,true
glucosamine help,/blog,uk,true
glucosamine help uk,/blog,uk,true
glucosamine home remedies,/blog,uk,true
glucosamine hospital,/blog,uk,true
glucosamine latest,/blog,uk,true
glucosamine low cost,/blog,uk,true
glucosamine management,/blog,uk,true
glucosamine medicine,/blog,uk,true
glucosamine natural,/blog,uk,true
glucosamine near me,/blog,uk,true
glucosamine new,/blog,uk,true
glucosamine nhs,/blog,uk,true
glucosamine nhs waiting list,/blog,uk,true
glucosamine over 50,/blog,uk,true
glucosamine over 60,/blog,uk,true
glucosamine over 70,/blog,uk,true
glucosamine prevention,/blog,uk,true
glucosamine private,/blog,uk,true
glucosamine proven,/blog,uk,true
glucosamine quick,/blog,uk,true
glucosamine relief,/blog,uk,true
glucosamine safe,/blog,uk,true
glucosamine simple,/blog,uk,true
glucosamine supplement,/blog,uk,true
glucosamine symptoms,/blog,uk,true
glucosamine therapy,/blog,uk,true
glucosamine tips,/blog,uk,true
glucosamine treatment,/blog,uk,true
glucosamine uk,/blog,uk,true
golf arthritis,/blog,uk,true
golf joint pain,/blog,uk,true
gout,/blog,uk,true
gout 2026,/blog,uk,true
gout advanced,/blog,uk,true
gout alternative,/blog,uk,true
gout at home,/blog,uk,true
gout beginner,/blog,uk,true
gout clinic,/blog,uk,true
gout cure uk,/blog,uk,true
gout diet,/blog,uk,true
gout easy,/blog,uk,true
gout effective,/blog,uk,true
gout exercises,/blog,uk,true
gout fast,/blog,uk,true
gout for adults,/blog,uk,true
gout for beginners,/blog,uk,true
gout for men,/blog,uk,true
gout for seniors,/blog,uk,true
gout for women,/blog,uk,true
gout free,/blog,uk,true
gout gentle,/blog,uk,true
gout guide,/blog,uk,true
gout help,/blog,uk,true
gout help uk,/blog,uk,true
gout home remedies,/blog,uk,true
gout hospital,/blog,uk,true
gout latest,/blog,uk,true
gout low cost,/blog,uk,true
gout management,/blog,uk,true
gout management uk,/blog,uk,true
gout medicine,/blog,uk,true
gout natural,/blog,uk,true
gout near me,/blog,uk,true
gout new,/blog,uk,true
gout nhs,/blog,uk,true
gout nhs waiting list,/blog,uk,true
gout over 50,/blog,uk,true
gout over 60,/blog,uk,true
gout over 70,/blog,uk,true
gout pain uk,/blog,uk,true
gout prevention,/blog,uk,true
gout private,/blog,uk,true
gout proven,/blog,uk,true
gout quick,/blog,uk,true
gout relief,/blog,uk,true
gout relief uk,/blog,uk,true
gout safe,/blog,uk,true
gout simple,/blog,uk,true
gout supplement,/blog,uk,true
gout symptoms,/blog,uk,true
gout therapy,/blog,uk,true
gout tips,/blog,uk,true
gout treatment,/blog,uk,true
gout treatment uk,/blog,uk,true
gout uk,/blog,uk,true
gp appointment,/blog,uk,true
gp find,/blog,uk,true
gp near me,/blog,uk,true
gp see,/blog,uk,true
gp uk,/blog,uk,true
grading,/blog,uk,true
grading 2026,/blog,uk,true
grading advanced,/blog,uk,true
grading alternative,/blog,uk,true
grading at home,/blog,uk,true
grading beginner,/blog,uk,true
grading clinic,/blog,uk,true
grading diet,/blog,uk,true
grading easy,/blog,uk,true
grading effective,/blog,uk,true
grading exercises,/blog,uk,true
grading fast,/blog,uk,true
grading for adults,/blog,uk,true
grading for beginners,/blog,uk,true
grading for men,/blog,uk,true
grading for seniors,/blog,uk,true
grading for women,/blog,uk,true
grading free,/blog,uk,true
grading gentle,/blog,uk,true
grading guide,/blog,uk,true
grading help,/blog,uk,true
grading home remedies,/blog,uk,true
grading hospital,/blog,uk,true
grading latest,/blog,uk,true
grading low cost,/blog,uk,true
grading medicine,/blog,uk,true
grading natural,/blog,uk,true
grading near me,/blog,uk,true
grading new,/blog,uk,true
grading nhs,/blog,uk,true
grading nhs waiting list,/blog,uk,true
grading over 50,/blog,uk,true
grading over 60,/blog,uk,true
grading over 70,/blog,uk,true
grading prevention,/blog,uk,true
grading private,/blog,uk,true
grading proven,/blog,uk,true
grading quick,/blog,uk,true
grading relief,/blog,uk,true
grading safe,/blog,uk,true
grading simple,/blog,uk,true
grading supplement,/blog,uk,true
grading symptoms,/blog,uk,true
grading therapy,/blog,uk,true
grading tips,/blog,uk,true
grading treatment,/blog,uk,true
grading uk,/blog,uk,true
green tea and arthritis,/blog,uk,true
green tea and inflammation,/blog,uk,true
green tea and joint health,/blog,uk,true
green tea for arthritis,/blog,uk,true
green tea for inflammation,/blog,uk,true
green tea for joint health,/blog,uk,true
grinding joints,/blog,uk,true
grip strength,/blog,uk,true
grip strength 2026,/blog,uk,true
grip strength advanced,/blog,uk,true
grip strength alternative,/blog,uk,true
grip strength at home,/blog,uk,true
grip strength beginner,/blog,uk,true
grip strength clinic,/blog,uk,true
grip strength diet,/blog,uk,true
grip strength easy,/blog,uk,true
grip strength effective,/blog,uk,true
grip strength exercises,/blog,uk,true
grip strength fast,/blog,uk,true
grip strength for adults,/blog,uk,true
grip strength for beginners,/blog,uk,true
grip strength for men,/blog,uk,true
grip strength for seniors,/blog,uk,true
grip strength for women,/blog,uk,true
grip strength free,/blog,uk,true
grip strength gentle,/blog,uk,true
grip strength guide,/blog,uk,true
grip strength help,/blog,uk,true
grip strength home remedies,/blog,uk,true
grip strength hospital,/blog,uk,true
grip strength latest,/blog,uk,true
grip strength low cost,/blog,uk,true
grip strength medicine,/blog,uk,true
grip strength natural,/blog,uk,true
grip strength near me,/blog,uk,true
grip strength new,/blog,uk,true
grip strength nhs,/blog,uk,true
grip strength nhs waiting list,/blog,uk,true
grip strength over 50,/blog,uk,true
grip strength over 60,/blog,uk,true
grip strength over 70,/blog,uk,true
grip strength prevention,/blog,uk,true
grip strength private,/blog,uk,true
grip strength proven,/blog,uk,true
grip strength quick,/blog,uk,true
grip strength relief,/blog,uk,true
grip strength safe,/blog,uk,true
grip strength simple,/blog,uk,true
grip strength supplement,/blog,uk,true
grip strength symptoms,/blog,uk,true
grip strength therapy,/blog,uk,true
grip strength tips,/blog,uk,true
grip strength treatment,/blog,uk,true
grip strength uk,/blog,uk,true
hand arthritis,/blog,uk,true
hand arthritis uk,/blog,uk,true
hand exercises,/blog,uk,true
hand exercises uk,/blog,uk,true
hand injury,/blog,uk,true
hand injury uk,/blog,uk,true
hand osteoarthritis,/blog,uk,true
hand osteoarthritis 2026,/blog,uk,true
hand osteoarthritis advanced,/blog,uk,true
hand osteoarthritis alternative,/blog,uk,true
hand osteoarthritis at home,/blog,uk,true
hand osteoarthritis beginner,/blog,uk,true
hand osteoarthritis clinic,/blog,uk,true
hand osteoarthritis diet,/blog,uk,true
hand osteoarthritis easy,/blog,uk,true
hand osteoarthritis effective,/blog,uk,true
hand osteoarthritis exercises,/blog,uk,true
hand osteoarthritis fast,/blog,uk,true
hand osteoarthritis for adults,/blog,uk,true
hand osteoarthritis for beginners,/blog,uk,true
hand osteoarthritis for men,/blog,uk,true
hand osteoarthritis for seniors,/blog,uk,true
hand osteoarthritis for women,/blog,uk,true
hand osteoarthritis free,/blog,uk,true
hand osteoarthritis gentle,/blog,uk,true
hand osteoarthritis guide,/blog,uk,true
hand osteoarthritis help,/blog,uk,true
hand osteoarthritis help uk,/blog,uk,true
hand osteoarthritis home remedies,/blog,uk,true
hand osteoarthritis hospital,/blog,uk,true
hand osteoarthritis latest,/blog,uk,true
hand osteoarthritis low cost,/blog,uk,true
hand osteoarthritis management,/blog,uk,true
hand osteoarthritis medicine,/blog,uk,true
hand osteoarthritis natural,/blog,uk,true
hand osteoarthritis near me,/blog,uk,true
hand osteoarthritis new,/blog,uk,true
hand osteoarthritis nhs,/blog,uk,true
hand osteoarthritis nhs waiting list,/blog,uk,true
hand osteoarthritis over 50,/blog,uk,true
hand osteoarthritis over 60,/blog,uk,true
hand osteoarthritis over 70,/blog,uk,true
hand osteoarthritis prevention,/blog,uk,true
hand osteoarthritis private,/blog,uk,true
hand osteoarthritis proven,/blog,uk,true
hand osteoarthritis quick,/blog,uk,true
hand osteoarthritis relief,/blog,uk,true
hand osteoarthritis safe,/blog,uk,true
hand osteoarthritis simple,/blog,uk,true
hand osteoarthritis supplement,/blog,uk,true
hand osteoarthritis symptoms,/blog,uk,true
hand osteoarthritis therapy,/blog,uk,true
hand osteoarthritis tips,/blog,uk,true
hand osteoarthritis treatment,/blog,uk,true
hand osteoarthritis uk,/blog,uk,true
hand pain,/blog,uk,true
hand pain uk,/blog,uk,true
hand relief,/blog,uk,true
hand relief uk,/blog,uk,true
hand strain,/blog,uk,true
hand strain uk,/blog,uk,true
hand stretches,/blog,uk,true
hand stretches uk,/blog,uk,true
healthcare worker arthritis,/blog,uk,true
heat pad arthritis,/blog,uk,true
heat pad uk,/blog,uk,true
heat therapy arthritis,/blog,uk,true
heat therapy effectiveness,/blog,uk,true
heat therapy joint pain,/blog,uk,true
help for arthritis,/blog,uk,true
help for back pain,/blog,uk,true
help for fibromyalgia,/blog,uk,true
help for gout,/blog,uk,true
help for inflammation,/blog,uk,true
help for joint pain,/blog,uk,true
help for osteoarthritis,/blog,uk,true
help for rheumatoid arthritis,/blog,uk,true
herbal arthritis,/blog,uk,true
herbal joint pain,/blog,uk,true
herniated disc,/blog,uk,true
herniated disc 2026,/blog,uk,true
herniated disc advanced,/blog,uk,true
herniated disc alternative,/blog,uk,true
herniated disc at home,/blog,uk,true
herniated disc beginner,/blog,uk,true
herniated disc clinic,/blog,uk,true
herniated disc diet,/blog,uk,true
herniated disc easy,/blog,uk,true
herniated disc effective,/blog,uk,true
herniated disc exercises,/blog,uk,true
herniated disc fast,/blog,uk,true
herniated disc for adults,/blog,uk,true
herniated disc for beginners,/blog,uk,true
herniated disc for men,/blog,uk,true
herniated disc for seniors,/blog,uk,true
herniated disc for women,/blog,uk,true
herniated disc free,/blog,uk,true
herniated disc gentle,/blog,uk,true
herniated disc guide,/blog,uk,true
herniated disc help,/blog,uk,true
herniated disc help uk,/blog,uk,true
herniated disc home remedies,/blog,uk,true
herniated disc hospital,/blog,uk,true
herniated disc latest,/blog,uk,true
herniated disc low cost,/blog,uk,true
herniated disc management,/blog,uk,true
herniated disc medicine,/blog,uk,true
herniated disc natural,/blog,uk,true
herniated disc near me,/blog,uk,true
herniated disc new,/blog,uk,true
herniated disc nhs,/blog,uk,true
herniated disc nhs waiting list,/blog,uk,true
herniated disc over 50,/blog,uk,true
herniated disc over 60,/blog,uk,true
herniated disc over 70,/blog,uk,true
herniated disc prevention,/blog,uk,true
herniated disc private,/blog,uk,true
herniated disc proven,/blog,uk,true
herniated disc quick,/blog,uk,true
herniated disc relief,/blog,uk,true
herniated disc safe,/blog,uk,true
herniated disc simple,/blog,uk,true
herniated disc supplement,/blog,uk,true
herniated disc symptoms,/blog,uk,true
herniated disc therapy,/blog,uk,true
herniated disc tips,/blog,uk,true
herniated disc treatment,/blog,uk,true
herniated disc uk,/blog,uk,true
hip arthritis,/blog,uk,true
hip arthritis uk,/blog,uk,true
hip exercises,/blog,uk,true
hip exercises uk,/blog,uk,true
hip injury,/blog,uk,true
hip injury uk,/blog,uk,true
hip osteoarthritis,/blog,uk,true
hip osteoarthritis 2026,/blog,uk,true
hip osteoarthritis advanced,/blog,uk,true
hip osteoarthritis alternative,/blog,uk,true
hip osteoarthritis at home,/blog,uk,true
hip osteoarthritis beginner,/blog,uk,true
hip osteoarthritis clinic,/blog,uk,true
hip osteoarthritis diet,/blog,uk,true
hip osteoarthritis easy,/blog,uk,true
hip osteoarthritis effective,/blog,uk,true
hip osteoarthritis exercises,/blog,uk,true
hip osteoarthritis fast,/blog,uk,true
hip osteoarthritis for adults,/blog,uk,true
hip osteoarthritis for beginners,/blog,uk,true
hip osteoarthritis for men,/blog,uk,true
hip osteoarthritis for seniors,/blog,uk,true
hip osteoarthritis for women,/blog,uk,true
hip osteoarthritis free,/blog,uk,true
hip osteoarthritis gentle,/blog,uk,true
hip osteoarthritis guide,/blog,uk,true
hip osteoarthritis help,/blog,uk,true
hip osteoarthritis help uk,/blog,uk,true
hip osteoarthritis home remedies,/blog,uk,true
hip osteoarthritis hospital,/blog,uk,true
hip osteoarthritis latest,/blog,uk,true
hip osteoarthritis low cost,/blog,uk,true
hip osteoarthritis management,/blog,uk,true
hip osteoarthritis medicine,/blog,uk,true
hip osteoarthritis natural,/blog,uk,true
hip osteoarthritis near me,/blog,uk,true
hip osteoarthritis new,/blog,uk,true
hip osteoarthritis nhs,/blog,uk,true
hip osteoarthritis nhs waiting list,/blog,uk,true
hip osteoarthritis over 50,/blog,uk,true
hip osteoarthritis over 60,/blog,uk,true
hip osteoarthritis over 70,/blog,uk,true
hip osteoarthritis prevention,/blog,uk,true
hip osteoarthritis private,/blog,uk,true
hip osteoarthritis proven,/blog,uk,true
hip osteoarthritis quick,/blog,uk,true
hip osteoarthritis relief,/blog,uk,true
hip osteoarthritis safe,/blog,uk,true
hip osteoarthritis simple,/blog,uk,true
hip osteoarthritis supplement,/blog,uk,true
hip osteoarthritis symptoms,/blog,uk,true
hip osteoarthritis therapy,/blog,uk,true
hip osteoarthritis tips,/blog,uk,true
hip osteoarthritis treatment,/blog,uk,true
hip osteoarthritis uk,/blog,uk,true
hip pain,/blog,uk,true
hip pain uk,/blog,uk,true
hip relief,/blog,uk,true
hip relief uk,/blog,uk,true
hip strain,/blog,uk,true
hip strain uk,/blog,uk,true
hip stretches,/blog,uk,true
hip stretches uk,/blog,uk,true
holistic arthritis,/blog,uk,true
holistic joint pain,/blog,uk,true
home hazards,/blog,uk,true
home hazards 2026,/blog,uk,true
home hazards advanced,/blog,uk,true
home hazards alternative,/blog,uk,true
home hazards at home,/blog,uk,true
home hazards beginner,/blog,uk,true
home hazards clinic,/blog,uk,true
home hazards diet,/blog,uk,true
home hazards easy,/blog,uk,true
home hazards effective,/blog,uk,true
home hazards exercises,/blog,uk,true
home hazards fast,/blog,uk,true
home hazards for adults,/blog,uk,true
home hazards for beginners,/blog,uk,true
home hazards for men,/blog,uk,true
home hazards for seniors,/blog,uk,true
home hazards for women,/blog,uk,true
home hazards free,/blog,uk,true
home hazards gentle,/blog,uk,true
home hazards guide,/blog,uk,true
home hazards help,/blog,uk,true
home hazards help uk,/blog,uk,true
home hazards home remedies,/blog,uk,true
home hazards hospital,/blog,uk,true
home hazards latest,/blog,uk,true
home hazards low cost,/blog,uk,true
home hazards management,/blog,uk,true
home hazards medicine,/blog,uk,true
home hazards natural,/blog,uk,true
home hazards near me,/blog,uk,true
home hazards new,/blog,uk,true
home hazards nhs,/blog,uk,true
home hazards nhs waiting list,/blog,uk,true
home hazards over 50,/blog,uk,true
home hazards over 60,/blog,uk,true
home hazards over 70,/blog,uk,true
home hazards prevention,/blog,uk,true
home hazards private,/blog,uk,true
home hazards proven,/blog,uk,true
home hazards quick,/blog,uk,true
home hazards relief,/blog,uk,true
home hazards safe,/blog,uk,true
home hazards simple,/blog,uk,true
home hazards supplement,/blog,uk,true
home hazards symptoms,/blog,uk,true
home hazards therapy,/blog,uk,true
home hazards tips,/blog,uk,true
home hazards treatment,/blog,uk,true
home hazards uk,/blog,uk,true
home remedies arthritis,/blog,uk,true
home remedies joint pain,/blog,uk,true
hormones arthritis flare,/blog,uk,true
how are DOMS,/blog,uk,true
how are DOMS uk,/blog,uk,true
how are ankylosing spondylitis,/blog,uk,true
how are ankylosing spondylitis uk,/blog,uk,true
how are anti inflammatory smoothie,/blog,uk,true
how are anti inflammatory smoothie uk,/blog,uk,true
how are anti-inflammatory diet,/blog,uk,true
how are anti-inflammatory diet uk,/blog,uk,true
how are appendicular skeleton,/blog,uk,true
how are appendicular skeleton uk,/blog,uk,true
how are arthritis,/blog,uk,true
how are arthritis aids,/blog,uk,true
how are arthritis aids uk,/blog,uk,true
how are arthritis uk,/blog,uk,true
how are axial skeleton,/blog,uk,true
how are axial skeleton uk,/blog,uk,true
how are balance training,/blog,uk,true
how are balance training uk,/blog,uk,true
how are beetroot,/blog,uk,true
how are beetroot uk,/blog,uk,true
how are biologic dmards,/blog,uk,true
how are biologic dmards uk,/blog,uk,true
how are blue badge,/blog,uk,true
how are blue badge uk,/blog,uk,true
how are bmi,/blog,uk,true
how are bmi uk,/blog,uk,true
how are bone marrow function,/blog,uk,true
how are bone marrow function uk,/blog,uk,true
how are boswellia,/blog,uk,true
how are boswellia uk,/blog,uk,true
how are breathwork,/blog,uk,true
how are breathwork uk,/blog,uk,true
how are bursitis,/blog,uk,true
how are bursitis uk,/blog,uk,true
how are calcium,/blog,uk,true
how are calcium uk,/blog,uk,true
how are calorie deficit,/blog,uk,true
how are calorie deficit uk,/blog,uk,true
how are carer support,/blog,uk,true
how are carer support uk,/blog,uk,true
how are carpal tunnel,/blog,uk,true
how are carpal tunnel uk,/blog,uk,true
how are cartilage anatomy,/blog,uk,true
how are cartilage anatomy uk,/blog,uk,true
how are cervical vertebrae,/blog,uk,true
how are cervical vertebrae uk,/blog,uk,true
how are chondroitin,/blog,uk,true
how are chondroitin uk,/blog,uk,true
how are circadian rhythm,/blog,uk,true
how are circadian rhythm uk,/blog,uk,true
how are clinical frailty scale,/blog,uk,true
how are clinical frailty scale uk,/blog,uk,true
how are coccyx,/blog,uk,true
how are coccyx uk,/blog,uk,true
how are collagen,/blog,uk,true
how are collagen uk,/blog,uk,true
how are cooking,/blog,uk,true
how are cooking uk,/blog,uk,true
how are core strength,/blog,uk,true
how are core strength uk,/blog,uk,true
how are cortisol,/blog,uk,true
how are cortisol uk,/blog,uk,true
how are diet,/blog,uk,true
how are diet uk,/blog,uk,true
how are disability benefits,/blog,uk,true
how are disability benefits uk,/blog,uk,true
how are dislocation,/blog,uk,true
how are dislocation uk,/blog,uk,true
how are dressing,/blog,uk,true
how are dressing uk,/blog,uk,true
how are driving,/blog,uk,true
how are driving uk,/blog,uk,true
how are early ra,/blog,uk,true
how are early ra uk,/blog,uk,true
how are facet joint syndrome,/blog,uk,true
how are facet joint syndrome uk,/blog,uk,true
how are falls prevention,/blog,uk,true
how are falls prevention uk,/blog,uk,true
how are fascia anatomy,/blog,uk,true
how are fascia anatomy uk,/blog,uk,true
how are fatigue,/blog,uk,true
how are fatigue uk,/blog,uk,true
how are fear of falling,/blog,uk,true
how are fear of falling uk,/blog,uk,true
how are fibromyalgia,/blog,uk,true
how are fibromyalgia uk,/blog,uk,true
how are fish oil,/blog,uk,true
how are fish oil uk,/blog,uk,true
how are flare up,/blog,uk,true
how are flare up uk,/blog,uk,true
how are frailty,/blog,uk,true
how are frailty uk,/blog,uk,true
how are frozen shoulder,/blog,uk,true
how are frozen shoulder uk,/blog,uk,true
how are geriatric assessment,/blog,uk,true
how are geriatric assessment uk,/blog,uk,true
how are ginger,/blog,uk,true
how are ginger uk,/blog,uk,true
how are gloves,/blog,uk,true
how are gloves uk,/blog,uk,true
how are glucosamine,/blog,uk,true
how are glucosamine uk,/blog,uk,true
how are gout,/blog,uk,true
how are gout uk,/blog,uk,true
how are grading,/blog,uk,true
how are grading uk,/blog,uk,true
how are grip strength,/blog,uk,true
how are grip strength uk,/blog,uk,true
how are hand osteoarthritis,/blog,uk,true
how are hand osteoarthritis uk,/blog,uk,true
how are herniated disc,/blog,uk,true
how are herniated disc uk,/blog,uk,true
how are hip osteoarthritis,/blog,uk,true
how are hip osteoarthritis uk,/blog,uk,true
how are home hazards,/blog,uk,true
how are home hazards uk,/blog,uk,true
how are intermittent fasting,/blog,uk,true
how are intermittent fasting uk,/blog,uk,true
how are joint capsule,/blog,uk,true
how are joint capsule uk,/blog,uk,true
how are joint pain,/blog,uk,true
how are joint pain foods,/blog,uk,true
how are joint pain foods uk,/blog,uk,true
how are joint pain uk,/blog,uk,true
how are juvenile arthritis,/blog,uk,true
how are juvenile arthritis uk,/blog,uk,true
how are knee osteoarthritis,/blog,uk,true
how are knee osteoarthritis uk,/blog,uk,true
how are kyphosis,/blog,uk,true
how are kyphosis uk,/blog,uk,true
how are leaky gut,/blog,uk,true
how are leaky gut uk,/blog,uk,true
how are leucine,/blog,uk,true
how are leucine uk,/blog,uk,true
how are ligaments vs tendons,/blog,uk,true
how are ligaments vs tendons uk,/blog,uk,true
how are lower back pain,/blog,uk,true
how are lower back pain uk,/blog,uk,true
how are lumbar vertebrae,/blog,uk,true
how are lumbar vertebrae uk,/blog,uk,true
how are lupus,/blog,uk,true
how are lupus uk,/blog,uk,true
how are magnesium,/blog,uk,true
how are magnesium uk,/blog,uk,true
how are mattress,/blog,uk,true
how are mattress uk,/blog,uk,true
how are mediterranean diet,/blog,uk,true
how are mediterranean diet uk,/blog,uk,true
how are meniscus tear,/blog,uk,true
how are meniscus tear uk,/blog,uk,true
how are menopause,/blog,uk,true
how are menopause uk,/blog,uk,true
how are metabolism,/blog,uk,true
how are metabolism uk,/blog,uk,true
how are methotrexate,/blog,uk,true
how are methotrexate uk,/blog,uk,true
how are mindfulness,/blog,uk,true
how are mindfulness uk,/blog,uk,true
how are msm,/blog,uk,true
how are msm uk,/blog,uk,true
how are muscle atrophy,/blog,uk,true
how are muscle atrophy uk,/blog,uk,true
how are muscle imbalance,/blog,uk,true
how are muscle imbalance uk,/blog,uk,true
how are myofascial release,/blog,uk,true
how are myofascial release uk,/blog,uk,true
how are nhs,/blog,uk,true
how are nhs uk,/blog,uk,true
how are obesity,/blog,uk,true
how are obesity uk,/blog,uk,true
how are omega 3,/blog,uk,true
how are omega 3 uk,/blog,uk,true
how are osteoarthritis,/blog,uk,true
how are osteoarthritis uk,/blog,uk,true
how are osteoporosis,/blog,uk,true
how are osteoporosis uk,/blog,uk,true
how are pip,/blog,uk,true
how are pip uk,/blog,uk,true
how are plantar fasciitis,/blog,uk,true
how are plantar fasciitis uk,/blog,uk,true
how are polymyalgia,/blog,uk,true
how are polymyalgia uk,/blog,uk,true
how are polyphenols,/blog,uk,true
how are polyphenols uk,/blog,uk,true
how are portion control,/blog,uk,true
how are portion control uk,/blog,uk,true
how are posture,/blog,uk,true
how are posture uk,/blog,uk,true
how are pregnancy,/blog,uk,true
how are pregnancy uk,/blog,uk,true
how are processed food,/blog,uk,true
how are processed food uk,/blog,uk,true
how are protein,/blog,uk,true
how are protein uk,/blog,uk,true
how are psoriatic arthritis,/blog,uk,true
how are psoriatic arthritis uk,/blog,uk,true
how are ra flare,/blog,uk,true
how are ra flare uk,/blog,uk,true
how are reactive arthritis,/blog,uk,true
how are reactive arthritis uk,/blog,uk,true
how are remission,/blog,uk,true
how are remission uk,/blog,uk,true
how are resistance training,/blog,uk,true
how are resistance training uk,/blog,uk,true
how are rheumatoid arthritis,/blog,uk,true
how are rheumatoid arthritis uk,/blog,uk,true
how are rotator cuff injury,/blog,uk,true
how are rotator cuff injury uk,/blog,uk,true
how are sacrum,/blog,uk,true
how are sacrum uk,/blog,uk,true
how are sarcopenia,/blog,uk,true
how are sarcopenia uk,/blog,uk,true
how are sciatica,/blog,uk,true
how are sciatica uk,/blog,uk,true
how are scoliosis,/blog,uk,true
how are scoliosis uk,/blog,uk,true
how are screen time,/blog,uk,true
how are screen time uk,/blog,uk,true
how are septic arthritis,/blog,uk,true
how are septic arthritis uk,/blog,uk,true
how are seronegative,/blog,uk,true
how are seronegative uk,/blog,uk,true
how are skeletal system,/blog,uk,true
how are skeletal system uk,/blog,uk,true
how are sleep,/blog,uk,true
how are sleep uk,/blog,uk,true
how are spinal stenosis,/blog,uk,true
how are spinal stenosis uk,/blog,uk,true
how are spondylolisthesis,/blog,uk,true
how are spondylolisthesis uk,/blog,uk,true
how are sprain,/blog,uk,true
how are sprain uk,/blog,uk,true
how are strain,/blog,uk,true
how are strain uk,/blog,uk,true
how are sugar inflammation,/blog,uk,true
how are sugar inflammation uk,/blog,uk,true
how are synovial joint,/blog,uk,true
how are synovial joint uk,/blog,uk,true
how are tai chi,/blog,uk,true
how are tai chi uk,/blog,uk,true
how are tendinopathy,/blog,uk,true
how are tendinopathy uk,/blog,uk,true
how are tennis elbow,/blog,uk,true
how are tennis elbow uk,/blog,uk,true
how are thoracic vertebrae,/blog,uk,true
how are thoracic vertebrae uk,/blog,uk,true
how are travel,/blog,uk,true
how are travel uk,/blog,uk,true
how are turmeric,/blog,uk,true
how are turmeric uk,/blog,uk,true
how are vagus nerve,/blog,uk,true
how are vagus nerve uk,/blog,uk,true
how are vertebral disc anatomy,/blog,uk,true
how are vertebral disc anatomy uk,/blog,uk,true
how are visceral fat,/blog,uk,true
how are visceral fat uk,/blog,uk,true
how are vitamin d,/blog,uk,true
how are vitamin d uk,/blog,uk,true
how are vitamin k2,/blog,uk,true
how are vitamin k2 uk,/blog,uk,true
how are weight loss,/blog,uk,true
how are weight loss uk,/blog,uk,true
how are work,/blog,uk,true
how are work uk,/blog,uk,true
how are yoga,/blog,uk,true
how are yoga uk,/blog,uk,true
how are zinc,/blog,uk,true
how are zinc uk,/blog,uk,true
how to DOMS,/blog,uk,true
how to DOMS uk,/blog,uk,true
how to ankylosing spondylitis,/blog,uk,true
how to ankylosing spondylitis uk,/blog,uk,true
how to anti inflammatory smoothie,/blog,uk,true
how to anti inflammatory smoothie uk,/blog,uk,true
how to anti-inflammatory diet,/blog,uk,true
how to anti-inflammatory diet uk,/blog,uk,true
how to appendicular skeleton,/blog,uk,true
how to appendicular skeleton uk,/blog,uk,true
how to arthritis,/blog,uk,true
how to arthritis aids,/blog,uk,true
how to arthritis aids uk,/blog,uk,true
how to arthritis uk,/blog,uk,true
how to axial skeleton,/blog,uk,true
how to axial skeleton uk,/blog,uk,true
how to balance training,/blog,uk,true
how to balance training uk,/blog,uk,true
how to bathing with arthritis,/blog,uk,true
how to beetroot,/blog,uk,true
how to beetroot uk,/blog,uk,true
how to biologic dmards,/blog,uk,true
how to biologic dmards uk,/blog,uk,true
how to blue badge,/blog,uk,true
how to blue badge uk,/blog,uk,true
how to bmi,/blog,uk,true
how to bmi uk,/blog,uk,true
how to bone marrow function,/blog,uk,true
how to bone marrow function uk,/blog,uk,true
how to boswellia,/blog,uk,true
how to boswellia uk,/blog,uk,true
how to breathwork,/blog,uk,true
how to breathwork uk,/blog,uk,true
how to bursitis,/blog,uk,true
how to bursitis uk,/blog,uk,true
how to calcium,/blog,uk,true
how to calcium uk,/blog,uk,true
how to calorie deficit,/blog,uk,true
how to calorie deficit uk,/blog,uk,true
how to carer support,/blog,uk,true
how to carer support uk,/blog,uk,true
how to carpal tunnel,/blog,uk,true
how to carpal tunnel uk,/blog,uk,true
how to cartilage anatomy,/blog,uk,true
how to cartilage anatomy uk,/blog,uk,true
how to cervical vertebrae,/blog,uk,true
how to cervical vertebrae uk,/blog,uk,true
how to chondroitin,/blog,uk,true
how to chondroitin uk,/blog,uk,true
how to circadian rhythm,/blog,uk,true
how to circadian rhythm uk,/blog,uk,true
how to cleaning with arthritis,/blog,uk,true
how to climbing stairs with arthritis,/blog,uk,true
how to clinical frailty scale,/blog,uk,true
how to clinical frailty scale uk,/blog,uk,true
how to coccyx,/blog,uk,true
how to coccyx uk,/blog,uk,true
how to collagen,/blog,uk,true
how to collagen uk,/blog,uk,true
how to cooking,/blog,uk,true
how to cooking uk,/blog,uk,true
how to cooking with arthritis,/blog,uk,true
how to core strength,/blog,uk,true
how to core strength uk,/blog,uk,true
how to cortisol,/blog,uk,true
how to cortisol uk,/blog,uk,true
how to cure arthritis,/blog,uk,true
how to cure back pain,/blog,uk,true
how to cure fibromyalgia,/blog,uk,true
how to cure gout,/blog,uk,true
how to cure inflammation,/blog,uk,true
how to cure joint pain,/blog,uk,true
how to cure osteoarthritis,/blog,uk,true
how to cure rheumatoid arthritis,/blog,uk,true
how to cycling with arthritis,/blog,uk,true
how to dancing with arthritis,/blog,uk,true
how to delay arthritis,/blog,uk,true
how to delay inflammation,/blog,uk,true
how to delay joint pain,/blog,uk,true
how to delay osteoarthritis,/blog,uk,true
how to diet,/blog,uk,true
how to diet uk,/blog,uk,true
how to disability benefits,/blog,uk,true
how to disability benefits uk,/blog,uk,true
how to dislocation,/blog,uk,true
how to dislocation uk,/blog,uk,true
how to dressing,/blog,uk,true
how to dressing uk,/blog,uk,true
how to driving,/blog,uk,true
how to driving uk,/blog,uk,true
how to driving with arthritis,/blog,uk,true
how to early ra,/blog,uk,true
how to early ra uk,/blog,uk,true
how to eating with arthritis,/blog,uk,true
how to facet joint syndrome,/blog,uk,true
how to facet joint syndrome uk,/blog,uk,true
how to falls prevention,/blog,uk,true
how to falls prevention uk,/blog,uk,true
how to fascia anatomy,/blog,uk,true
how to fascia anatomy uk,/blog,uk,true
how to fatigue,/blog,uk,true
how to fatigue uk,/blog,uk,true
how to fear of falling,/blog,uk,true
how to fear of falling uk,/blog,uk,true
how to fibromyalgia,/blog,uk,true
how to fibromyalgia uk,/blog,uk,true
how to find a chiropractor,/blog,uk,true
how to find a gp,/blog,uk,true
how to find a nutritionist,/blog,uk,true
how to find a occupational therapist,/blog,uk,true
how to find a osteopath,/blog,uk,true
how to find a physiotherapist,/blog,uk,true
how to find a rheumatologist,/blog,uk,true
how to fish oil,/blog,uk,true
how to fish oil uk,/blog,uk,true
how to flare up,/blog,uk,true
how to flare up uk,/blog,uk,true
how to frailty,/blog,uk,true
how to frailty uk,/blog,uk,true
how to frozen shoulder,/blog,uk,true
how to frozen shoulder uk,/blog,uk,true
how to gardening with arthritis,/blog,uk,true
how to geriatric assessment,/blog,uk,true
how to geriatric assessment uk,/blog,uk,true
how to ginger,/blog,uk,true
how to ginger uk,/blog,uk,true
how to gloves,/blog,uk,true
how to gloves uk,/blog,uk,true
how to glucosamine,/blog,uk,true
how to glucosamine uk,/blog,uk,true
how to golf with arthritis,/blog,uk,true
how to gout,/blog,uk,true
how to gout uk,/blog,uk,true
how to grading,/blog,uk,true
how to grading uk,/blog,uk,true
how to grip strength,/blog,uk,true
how to grip strength uk,/blog,uk,true
how to grooming with arthritis,/blog,uk,true
how to hand osteoarthritis,/blog,uk,true
how to hand osteoarthritis uk,/blog,uk,true
how to help arthritis,/blog,uk,true
how to help back pain,/blog,uk,true
how to help fibromyalgia,/blog,uk,true
how to help gout,/blog,uk,true
how to help inflammation,/blog,uk,true
how to help joint pain,/blog,uk,true
how to help osteoarthritis,/blog,uk,true
how to help rheumatoid arthritis,/blog,uk,true
how to herniated disc,/blog,uk,true
how to herniated disc uk,/blog,uk,true
how to hip osteoarthritis,/blog,uk,true
how to hip osteoarthritis uk,/blog,uk,true
how to home hazards,/blog,uk,true
how to home hazards uk,/blog,uk,true
how to intermittent fasting,/blog,uk,true
how to intermittent fasting uk,/blog,uk,true
how to joint capsule,/blog,uk,true
how to joint capsule uk,/blog,uk,true
how to joint pain,/blog,uk,true
how to joint pain foods,/blog,uk,true
how to joint pain foods uk,/blog,uk,true
how to joint pain uk,/blog,uk,true
how to juvenile arthritis,/blog,uk,true
how to juvenile arthritis uk,/blog,uk,true
how to knee osteoarthritis,/blog,uk,true
how to knee osteoarthritis uk,/blog,uk,true
how to kyphosis,/blog,uk,true
how to kyphosis uk,/blog,uk,true
how to leaky gut,/blog,uk,true
how to leaky gut uk,/blog,uk,true
how to leucine,/blog,uk,true
how to leucine uk,/blog,uk,true
how to lifting with arthritis,/blog,uk,true
how to ligaments vs tendons,/blog,uk,true
how to ligaments vs tendons uk,/blog,uk,true
how to lower back pain,/blog,uk,true
how to lower back pain uk,/blog,uk,true
how to lumbar vertebrae,/blog,uk,true
how to lumbar vertebrae uk,/blog,uk,true
how to lupus,/blog,uk,true
how to lupus uk,/blog,uk,true
how to magnesium,/blog,uk,true
how to magnesium uk,/blog,uk,true
how to management arthritis,/blog,uk,true
how to management back pain,/blog,uk,true
how to management fibromyalgia,/blog,uk,true
how to management gout,/blog,uk,true
how to management inflammation,/blog,uk,true
how to management joint pain,/blog,uk,true
how to management osteoarthritis,/blog,uk,true
how to management rheumatoid arthritis,/blog,uk,true
how to mattress,/blog,uk,true
how to mattress uk,/blog,uk,true
how to mediterranean diet,/blog,uk,true
how to mediterranean diet uk,/blog,uk,true
how to meniscus tear,/blog,uk,true
how to meniscus tear uk,/blog,uk,true
how to menopause,/blog,uk,true
how to menopause uk,/blog,uk,true
how to metabolism,/blog,uk,true
how to metabolism uk,/blog,uk,true
how to methotrexate,/blog,uk,true
how to methotrexate uk,/blog,uk,true
how to mindfulness,/blog,uk,true
how to mindfulness uk,/blog,uk,true
how to msm,/blog,uk,true
how to msm uk,/blog,uk,true
how to muscle atrophy,/blog,uk,true
how to muscle atrophy uk,/blog,uk,true
how to muscle imbalance,/blog,uk,true
how to muscle imbalance uk,/blog,uk,true
how to myofascial release,/blog,uk,true
how to myofascial release uk,/blog,uk,true
how to nhs,/blog,uk,true
how to nhs uk,/blog,uk,true
how to obesity,/blog,uk,true
how to obesity uk,/blog,uk,true
how to omega 3,/blog,uk,true
how to omega 3 uk,/blog,uk,true
how to opening jars with arthritis,/blog,uk,true
how to osteoarthritis,/blog,uk,true
how to osteoarthritis uk,/blog,uk,true
how to osteoporosis,/blog,uk,true
how to osteoporosis uk,/blog,uk,true
how to pain arthritis,/blog,uk,true
how to pain back pain,/blog,uk,true
how to pain fibromyalgia,/blog,uk,true
how to pain gout,/blog,uk,true
how to pain inflammation,/blog,uk,true
how to pain joint pain,/blog,uk,true
how to pain osteoarthritis,/blog,uk,true
how to pain rheumatoid arthritis,/blog,uk,true
how to pip,/blog,uk,true
how to pip uk,/blog,uk,true
how to plantar fasciitis,/blog,uk,true
how to plantar fasciitis uk,/blog,uk,true
how to polymyalgia,/blog,uk,true
how to polymyalgia uk,/blog,uk,true
how to polyphenols,/blog,uk,true
how to polyphenols uk,/blog,uk,true
how to portion control,/blog,uk,true
how to portion control uk,/blog,uk,true
how to posture,/blog,uk,true
how to posture uk,/blog,uk,true
how to pregnancy,/blog,uk,true
how to pregnancy uk,/blog,uk,true
how to prevent arthritis,/blog,uk,true
how to prevent inflammation,/blog,uk,true
how to prevent joint pain,/blog,uk,true
how to prevent osteoarthritis,/blog,uk,true
how to prevention arthritis,/blog,uk,true
how to prevention inflammation,/blog,uk,true
how to prevention joint pain,/blog,uk,true
how to prevention osteoarthritis,/blog,uk,true
how to processed food,/blog,uk,true
how to processed food uk,/blog,uk,true
how to protein,/blog,uk,true
how to protein uk,/blog,uk,true
how to psoriatic arthritis,/blog,uk,true
how to psoriatic arthritis uk,/blog,uk,true
how to ra flare,/blog,uk,true
how to ra flare uk,/blog,uk,true
how to reactive arthritis,/blog,uk,true
how to reactive arthritis uk,/blog,uk,true
how to reduce risk arthritis,/blog,uk,true
how to reduce risk inflammation,/blog,uk,true
how to reduce risk joint pain,/blog,uk,true
how to reduce risk osteoarthritis,/blog,uk,true
how to relief arthritis,/blog,uk,true
how to relief back pain,/blog,uk,true
how to relief fibromyalgia,/blog,uk,true
how to relief gout,/blog,uk,true
how to relief inflammation,/blog,uk,true
how to relief joint pain,/blog,uk,true
how to relief osteoarthritis,/blog,uk,true
how to relief rheumatoid arthritis,/blog,uk,true
how to relieve ankle arthritis,/blog,uk,true
how to relieve ankle exercises,/blog,uk,true
how to relieve ankle injury,/blog,uk,true
how to relieve ankle pain,/blog,uk,true
how to relieve ankle relief,/blog,uk,true
how to relieve ankle strain,/blog,uk,true
how to relieve ankle stretches,/blog,uk,true
how to relieve back arthritis,/blog,uk,true
how to relieve back exercises,/blog,uk,true
how to relieve back injury,/blog,uk,true
how to relieve back pain,/blog,uk,true
how to relieve back relief,/blog,uk,true
how to relieve back strain,/blog,uk,true
how to relieve back stretches,/blog,uk,true
how to relieve elbow arthritis,/blog,uk,true
how to relieve elbow exercises,/blog,uk,true
how to relieve elbow injury,/blog,uk,true
how to relieve elbow pain,/blog,uk,true
how to relieve elbow relief,/blog,uk,true
how to relieve elbow strain,/blog,uk,true
how to relieve elbow stretches,/blog,uk,true
how to relieve foot arthritis,/blog,uk,true
how to relieve foot exercises,/blog,uk,true
how to relieve foot injury,/blog,uk,true
how to relieve foot pain,/blog,uk,true
how to relieve foot relief,/blog,uk,true
how to relieve foot strain,/blog,uk,true
how to relieve foot stretches,/blog,uk,true
how to relieve hand arthritis,/blog,uk,true
how to relieve hand exercises,/blog,uk,true
how to relieve hand injury,/blog,uk,true
how to relieve hand pain,/blog,uk,true
how to relieve hand relief,/blog,uk,true
how to relieve hand strain,/blog,uk,true
how to relieve hand stretches,/blog,uk,true
how to relieve hip arthritis,/blog,uk,true
how to relieve hip exercises,/blog,uk,true
how to relieve hip injury,/blog,uk,true
how to relieve hip pain,/blog,uk,true
how to relieve hip relief,/blog,uk,true
how to relieve hip strain,/blog,uk,true
how to relieve hip stretches,/blog,uk,true
how to relieve knee arthritis,/blog,uk,true
how to relieve knee exercises,/blog,uk,true
how to relieve knee injury,/blog,uk,true
how to relieve knee pain,/blog,uk,true
how to relieve knee relief,/blog,uk,true
how to relieve knee strain,/blog,uk,true
how to relieve knee stretches,/blog,uk,true
how to relieve neck arthritis,/blog,uk,true
how to relieve neck exercises,/blog,uk,true
how to relieve neck injury,/blog,uk,true
how to relieve neck pain,/blog,uk,true
how to relieve neck relief,/blog,uk,true
how to relieve neck strain,/blog,uk,true
how to relieve neck stretches,/blog,uk,true
how to relieve shoulder arthritis,/blog,uk,true
how to relieve shoulder exercises,/blog,uk,true
how to relieve shoulder injury,/blog,uk,true
how to relieve shoulder pain,/blog,uk,true
how to relieve shoulder relief,/blog,uk,true
how to relieve shoulder strain,/blog,uk,true
how to relieve shoulder stretches,/blog,uk,true
how to relieve wrist arthritis,/blog,uk,true
how to relieve wrist exercises,/blog,uk,true
how to relieve wrist injury,/blog,uk,true
how to relieve wrist pain,/blog,uk,true
how to relieve wrist relief,/blog,uk,true
how to relieve wrist strain,/blog,uk,true
how to relieve wrist stretches,/blog,uk,true
how to remission,/blog,uk,true
how to remission uk,/blog,uk,true
how to resistance training,/blog,uk,true
how to resistance training uk,/blog,uk,true
how to rheumatoid arthritis,/blog,uk,true
how to rheumatoid arthritis uk,/blog,uk,true
how to rotator cuff injury,/blog,uk,true
how to rotator cuff injury uk,/blog,uk,true
how to running with arthritis,/blog,uk,true
how to sacrum,/blog,uk,true
how to sacrum uk,/blog,uk,true
how to sarcopenia,/blog,uk,true
how to sarcopenia uk,/blog,uk,true
how to sciatica,/blog,uk,true
how to sciatica uk,/blog,uk,true
how to scoliosis,/blog,uk,true
how to scoliosis uk,/blog,uk,true
how to screen time,/blog,uk,true
how to screen time uk,/blog,uk,true
how to septic arthritis,/blog,uk,true
how to septic arthritis uk,/blog,uk,true
how to seronegative,/blog,uk,true
how to seronegative uk,/blog,uk,true
how to skeletal system,/blog,uk,true
how to skeletal system uk,/blog,uk,true
how to sleep,/blog,uk,true
how to sleep uk,/blog,uk,true
how to slow down arthritis,/blog,uk,true
how to slow down inflammation,/blog,uk,true
how to slow down joint pain,/blog,uk,true
how to slow down osteoarthritis,/blog,uk,true
how to spinal stenosis,/blog,uk,true
how to spinal stenosis uk,/blog,uk,true
how to spondylolisthesis,/blog,uk,true
how to spondylolisthesis uk,/blog,uk,true
how to sprain,/blog,uk,true
how to sprain uk,/blog,uk,true
how to strain,/blog,uk,true
how to strain uk,/blog,uk,true
how to sugar inflammation,/blog,uk,true
how to sugar inflammation uk,/blog,uk,true
how to swimming with arthritis,/blog,uk,true
how to synovial joint,/blog,uk,true
how to synovial joint uk,/blog,uk,true
how to tai chi,/blog,uk,true
how to tai chi uk,/blog,uk,true
how to tendinopathy,/blog,uk,true
how to tendinopathy uk,/blog,uk,true
how to tennis elbow,/blog,uk,true
how to tennis elbow uk,/blog,uk,true
how to tennis with arthritis,/blog,uk,true
how to thoracic vertebrae,/blog,uk,true
how to thoracic vertebrae uk,/blog,uk,true
how to travel,/blog,uk,true
how to travel uk,/blog,uk,true
how to treatment arthritis,/blog,uk,true
how to treatment back pain,/blog,uk,true
how to treatment fibromyalgia,/blog,uk,true
how to treatment gout,/blog,uk,true
how to treatment inflammation,/blog,uk,true
how to treatment joint pain,/blog,uk,true
how to treatment osteoarthritis,/blog,uk,true
how to treatment rheumatoid arthritis,/blog,uk,true
how to turmeric,/blog,uk,true
how to turmeric uk,/blog,uk,true
how to typing with arthritis,/blog,uk,true
how to use ankle support,/blog,uk,true
how to use compression socks,/blog,uk,true
how to use heat pad,/blog,uk,true
how to use knee brace,/blog,uk,true
how to use knee sleeve,/blog,uk,true
how to use massage gun,/blog,uk,true
how to use shoulder brace,/blog,uk,true
how to use tens machine,/blog,uk,true
how to use wrist support,/blog,uk,true
how to vagus nerve,/blog,uk,true
how to vagus nerve uk,/blog,uk,true
how to vertebral disc anatomy,/blog,uk,true
how to vertebral disc anatomy uk,/blog,uk,true
how to visceral fat,/blog,uk,true
how to visceral fat uk,/blog,uk,true
how to vitamin d,/blog,uk,true
how to vitamin d uk,/blog,uk,true
how to vitamin k2,/blog,uk,true
how to vitamin k2 uk,/blog,uk,true
how to weight loss,/blog,uk,true
how to weight loss uk,/blog,uk,true
how to work,/blog,uk,true
how to work uk,/blog,uk,true
how to writing with arthritis,/blog,uk,true
how to yoga,/blog,uk,true
how to yoga uk,/blog,uk,true
how to zinc,/blog,uk,true
how to zinc uk,/blog,uk,true
hydrotherapy arthritis,/blog,uk,true
hydrotherapy effectiveness,/blog,uk,true
hydrotherapy joint pain,/blog,uk,true
ice difference heat,/blog,uk,true
ice vs heat,/blog,uk,true
immediate arthritis,/blog,uk,true
immediate joint pain,/blog,uk,true
inexpensive arthritis treatment,/blog,uk,true
inexpensive joint pain relief,/blog,uk,true
inflammation cure uk,/blog,uk,true
inflammation help uk,/blog,uk,true
inflammation in autumn,/blog,uk,true
inflammation in cold weather,/blog,uk,true
inflammation in spring,/blog,uk,true
inflammation in summer,/blog,uk,true
inflammation in winter,/blog,uk,true
inflammation management uk,/blog,uk,true
inflammation pain uk,/blog,uk,true
inflammation relief uk,/blog,uk,true
inflammation treatment uk,/blog,uk,true
injection for arthritis,/blog,uk,true
injection for back pain,/blog,uk,true
injection for joint pain,/blog,uk,true
injection for osteoarthritis,/blog,uk,true
injury arthritis risk,/blog,uk,true
injury recovery arthritis,/blog,uk,true
injury recovery joint injury,/blog,uk,true
instant arthritis,/blog,uk,true
instant joint pain,/blog,uk,true
interactions of joint pain,/blog,uk,true
interactions of osteoarthritis,/blog,uk,true
interactions of rheumatoid arthritis,/blog,uk,true
intermittent fasting,/blog,uk,true
intermittent fasting 2026,/blog,uk,true
intermittent fasting advanced,/blog,uk,true
intermittent fasting alternative,/blog,uk,true
intermittent fasting at home,/blog,uk,true
intermittent fasting beginner,/blog,uk,true
intermittent fasting clinic,/blog,uk,true
intermittent fasting diet,/blog,uk,true
intermittent fasting easy,/blog,uk,true
intermittent fasting effective,/blog,uk,true
intermittent fasting exercises,/blog,uk,true
intermittent fasting fast,/blog,uk,true
intermittent fasting for adults,/blog,uk,true
intermittent fasting for beginners,/blog,uk,true
intermittent fasting for men,/blog,uk,true
intermittent fasting for seniors,/blog,uk,true
intermittent fasting for women,/blog,uk,true
intermittent fasting free,/blog,uk,true
intermittent fasting gentle,/blog,uk,true
intermittent fasting guide,/blog,uk,true
intermittent fasting help,/blog,uk,true
intermittent fasting home remedies,/blog,uk,true
intermittent fasting hospital,/blog,uk,true
intermittent fasting latest,/blog,uk,true
intermittent fasting low cost,/blog,uk,true
intermittent fasting medicine,/blog,uk,true
intermittent fasting natural,/blog,uk,true
intermittent fasting near me,/blog,uk,true
intermittent fasting new,/blog,uk,true
intermittent fasting nhs,/blog,uk,true
intermittent fasting nhs waiting list,/blog,uk,true
intermittent fasting over 50,/blog,uk,true
intermittent fasting over 60,/blog,uk,true
intermittent fasting over 70,/blog,uk,true
intermittent fasting prevention,/blog,uk,true
intermittent fasting private,/blog,uk,true
intermittent fasting proven,/blog,uk,true
intermittent fasting quick,/blog,uk,true
intermittent fasting relief,/blog,uk,true
intermittent fasting safe,/blog,uk,true
intermittent fasting simple,/blog,uk,true
intermittent fasting supplement,/blog,uk,true
intermittent fasting symptoms,/blog,uk,true
intermittent fasting therapy,/blog,uk,true
intermittent fasting tips,/blog,uk,true
intermittent fasting treatment,/blog,uk,true
intermittent fasting uk,/blog,uk,true
is it DOMS,/blog,uk,true
is it DOMS uk,/blog,uk,true
is it ankylosing spondylitis,/blog,uk,true
is it ankylosing spondylitis uk,/blog,uk,true
is it anti inflammatory smoothie,/blog,uk,true
is it anti inflammatory smoothie uk,/blog,uk,true
is it anti-inflammatory diet,/blog,uk,true
is it anti-inflammatory diet uk,/blog,uk,true
is it appendicular skeleton,/blog,uk,true
is it appendicular skeleton uk,/blog,uk,true
is it arthritis,/blog,uk,true
is it arthritis aids,/blog,uk,true
is it arthritis aids uk,/blog,uk,true
is it arthritis uk,/blog,uk,true
is it axial skeleton,/blog,uk,true
is it axial skeleton uk,/blog,uk,true
is it balance training,/blog,uk,true
is it balance training uk,/blog,uk,true
is it beetroot,/blog,uk,true
is it beetroot uk,/blog,uk,true
is it biologic dmards,/blog,uk,true
is it biologic dmards uk,/blog,uk,true
is it blue badge,/blog,uk,true
is it blue badge uk,/blog,uk,true
is it bmi,/blog,uk,true
is it bmi uk,/blog,uk,true
is it bone marrow function,/blog,uk,true
is it bone marrow function uk,/blog,uk,true
is it boswellia,/blog,uk,true
is it boswellia uk,/blog,uk,true
is it breathwork,/blog,uk,true
is it breathwork uk,/blog,uk,true
is it bursitis,/blog,uk,true
is it bursitis uk,/blog,uk,true
is it calcium,/blog,uk,true
is it calcium uk,/blog,uk,true
is it calorie deficit,/blog,uk,true
is it calorie deficit uk,/blog,uk,true
is it carer support,/blog,uk,true
is it carer support uk,/blog,uk,true
is it carpal tunnel,/blog,uk,true
is it carpal tunnel uk,/blog,uk,true
is it cartilage anatomy,/blog,uk,true
is it cartilage anatomy uk,/blog,uk,true
is it cervical vertebrae,/blog,uk,true
is it cervical vertebrae uk,/blog,uk,true
is it chondroitin,/blog,uk,true
is it chondroitin uk,/blog,uk,true
is it circadian rhythm,/blog,uk,true
is it circadian rhythm uk,/blog,uk,true
is it clinical frailty scale,/blog,uk,true
is it clinical frailty scale uk,/blog,uk,true
is it coccyx,/blog,uk,true
is it coccyx uk,/blog,uk,true
is it collagen,/blog,uk,true
is it collagen uk,/blog,uk,true
is it cooking,/blog,uk,true
is it cooking uk,/blog,uk,true
is it core strength,/blog,uk,true
is it core strength uk,/blog,uk,true
is it cortisol,/blog,uk,true
is it cortisol uk,/blog,uk,true
is it diet,/blog,uk,true
is it diet uk,/blog,uk,true
is it disability benefits,/blog,uk,true
is it disability benefits uk,/blog,uk,true
is it dislocation,/blog,uk,true
is it dislocation uk,/blog,uk,true
is it dressing,/blog,uk,true
is it dressing uk,/blog,uk,true
is it driving,/blog,uk,true
is it driving uk,/blog,uk,true
is it early ra,/blog,uk,true
is it early ra uk,/blog,uk,true
is it facet joint syndrome,/blog,uk,true
is it facet joint syndrome uk,/blog,uk,true
is it falls prevention,/blog,uk,true
is it falls prevention uk,/blog,uk,true
is it fascia anatomy,/blog,uk,true
is it fascia anatomy uk,/blog,uk,true
is it fatigue,/blog,uk,true
is it fatigue uk,/blog,uk,true
is it fear of falling,/blog,uk,true
is it fear of falling uk,/blog,uk,true
is it fibromyalgia,/blog,uk,true
is it fibromyalgia uk,/blog,uk,true
is it fish oil,/blog,uk,true
is it fish oil uk,/blog,uk,true
is it flare up,/blog,uk,true
is it flare up uk,/blog,uk,true
is it frailty,/blog,uk,true
is it frailty uk,/blog,uk,true
is it frozen shoulder,/blog,uk,true
is it frozen shoulder uk,/blog,uk,true
is it geriatric assessment,/blog,uk,true
is it geriatric assessment uk,/blog,uk,true
is it ginger,/blog,uk,true
is it ginger uk,/blog,uk,true
is it gloves,/blog,uk,true
is it gloves uk,/blog,uk,true
is it glucosamine,/blog,uk,true
is it glucosamine uk,/blog,uk,true
is it gout,/blog,uk,true
is it gout uk,/blog,uk,true
is it grading,/blog,uk,true
is it grading uk,/blog,uk,true
is it grip strength,/blog,uk,true
is it grip strength uk,/blog,uk,true
is it hand osteoarthritis,/blog,uk,true
is it hand osteoarthritis uk,/blog,uk,true
is it herniated disc,/blog,uk,true
is it herniated disc uk,/blog,uk,true
is it hip osteoarthritis,/blog,uk,true
is it hip osteoarthritis uk,/blog,uk,true
is it home hazards,/blog,uk,true
is it home hazards uk,/blog,uk,true
is it intermittent fasting,/blog,uk,true
is it intermittent fasting uk,/blog,uk,true
is it joint capsule,/blog,uk,true
is it joint capsule uk,/blog,uk,true
is it joint pain,/blog,uk,true
is it joint pain foods,/blog,uk,true
is it joint pain foods uk,/blog,uk,true
is it joint pain uk,/blog,uk,true
is it juvenile arthritis,/blog,uk,true
is it juvenile arthritis uk,/blog,uk,true
is it knee osteoarthritis,/blog,uk,true
is it knee osteoarthritis uk,/blog,uk,true
is it kyphosis,/blog,uk,true
is it kyphosis uk,/blog,uk,true
is it leaky gut,/blog,uk,true
is it leaky gut uk,/blog,uk,true
is it leucine,/blog,uk,true
is it leucine uk,/blog,uk,true
is it ligaments vs tendons,/blog,uk,true
is it ligaments vs tendons uk,/blog,uk,true
is it lower back pain,/blog,uk,true
is it lower back pain uk,/blog,uk,true
is it lumbar vertebrae,/blog,uk,true
is it lumbar vertebrae uk,/blog,uk,true
is it lupus,/blog,uk,true
is it lupus uk,/blog,uk,true
is it magnesium,/blog,uk,true
is it magnesium uk,/blog,uk,true
is it mattress,/blog,uk,true
is it mattress uk,/blog,uk,true
is it mediterranean diet,/blog,uk,true
is it mediterranean diet uk,/blog,uk,true
is it meniscus tear,/blog,uk,true
is it meniscus tear uk,/blog,uk,true
is it menopause,/blog,uk,true
is it menopause uk,/blog,uk,true
is it metabolism,/blog,uk,true
is it metabolism uk,/blog,uk,true
is it methotrexate,/blog,uk,true
is it methotrexate uk,/blog,uk,true
is it mindfulness,/blog,uk,true
is it mindfulness uk,/blog,uk,true
is it msm,/blog,uk,true
is it msm uk,/blog,uk,true
is it muscle atrophy,/blog,uk,true
is it muscle atrophy uk,/blog,uk,true
is it muscle imbalance,/blog,uk,true
is it muscle imbalance uk,/blog,uk,true
is it myofascial release,/blog,uk,true
is it myofascial release uk,/blog,uk,true
is it nhs,/blog,uk,true
is it nhs uk,/blog,uk,true
is it obesity,/blog,uk,true
is it obesity uk,/blog,uk,true
is it omega 3,/blog,uk,true
is it omega 3 uk,/blog,uk,true
is it osteoarthritis,/blog,uk,true
is it osteoarthritis uk,/blog,uk,true
is it osteoporosis,/blog,uk,true
is it osteoporosis uk,/blog,uk,true
is it pip,/blog,uk,true
is it pip uk,/blog,uk,true
is it plantar fasciitis,/blog,uk,true
is it plantar fasciitis uk,/blog,uk,true
is it polymyalgia,/blog,uk,true
is it polymyalgia uk,/blog,uk,true
is it polyphenols,/blog,uk,true
is it polyphenols uk,/blog,uk,true
is it portion control,/blog,uk,true
is it portion control uk,/blog,uk,true
is it posture,/blog,uk,true
is it posture uk,/blog,uk,true
is it pregnancy,/blog,uk,true
is it pregnancy uk,/blog,uk,true
is it processed food,/blog,uk,true
is it processed food uk,/blog,uk,true
is it protein,/blog,uk,true
is it protein uk,/blog,uk,true
is it psoriatic arthritis,/blog,uk,true
is it psoriatic arthritis uk,/blog,uk,true
is it ra flare,/blog,uk,true
is it ra flare uk,/blog,uk,true
is it reactive arthritis,/blog,uk,true
is it reactive arthritis uk,/blog,uk,true
is it remission,/blog,uk,true
is it remission uk,/blog,uk,true
is it resistance training,/blog,uk,true
is it resistance training uk,/blog,uk,true
is it rheumatoid arthritis,/blog,uk,true
is it rheumatoid arthritis uk,/blog,uk,true
is it rotator cuff injury,/blog,uk,true
is it rotator cuff injury uk,/blog,uk,true
is it sacrum,/blog,uk,true
is it sacrum uk,/blog,uk,true
is it sarcopenia,/blog,uk,true
is it sarcopenia uk,/blog,uk,true
is it sciatica,/blog,uk,true
is it sciatica uk,/blog,uk,true
is it scoliosis,/blog,uk,true
is it scoliosis uk,/blog,uk,true
is it screen time,/blog,uk,true
is it screen time uk,/blog,uk,true
is it septic arthritis,/blog,uk,true
is it septic arthritis uk,/blog,uk,true
is it seronegative,/blog,uk,true
is it seronegative uk,/blog,uk,true
is it skeletal system,/blog,uk,true
is it skeletal system uk,/blog,uk,true
is it sleep,/blog,uk,true
is it sleep uk,/blog,uk,true
is it spinal stenosis,/blog,uk,true
is it spinal stenosis uk,/blog,uk,true
is it spondylolisthesis,/blog,uk,true
is it spondylolisthesis uk,/blog,uk,true
is it sprain,/blog,uk,true
is it sprain uk,/blog,uk,true
is it strain,/blog,uk,true
is it strain uk,/blog,uk,true
is it sugar inflammation,/blog,uk,true
is it sugar inflammation uk,/blog,uk,true
is it synovial joint,/blog,uk,true
is it synovial joint uk,/blog,uk,true
is it tai chi,/blog,uk,true
is it tai chi uk,/blog,uk,true
is it tendinopathy,/blog,uk,true
is it tendinopathy uk,/blog,uk,true
is it tennis elbow,/blog,uk,true
is it tennis elbow uk,/blog,uk,true
is it thoracic vertebrae,/blog,uk,true
is it thoracic vertebrae uk,/blog,uk,true
is it travel,/blog,uk,true
is it travel uk,/blog,uk,true
is it turmeric,/blog,uk,true
is it turmeric uk,/blog,uk,true
is it vagus nerve,/blog,uk,true
is it vagus nerve uk,/blog,uk,true
is it vertebral disc anatomy,/blog,uk,true
is it vertebral disc anatomy uk,/blog,uk,true
is it visceral fat,/blog,uk,true
is it visceral fat uk,/blog,uk,true
is it vitamin d,/blog,uk,true
is it vitamin d uk,/blog,uk,true
is it vitamin k2,/blog,uk,true
is it vitamin k2 uk,/blog,uk,true
is it weight loss,/blog,uk,true
is it weight loss uk,/blog,uk,true
is it work,/blog,uk,true
is it work uk,/blog,uk,true
is it yoga,/blog,uk,true
is it yoga uk,/blog,uk,true
is it zinc,/blog,uk,true
is it zinc uk,/blog,uk,true
is there DOMS,/blog,uk,true
is there DOMS uk,/blog,uk,true
is there ankylosing spondylitis,/blog,uk,true
is there ankylosing spondylitis uk,/blog,uk,true
is there anti inflammatory smoothie,/blog,uk,true
is there anti inflammatory smoothie uk,/blog,uk,true
is there anti-inflammatory diet,/blog,uk,true
is there anti-inflammatory diet uk,/blog,uk,true
is there appendicular skeleton,/blog,uk,true
is there appendicular skeleton uk,/blog,uk,true
is there arthritis,/blog,uk,true
is there arthritis aids,/blog,uk,true
is there arthritis aids uk,/blog,uk,true
is there arthritis uk,/blog,uk,true
is there axial skeleton,/blog,uk,true
is there axial skeleton uk,/blog,uk,true
is there balance training,/blog,uk,true
is there balance training uk,/blog,uk,true
is there beetroot,/blog,uk,true
is there beetroot uk,/blog,uk,true
is there biologic dmards,/blog,uk,true
is there biologic dmards uk,/blog,uk,true
is there blue badge,/blog,uk,true
is there blue badge uk,/blog,uk,true
is there bmi,/blog,uk,true
is there bmi uk,/blog,uk,true
is there bone marrow function,/blog,uk,true
is there bone marrow function uk,/blog,uk,true
is there boswellia,/blog,uk,true
is there boswellia uk,/blog,uk,true
is there breathwork,/blog,uk,true
is there breathwork uk,/blog,uk,true
is there bursitis,/blog,uk,true
is there bursitis uk,/blog,uk,true
is there calcium,/blog,uk,true
is there calcium uk,/blog,uk,true
is there calorie deficit,/blog,uk,true
is there calorie deficit uk,/blog,uk,true
is there carer support,/blog,uk,true
is there carer support uk,/blog,uk,true
is there carpal tunnel,/blog,uk,true
is there carpal tunnel uk,/blog,uk,true
is there cartilage anatomy,/blog,uk,true
is there cartilage anatomy uk,/blog,uk,true
is there cervical vertebrae,/blog,uk,true
is there cervical vertebrae uk,/blog,uk,true
is there chondroitin,/blog,uk,true
is there chondroitin uk,/blog,uk,true
is there circadian rhythm,/blog,uk,true
is there circadian rhythm uk,/blog,uk,true
is there clinical frailty scale,/blog,uk,true
is there clinical frailty scale uk,/blog,uk,true
is there coccyx,/blog,uk,true
is there coccyx uk,/blog,uk,true
is there collagen,/blog,uk,true
is there collagen uk,/blog,uk,true
is there cooking,/blog,uk,true
is there cooking uk,/blog,uk,true
is there core strength,/blog,uk,true
is there core strength uk,/blog,uk,true
is there cortisol,/blog,uk,true
is there cortisol uk,/blog,uk,true
is there diet,/blog,uk,true
is there diet uk,/blog,uk,true
is there disability benefits,/blog,uk,true
is there disability benefits uk,/blog,uk,true
is there dislocation,/blog,uk,true
is there dislocation uk,/blog,uk,true
is there dressing,/blog,uk,true
is there dressing uk,/blog,uk,true
is there driving,/blog,uk,true
is there driving uk,/blog,uk,true
is there early ra,/blog,uk,true
is there early ra uk,/blog,uk,true
is there facet joint syndrome,/blog,uk,true
is there facet joint syndrome uk,/blog,uk,true
is there falls prevention,/blog,uk,true
is there falls prevention uk,/blog,uk,true
is there fascia anatomy,/blog,uk,true
is there fascia anatomy uk,/blog,uk,true
is there fatigue,/blog,uk,true
is there fatigue uk,/blog,uk,true
is there fear of falling,/blog,uk,true
is there fear of falling uk,/blog,uk,true
is there fibromyalgia,/blog,uk,true
is there fibromyalgia uk,/blog,uk,true
is there fish oil,/blog,uk,true
is there fish oil uk,/blog,uk,true
is there flare up,/blog,uk,true
is there flare up uk,/blog,uk,true
is there frailty,/blog,uk,true
is there frailty uk,/blog,uk,true
is there frozen shoulder,/blog,uk,true
is there frozen shoulder uk,/blog,uk,true
is there geriatric assessment,/blog,uk,true
is there geriatric assessment uk,/blog,uk,true
is there ginger,/blog,uk,true
is there ginger uk,/blog,uk,true
is there gloves,/blog,uk,true
is there gloves uk,/blog,uk,true
is there glucosamine,/blog,uk,true
is there glucosamine uk,/blog,uk,true
is there gout,/blog,uk,true
is there gout uk,/blog,uk,true
is there grading,/blog,uk,true
is there grading uk,/blog,uk,true
is there grip strength,/blog,uk,true
is there grip strength uk,/blog,uk,true
is there hand osteoarthritis,/blog,uk,true
is there hand osteoarthritis uk,/blog,uk,true
is there herniated disc,/blog,uk,true
is there herniated disc uk,/blog,uk,true
is there hip osteoarthritis,/blog,uk,true
is there hip osteoarthritis uk,/blog,uk,true
is there home hazards,/blog,uk,true
is there home hazards uk,/blog,uk,true
is there intermittent fasting,/blog,uk,true
is there intermittent fasting uk,/blog,uk,true
is there joint capsule,/blog,uk,true
is there joint capsule uk,/blog,uk,true
is there joint pain,/blog,uk,true
is there joint pain foods,/blog,uk,true
is there joint pain foods uk,/blog,uk,true
is there joint pain uk,/blog,uk,true
is there juvenile arthritis,/blog,uk,true
is there juvenile arthritis uk,/blog,uk,true
is there knee osteoarthritis,/blog,uk,true
is there knee osteoarthritis uk,/blog,uk,true
is there kyphosis,/blog,uk,true
is there kyphosis uk,/blog,uk,true
is there leaky gut,/blog,uk,true
is there leaky gut uk,/blog,uk,true
is there leucine,/blog,uk,true
is there leucine uk,/blog,uk,true
is there ligaments vs tendons,/blog,uk,true
is there ligaments vs tendons uk,/blog,uk,true
is there lower back pain,/blog,uk,true
is there lower back pain uk,/blog,uk,true
is there lumbar vertebrae,/blog,uk,true
is there lumbar vertebrae uk,/blog,uk,true
is there lupus,/blog,uk,true
is there lupus uk,/blog,uk,true
is there magnesium,/blog,uk,true
is there magnesium uk,/blog,uk,true
is there mattress,/blog,uk,true
is there mattress uk,/blog,uk,true
is there mediterranean diet,/blog,uk,true
is there mediterranean diet uk,/blog,uk,true
is there meniscus tear,/blog,uk,true
is there meniscus tear uk,/blog,uk,true
is there menopause,/blog,uk,true
is there menopause uk,/blog,uk,true
is there metabolism,/blog,uk,true
is there metabolism uk,/blog,uk,true
is there methotrexate,/blog,uk,true
is there methotrexate uk,/blog,uk,true
is there mindfulness,/blog,uk,true
is there mindfulness uk,/blog,uk,true
is there msm,/blog,uk,true
is there msm uk,/blog,uk,true
is there muscle atrophy,/blog,uk,true
is there muscle atrophy uk,/blog,uk,true
is there muscle imbalance,/blog,uk,true
is there muscle imbalance uk,/blog,uk,true
is there myofascial release,/blog,uk,true
is there myofascial release uk,/blog,uk,true
is there nhs,/blog,uk,true
is there nhs uk,/blog,uk,true
is there obesity,/blog,uk,true
is there obesity uk,/blog,uk,true
is there omega 3,/blog,uk,true
is there omega 3 uk,/blog,uk,true
is there osteoarthritis,/blog,uk,true
is there osteoarthritis uk,/blog,uk,true
is there osteoporosis,/blog,uk,true
is there osteoporosis uk,/blog,uk,true
is there pip,/blog,uk,true
is there pip uk,/blog,uk,true
is there plantar fasciitis,/blog,uk,true
is there plantar fasciitis uk,/blog,uk,true
is there polymyalgia,/blog,uk,true
is there polymyalgia uk,/blog,uk,true
is there polyphenols,/blog,uk,true
is there polyphenols uk,/blog,uk,true
is there portion control,/blog,uk,true
is there portion control uk,/blog,uk,true
is there posture,/blog,uk,true
is there posture uk,/blog,uk,true
is there pregnancy,/blog,uk,true
is there pregnancy uk,/blog,uk,true
is there processed food,/blog,uk,true
is there processed food uk,/blog,uk,true
is there protein,/blog,uk,true
is there protein uk,/blog,uk,true
is there psoriatic arthritis,/blog,uk,true
is there psoriatic arthritis uk,/blog,uk,true
is there ra flare,/blog,uk,true
is there ra flare uk,/blog,uk,true
is there reactive arthritis,/blog,uk,true
is there reactive arthritis uk,/blog,uk,true
is there remission,/blog,uk,true
is there remission uk,/blog,uk,true
is there resistance training,/blog,uk,true
is there resistance training uk,/blog,uk,true
is there rheumatoid arthritis,/blog,uk,true
is there rheumatoid arthritis uk,/blog,uk,true
is there rotator cuff injury,/blog,uk,true
is there rotator cuff injury uk,/blog,uk,true
is there sacrum,/blog,uk,true
is there sacrum uk,/blog,uk,true
is there sarcopenia,/blog,uk,true
is there sarcopenia uk,/blog,uk,true
is there sciatica,/blog,uk,true
is there sciatica uk,/blog,uk,true
is there scoliosis,/blog,uk,true
is there scoliosis uk,/blog,uk,true
is there screen time,/blog,uk,true
is there screen time uk,/blog,uk,true
is there septic arthritis,/blog,uk,true
is there septic arthritis uk,/blog,uk,true
is there seronegative,/blog,uk,true
is there seronegative uk,/blog,uk,true
is there skeletal system,/blog,uk,true
is there skeletal system uk,/blog,uk,true
is there sleep,/blog,uk,true
is there sleep uk,/blog,uk,true
is there spinal stenosis,/blog,uk,true
is there spinal stenosis uk,/blog,uk,true
is there spondylolisthesis,/blog,uk,true
is there spondylolisthesis uk,/blog,uk,true
is there sprain,/blog,uk,true
is there sprain uk,/blog,uk,true
is there strain,/blog,uk,true
is there strain uk,/blog,uk,true
is there sugar inflammation,/blog,uk,true
is there sugar inflammation uk,/blog,uk,true
is there synovial joint,/blog,uk,true
is there synovial joint uk,/blog,uk,true
is there tai chi,/blog,uk,true
is there tai chi uk,/blog,uk,true
is there tendinopathy,/blog,uk,true
is there tendinopathy uk,/blog,uk,true
is there tennis elbow,/blog,uk,true
is there tennis elbow uk,/blog,uk,true
is there thoracic vertebrae,/blog,uk,true
is there thoracic vertebrae uk,/blog,uk,true
is there travel,/blog,uk,true
is there travel uk,/blog,uk,true
is there turmeric,/blog,uk,true
is there turmeric uk,/blog,uk,true
is there vagus nerve,/blog,uk,true
is there vagus nerve uk,/blog,uk,true
is there vertebral disc anatomy,/blog,uk,true
is there vertebral disc anatomy uk,/blog,uk,true
is there visceral fat,/blog,uk,true
is there visceral fat uk,/blog,uk,true
is there vitamin d,/blog,uk,true
is there vitamin d uk,/blog,uk,true
is there vitamin k2,/blog,uk,true
is there vitamin k2 uk,/blog,uk,true
is there weight loss,/blog,uk,true
is there weight loss uk,/blog,uk,true
is there work,/blog,uk,true
is there work uk,/blog,uk,true
is there yoga,/blog,uk,true
is there yoga uk,/blog,uk,true
is there zinc,/blog,uk,true
is there zinc uk,/blog,uk,true
joint capsule,/blog,uk,true
joint capsule 2026,/blog,uk,true
joint capsule advanced,/blog,uk,true
joint capsule alternative,/blog,uk,true
joint capsule at home,/blog,uk,true
joint capsule beginner,/blog,uk,true
joint capsule clinic,/blog,uk,true
joint capsule diet,/blog,uk,true
joint capsule easy,/blog,uk,true
joint capsule effective,/blog,uk,true
joint capsule exercises,/blog,uk,true
joint capsule fast,/blog,uk,true
joint capsule for adults,/blog,uk,true
joint capsule for beginners,/blog,uk,true
joint capsule for men,/blog,uk,true
joint capsule for seniors,/blog,uk,true
joint capsule for women,/blog,uk,true
joint capsule free,/blog,uk,true
joint capsule gentle,/blog,uk,true
joint capsule guide,/blog,uk,true
joint capsule help,/blog,uk,true
joint capsule home remedies,/blog,uk,true
joint capsule hospital,/blog,uk,true
joint capsule latest,/blog,uk,true
joint capsule low cost,/blog,uk,true
joint capsule medicine,/blog,uk,true
joint capsule natural,/blog,uk,true
joint capsule near me,/blog,uk,true
joint capsule new,/blog,uk,true
joint capsule nhs,/blog,uk,true
joint capsule nhs waiting list,/blog,uk,true
joint capsule over 50,/blog,uk,true
joint capsule over 60,/blog,uk,true
joint capsule over 70,/blog,uk,true
joint capsule prevention,/blog,uk,true
joint capsule private,/blog,uk,true
joint capsule proven,/blog,uk,true
joint capsule quick,/blog,uk,true
joint capsule relief,/blog,uk,true
joint capsule safe,/blog,uk,true
joint capsule simple,/blog,uk,true
joint capsule supplement,/blog,uk,true
joint capsule symptoms,/blog,uk,true
joint capsule therapy,/blog,uk,true
joint capsule tips,/blog,uk,true
joint capsule treatment,/blog,uk,true
joint capsule uk,/blog,uk,true
joint crackling,/blog,uk,true
joint grinding,/blog,uk,true
joint health bedtime routine,/blog,uk,true
joint health daily habits,/blog,uk,true
joint health good habits for joints,/blog,uk,true
joint health habits to break,/blog,uk,true
joint health lifestyle changes,/blog,uk,true
joint health morning routine,/blog,uk,true
joint lubrication,/blog,uk,true
joint lubrication uk,/blog,uk,true
joint pain,/blog,uk,true
joint pain 2026,/blog,uk,true
joint pain advanced,/blog,uk,true
joint pain aerobic routine,/blog,uk,true
joint pain alternative,/blog,uk,true
joint pain alternatives,/blog,uk,true
joint pain at home,/blog,uk,true
joint pain ayurveda,/blog,uk,true
joint pain beginner,/blog,uk,true
joint pain braces uk,/blog,uk,true
joint pain brand name,/blog,uk,true
joint pain chair exercises routine,/blog,uk,true
joint pain chair uk,/blog,uk,true
joint pain chinese medicine,/blog,uk,true
joint pain clinic,/blog,uk,true
joint pain clinic birmingham,/blog,uk,true
joint pain clinic bristol,/blog,uk,true
joint pain clinic edinburgh,/blog,uk,true
joint pain clinic england,/blog,uk,true
joint pain clinic leeds,/blog,uk,true
joint pain clinic london,/blog,uk,true
joint pain clinic manchester,/blog,uk,true
joint pain clinic northern ireland,/blog,uk,true
joint pain clinic scotland,/blog,uk,true
joint pain clinic wales,/blog,uk,true
joint pain comparison,/blog,uk,true
joint pain contraindications,/blog,uk,true
joint pain cost,/blog,uk,true
joint pain cure uk,/blog,uk,true
joint pain diet,/blog,uk,true
joint pain diet uk,/blog,uk,true
joint pain easy,/blog,uk,true
joint pain effective,/blog,uk,true
joint pain effectiveness,/blog,uk,true
joint pain essential oils,/blog,uk,true
joint pain exercise uk,/blog,uk,true
joint pain exercises,/blog,uk,true
joint pain fast,/blog,uk,true
joint pain foods,/blog,uk,true
joint pain foods 2026,/blog,uk,true
joint pain foods advanced,/blog,uk,true
joint pain foods alternative,/blog,uk,true
joint pain foods at home,/blog,uk,true
joint pain foods beginner,/blog,uk,true
joint pain foods clinic,/blog,uk,true
joint pain foods diet,/blog,uk,true
joint pain foods easy,/blog,uk,true
joint pain foods effective,/blog,uk,true
joint pain foods exercises,/blog,uk,true
joint pain foods fast,/blog,uk,true
joint pain foods for adults,/blog,uk,true
joint pain foods for beginners,/blog,uk,true
joint pain foods for men,/blog,uk,true
joint pain foods for seniors,/blog,uk,true
joint pain foods for women,/blog,uk,true
joint pain foods free,/blog,uk,true
joint pain foods gentle,/blog,uk,true
joint pain foods guide,/blog,uk,true
joint pain foods help,/blog,uk,true
joint pain foods home remedies,/blog,uk,true
joint pain foods hospital,/blog,uk,true
joint pain foods latest,/blog,uk,true
joint pain foods low cost,/blog,uk,true
joint pain foods medicine,/blog,uk,true
joint pain foods natural,/blog,uk,true
joint pain foods near me,/blog,uk,true
joint pain foods new,/blog,uk,true
joint pain foods nhs,/blog,uk,true
joint pain foods nhs waiting list,/blog,uk,true
joint pain foods over 50,/blog,uk,true
joint pain foods over 60,/blog,uk,true
joint pain foods over 70,/blog,uk,true
joint pain foods prevention,/blog,uk,true
joint pain foods private,/blog,uk,true
joint pain foods proven,/blog,uk,true
joint pain foods quick,/blog,uk,true
joint pain foods relief,/blog,uk,true
joint pain foods safe,/blog,uk,true
joint pain foods simple,/blog,uk,true
joint pain foods supplement,/blog,uk,true
joint pain foods symptoms,/blog,uk,true
joint pain foods therapy,/blog,uk,true
joint pain foods tips,/blog,uk,true
joint pain foods treatment,/blog,uk,true
joint pain foods uk,/blog,uk,true
joint pain for adults,/blog,uk,true
joint pain for beginners,/blog,uk,true
joint pain for men,/blog,uk,true
joint pain for seniors,/blog,uk,true
joint pain for women,/blog,uk,true
joint pain free,/blog,uk,true
joint pain generic,/blog,uk,true
joint pain gentle,/blog,uk,true
joint pain gloves uk,/blog,uk,true
joint pain grips uk,/blog,uk,true
joint pain guide,/blog,uk,true
joint pain help,/blog,uk,true
joint pain help uk,/blog,uk,true
joint pain herbal,/blog,uk,true
joint pain holistic,/blog,uk,true
joint pain home remedies,/blog,uk,true
joint pain hospital,/blog,uk,true
joint pain in children,/blog,uk,true
joint pain in elderly,/blog,uk,true
joint pain in men,/blog,uk,true
joint pain in middle-aged,/blog,uk,true
joint pain in teenagers,/blog,uk,true
joint pain in women,/blog,uk,true
joint pain in young adults,/blog,uk,true
joint pain injection uk,/blog,uk,true
joint pain interactions,/blog,uk,true
joint pain latest,/blog,uk,true
joint pain low cost,/blog,uk,true
joint pain low impact routine,/blog,uk,true
joint pain management,/blog,uk,true
joint pain management uk,/blog,uk,true
joint pain mattress uk,/blog,uk,true
joint pain medication uk,/blog,uk,true
joint pain medicine,/blog,uk,true
joint pain morning,/blog,uk,true
joint pain morning uk,/blog,uk,true
joint pain natural,/blog,uk,true
joint pain natural remedies,/blog,uk,true
joint pain natural remedy uk,/blog,uk,true
joint pain near me,/blog,uk,true
joint pain new,/blog,uk,true
joint pain nhs,/blog,uk,true
joint pain nhs uk,/blog,uk,true
joint pain nhs waiting list,/blog,uk,true
joint pain older adults,/blog,uk,true
joint pain openers uk,/blog,uk,true
joint pain over 50,/blog,uk,true
joint pain over 60,/blog,uk,true
joint pain over 65,/blog,uk,true
joint pain over 70,/blog,uk,true
joint pain pain uk,/blog,uk,true
joint pain physiotherapy uk,/blog,uk,true
joint pain pilates routine,/blog,uk,true
joint pain pillows uk,/blog,uk,true
joint pain prevention,/blog,uk,true
joint pain price,/blog,uk,true
joint pain private,/blog,uk,true
joint pain proven,/blog,uk,true
joint pain quick,/blog,uk,true
joint pain rehabilitation uk,/blog,uk,true
joint pain relief,/blog,uk,true
joint pain relief uk,/blog,uk,true
joint pain reviews,/blog,uk,true
joint pain safe,/blog,uk,true
joint pain safety,/blog,uk,true
joint pain seniors,/blog,uk,true
joint pain shoes uk,/blog,uk,true
joint pain side effects,/blog,uk,true
joint pain simple,/blog,uk,true
joint pain strength training routine,/blog,uk,true
joint pain stretching routine,/blog,uk,true
joint pain supplement,/blog,uk,true
joint pain supplement uk,/blog,uk,true
joint pain surgery uk,/blog,uk,true
joint pain swimming routine,/blog,uk,true
joint pain symptoms,/blog,uk,true
joint pain tai chi routine,/blog,uk,true
joint pain therapy,/blog,uk,true
joint pain therapy uk,/blog,uk,true
joint pain time to work,/blog,uk,true
joint pain tips,/blog,uk,true
joint pain traditional medicine,/blog,uk,true
joint pain treatment,/blog,uk,true
joint pain treatment uk,/blog,uk,true
joint pain uk,/blog,uk,true
joint pain walking routine,/blog,uk,true
joint pain yoga routine,/blog,uk,true
joint redness,/blog,uk,true
joint stiffness,/blog,uk,true
joint stiffness in autumn,/blog,uk,true
joint stiffness in cold weather,/blog,uk,true
joint stiffness in spring,/blog,uk,true
joint stiffness in summer,/blog,uk,true
joint stiffness in winter,/blog,uk,true
joint swelling,/blog,uk,true
joint tender,/blog,uk,true
joint warmth,/blog,uk,true
juvenile arthritis,/blog,uk,true
juvenile arthritis 2026,/blog,uk,true
juvenile arthritis advanced,/blog,uk,true
juvenile arthritis alternative,/blog,uk,true
juvenile arthritis at home,/blog,uk,true
juvenile arthritis beginner,/blog,uk,true
juvenile arthritis clinic,/blog,uk,true
juvenile arthritis diet,/blog,uk,true
juvenile arthritis easy,/blog,uk,true
juvenile arthritis effective,/blog,uk,true
juvenile arthritis exercises,/blog,uk,true
juvenile arthritis fast,/blog,uk,true
juvenile arthritis for adults,/blog,uk,true
juvenile arthritis for beginners,/blog,uk,true
juvenile arthritis for men,/blog,uk,true
juvenile arthritis for seniors,/blog,uk,true
juvenile arthritis for women,/blog,uk,true
juvenile arthritis free,/blog,uk,true
juvenile arthritis gentle,/blog,uk,true
juvenile arthritis guide,/blog,uk,true
juvenile arthritis help,/blog,uk,true
juvenile arthritis home remedies,/blog,uk,true
juvenile arthritis hospital,/blog,uk,true
juvenile arthritis latest,/blog,uk,true
juvenile arthritis low cost,/blog,uk,true
juvenile arthritis medicine,/blog,uk,true
juvenile arthritis natural,/blog,uk,true
juvenile arthritis near me,/blog,uk,true
juvenile arthritis new,/blog,uk,true
juvenile arthritis nhs,/blog,uk,true
juvenile arthritis nhs waiting list,/blog,uk,true
juvenile arthritis over 50,/blog,uk,true
juvenile arthritis over 60,/blog,uk,true
juvenile arthritis over 70,/blog,uk,true
juvenile arthritis prevention,/blog,uk,true
juvenile arthritis private,/blog,uk,true
juvenile arthritis proven,/blog,uk,true
juvenile arthritis quick,/blog,uk,true
juvenile arthritis relief,/blog,uk,true
juvenile arthritis safe,/blog,uk,true
juvenile arthritis simple,/blog,uk,true
juvenile arthritis supplement,/blog,uk,true
juvenile arthritis symptoms,/blog,uk,true
juvenile arthritis therapy,/blog,uk,true
juvenile arthritis tips,/blog,uk,true
juvenile arthritis treatment,/blog,uk,true
juvenile arthritis uk,/blog,uk,true
knee and hip pain,/blog,uk,true
knee arthritis,/blog,uk,true
knee arthritis uk,/blog,uk,true
knee brace arthritis,/blog,uk,true
knee brace uk,/blog,uk,true
knee exercises,/blog,uk,true
knee exercises uk,/blog,uk,true
knee hip arthritis,/blog,uk,true
knee injury,/blog,uk,true
knee injury uk,/blog,uk,true
knee osteoarthritis,/blog,uk,true
knee osteoarthritis 2026,/blog,uk,true
knee osteoarthritis advanced,/blog,uk,true
knee osteoarthritis alternative,/blog,uk,true
knee osteoarthritis at home,/blog,uk,true
knee osteoarthritis beginner,/blog,uk,true
knee osteoarthritis clinic,/blog,uk,true
knee osteoarthritis diet,/blog,uk,true
knee osteoarthritis easy,/blog,uk,true
knee osteoarthritis effective,/blog,uk,true
knee osteoarthritis exercises,/blog,uk,true
knee osteoarthritis fast,/blog,uk,true
knee osteoarthritis for adults,/blog,uk,true
knee osteoarthritis for beginners,/blog,uk,true
knee osteoarthritis for men,/blog,uk,true
knee osteoarthritis for seniors,/blog,uk,true
knee osteoarthritis for women,/blog,uk,true
knee osteoarthritis free,/blog,uk,true
knee osteoarthritis gentle,/blog,uk,true
knee osteoarthritis guide,/blog,uk,true
knee osteoarthritis help,/blog,uk,true
knee osteoarthritis help uk,/blog,uk,true
knee osteoarthritis home remedies,/blog,uk,true
knee osteoarthritis hospital,/blog,uk,true
knee osteoarthritis latest,/blog,uk,true
knee osteoarthritis low cost,/blog,uk,true
knee osteoarthritis management,/blog,uk,true
knee osteoarthritis medicine,/blog,uk,true
knee osteoarthritis natural,/blog,uk,true
knee osteoarthritis near me,/blog,uk,true
knee osteoarthritis new,/blog,uk,true
knee osteoarthritis nhs,/blog,uk,true
knee osteoarthritis nhs waiting list,/blog,uk,true
knee osteoarthritis over 50,/blog,uk,true
knee osteoarthritis over 60,/blog,uk,true
knee osteoarthritis over 70,/blog,uk,true
knee osteoarthritis prevention,/blog,uk,true
knee osteoarthritis private,/blog,uk,true
knee osteoarthritis proven,/blog,uk,true
knee osteoarthritis quick,/blog,uk,true
knee osteoarthritis relief,/blog,uk,true
knee osteoarthritis safe,/blog,uk,true
knee osteoarthritis simple,/blog,uk,true
knee osteoarthritis supplement,/blog,uk,true
knee osteoarthritis symptoms,/blog,uk,true
knee osteoarthritis therapy,/blog,uk,true
knee osteoarthritis tips,/blog,uk,true
knee osteoarthritis treatment,/blog,uk,true
knee osteoarthritis uk,/blog,uk,true
knee pain,/blog,uk,true
knee pain uk,/blog,uk,true
knee relief,/blog,uk,true
knee relief uk,/blog,uk,true
knee sleeve arthritis,/blog,uk,true
knee sleeve uk,/blog,uk,true
knee strain,/blog,uk,true
knee strain uk,/blog,uk,true
knee stretches,/blog,uk,true
knee stretches uk,/blog,uk,true
kyphosis,/blog,uk,true
kyphosis 2026,/blog,uk,true
kyphosis advanced,/blog,uk,true
kyphosis alternative,/blog,uk,true
kyphosis at home,/blog,uk,true
kyphosis beginner,/blog,uk,true
kyphosis clinic,/blog,uk,true
kyphosis diet,/blog,uk,true
kyphosis easy,/blog,uk,true
kyphosis effective,/blog,uk,true
kyphosis exercises,/blog,uk,true
kyphosis fast,/blog,uk,true
kyphosis for adults,/blog,uk,true
kyphosis for beginners,/blog,uk,true
kyphosis for men,/blog,uk,true
kyphosis for seniors,/blog,uk,true
kyphosis for women,/blog,uk,true
kyphosis free,/blog,uk,true
kyphosis gentle,/blog,uk,true
kyphosis guide,/blog,uk,true
kyphosis help,/blog,uk,true
kyphosis home remedies,/blog,uk,true
kyphosis hospital,/blog,uk,true
kyphosis latest,/blog,uk,true
kyphosis low cost,/blog,uk,true
kyphosis medicine,/blog,uk,true
kyphosis natural,/blog,uk,true
kyphosis near me,/blog,uk,true
kyphosis new,/blog,uk,true
kyphosis nhs,/blog,uk,true
kyphosis nhs waiting list,/blog,uk,true
kyphosis over 50,/blog,uk,true
kyphosis over 60,/blog,uk,true
kyphosis over 70,/blog,uk,true
kyphosis prevention,/blog,uk,true
kyphosis private,/blog,uk,true
kyphosis proven,/blog,uk,true
kyphosis quick,/blog,uk,true
kyphosis relief,/blog,uk,true
kyphosis safe,/blog,uk,true
kyphosis simple,/blog,uk,true
kyphosis supplement,/blog,uk,true
kyphosis symptoms,/blog,uk,true
kyphosis therapy,/blog,uk,true
kyphosis tips,/blog,uk,true
kyphosis treatment,/blog,uk,true
kyphosis uk,/blog,uk,true
laser therapy arthritis,/blog,uk,true
laser therapy effectiveness,/blog,uk,true
laser therapy joint pain,/blog,uk,true
latest arthritis research,/blog,uk,true
latest clinical trial arthritis treatment,/blog,uk,true
latest clinical trial joint health supplement,/blog,uk,true
latest evidence arthritis treatment,/blog,uk,true
latest evidence joint health supplement,/blog,uk,true
latest research arthritis treatment,/blog,uk,true
latest research joint health supplement,/blog,uk,true
latest scientific research arthritis treatment,/blog,uk,true
latest scientific research joint health supplement,/blog,uk,true
latest study arthritis treatment,/blog,uk,true
latest study joint health supplement,/blog,uk,true
leafy greens and arthritis,/blog,uk,true
leafy greens and inflammation,/blog,uk,true
leafy greens and joint health,/blog,uk,true
leafy greens for arthritis,/blog,uk,true
leafy greens for inflammation,/blog,uk,true
leafy greens for joint health,/blog,uk,true
leaky gut,/blog,uk,true
leaky gut 2026,/blog,uk,true
leaky gut advanced,/blog,uk,true
leaky gut alternative,/blog,uk,true
leaky gut at home,/blog,uk,true
leaky gut beginner,/blog,uk,true
leaky gut clinic,/blog,uk,true
leaky gut diet,/blog,uk,true
leaky gut easy,/blog,uk,true
leaky gut effective,/blog,uk,true
leaky gut exercises,/blog,uk,true
leaky gut fast,/blog,uk,true
leaky gut for adults,/blog,uk,true
leaky gut for beginners,/blog,uk,true
leaky gut for men,/blog,uk,true
leaky gut for seniors,/blog,uk,true
leaky gut for women,/blog,uk,true
leaky gut free,/blog,uk,true
leaky gut gentle,/blog,uk,true
leaky gut guide,/blog,uk,true
leaky gut help,/blog,uk,true
leaky gut home remedies,/blog,uk,true
leaky gut hospital,/blog,uk,true
leaky gut latest,/blog,uk,true
leaky gut low cost,/blog,uk,true
leaky gut medicine,/blog,uk,true
leaky gut natural,/blog,uk,true
leaky gut near me,/blog,uk,true
leaky gut new,/blog,uk,true
leaky gut nhs,/blog,uk,true
leaky gut nhs waiting list,/blog,uk,true
leaky gut over 50,/blog,uk,true
leaky gut over 60,/blog,uk,true
leaky gut over 70,/blog,uk,true
leaky gut prevention,/blog,uk,true
leaky gut private,/blog,uk,true
leaky gut proven,/blog,uk,true
leaky gut quick,/blog,uk,true
leaky gut relief,/blog,uk,true
leaky gut safe,/blog,uk,true
leaky gut simple,/blog,uk,true
leaky gut supplement,/blog,uk,true
leaky gut symptoms,/blog,uk,true
leaky gut therapy,/blog,uk,true
leaky gut tips,/blog,uk,true
leaky gut treatment,/blog,uk,true
leaky gut uk,/blog,uk,true
least known DOMS,/blog,uk,true
least known DOMS uk,/blog,uk,true
least known ankylosing spondylitis,/blog,uk,true
least known ankylosing spondylitis uk,/blog,uk,true
least known anti inflammatory smoothie,/blog,uk,true
least known anti inflammatory smoothie uk,/blog,uk,true
least known anti-inflammatory diet,/blog,uk,true
least known anti-inflammatory diet uk,/blog,uk,true
least known appendicular skeleton,/blog,uk,true
least known appendicular skeleton uk,/blog,uk,true
least known arthritis,/blog,uk,true
least known arthritis aids,/blog,uk,true
least known arthritis aids uk,/blog,uk,true
least known arthritis uk,/blog,uk,true
least known axial skeleton,/blog,uk,true
least known axial skeleton uk,/blog,uk,true
least known balance training,/blog,uk,true
least known balance training uk,/blog,uk,true
least known beetroot,/blog,uk,true
least known beetroot uk,/blog,uk,true
least known biologic dmards,/blog,uk,true
least known biologic dmards uk,/blog,uk,true
least known blue badge,/blog,uk,true
least known blue badge uk,/blog,uk,true
least known bmi,/blog,uk,true
least known bmi uk,/blog,uk,true
least known bone marrow function,/blog,uk,true
least known bone marrow function uk,/blog,uk,true
least known boswellia,/blog,uk,true
least known boswellia uk,/blog,uk,true
least known breathwork,/blog,uk,true
least known breathwork uk,/blog,uk,true
least known bursitis,/blog,uk,true
least known bursitis uk,/blog,uk,true
least known calcium,/blog,uk,true
least known calcium uk,/blog,uk,true
least known calorie deficit,/blog,uk,true
least known calorie deficit uk,/blog,uk,true
least known carer support,/blog,uk,true
least known carer support uk,/blog,uk,true
least known carpal tunnel,/blog,uk,true
least known carpal tunnel uk,/blog,uk,true
least known cartilage anatomy,/blog,uk,true
least known cartilage anatomy uk,/blog,uk,true
least known cervical vertebrae,/blog,uk,true
least known cervical vertebrae uk,/blog,uk,true
least known chondroitin,/blog,uk,true
least known chondroitin uk,/blog,uk,true
least known circadian rhythm,/blog,uk,true
least known circadian rhythm uk,/blog,uk,true
least known clinical frailty scale,/blog,uk,true
least known clinical frailty scale uk,/blog,uk,true
least known coccyx,/blog,uk,true
least known coccyx uk,/blog,uk,true
least known collagen,/blog,uk,true
least known collagen uk,/blog,uk,true
least known cooking,/blog,uk,true
least known cooking uk,/blog,uk,true
least known core strength,/blog,uk,true
least known core strength uk,/blog,uk,true
least known cortisol,/blog,uk,true
least known cortisol uk,/blog,uk,true
least known diet,/blog,uk,true
least known diet uk,/blog,uk,true
least known disability benefits,/blog,uk,true
least known disability benefits uk,/blog,uk,true
least known dislocation,/blog,uk,true
least known dislocation uk,/blog,uk,true
least known dressing,/blog,uk,true
least known dressing uk,/blog,uk,true
least known driving,/blog,uk,true
least known driving uk,/blog,uk,true
least known early ra,/blog,uk,true
least known early ra uk,/blog,uk,true
least known facet joint syndrome,/blog,uk,true
least known facet joint syndrome uk,/blog,uk,true
least known falls prevention,/blog,uk,true
least known falls prevention uk,/blog,uk,true
least known fascia anatomy,/blog,uk,true
least known fascia anatomy uk,/blog,uk,true
least known fatigue,/blog,uk,true
least known fatigue uk,/blog,uk,true
least known fear of falling,/blog,uk,true
least known fear of falling uk,/blog,uk,true
least known fibromyalgia,/blog,uk,true
least known fibromyalgia uk,/blog,uk,true
least known fish oil,/blog,uk,true
least known fish oil uk,/blog,uk,true
least known flare up,/blog,uk,true
least known flare up uk,/blog,uk,true
least known frailty,/blog,uk,true
least known frailty uk,/blog,uk,true
least known frozen shoulder,/blog,uk,true
least known frozen shoulder uk,/blog,uk,true
least known geriatric assessment,/blog,uk,true
least known geriatric assessment uk,/blog,uk,true
least known ginger,/blog,uk,true
least known ginger uk,/blog,uk,true
least known gloves,/blog,uk,true
least known gloves uk,/blog,uk,true
least known glucosamine,/blog,uk,true
least known glucosamine uk,/blog,uk,true
least known gout,/blog,uk,true
least known gout uk,/blog,uk,true
least known grading,/blog,uk,true
least known grading uk,/blog,uk,true
least known grip strength,/blog,uk,true
least known grip strength uk,/blog,uk,true
least known hand osteoarthritis,/blog,uk,true
least known hand osteoarthritis uk,/blog,uk,true
least known herniated disc,/blog,uk,true
least known herniated disc uk,/blog,uk,true
least known hip osteoarthritis,/blog,uk,true
least known hip osteoarthritis uk,/blog,uk,true
least known home hazards,/blog,uk,true
least known home hazards uk,/blog,uk,true
least known intermittent fasting,/blog,uk,true
least known intermittent fasting uk,/blog,uk,true
least known joint capsule,/blog,uk,true
least known joint capsule uk,/blog,uk,true
least known joint pain,/blog,uk,true
least known joint pain foods,/blog,uk,true
least known joint pain foods uk,/blog,uk,true
least known joint pain uk,/blog,uk,true
least known juvenile arthritis,/blog,uk,true
least known juvenile arthritis uk,/blog,uk,true
least known knee osteoarthritis,/blog,uk,true
least known knee osteoarthritis uk,/blog,uk,true
least known kyphosis,/blog,uk,true
least known kyphosis uk,/blog,uk,true
least known leaky gut,/blog,uk,true
least known leaky gut uk,/blog,uk,true
least known leucine,/blog,uk,true
least known leucine uk,/blog,uk,true
least known ligaments vs tendons,/blog,uk,true
least known ligaments vs tendons uk,/blog,uk,true
least known lower back pain,/blog,uk,true
least known lower back pain uk,/blog,uk,true
least known lumbar vertebrae,/blog,uk,true
least known lumbar vertebrae uk,/blog,uk,true
least known lupus,/blog,uk,true
least known lupus uk,/blog,uk,true
least known magnesium,/blog,uk,true
least known magnesium uk,/blog,uk,true
least known mattress,/blog,uk,true
least known mattress uk,/blog,uk,true
least known mediterranean diet,/blog,uk,true
least known mediterranean diet uk,/blog,uk,true
least known meniscus tear,/blog,uk,true
least known meniscus tear uk,/blog,uk,true
least known menopause,/blog,uk,true
least known menopause uk,/blog,uk,true
least known metabolism,/blog,uk,true
least known metabolism uk,/blog,uk,true
least known methotrexate,/blog,uk,true
least known methotrexate uk,/blog,uk,true
least known mindfulness,/blog,uk,true
least known mindfulness uk,/blog,uk,true
least known msm,/blog,uk,true
least known msm uk,/blog,uk,true
least known muscle atrophy,/blog,uk,true
least known muscle atrophy uk,/blog,uk,true
least known muscle imbalance,/blog,uk,true
least known muscle imbalance uk,/blog,uk,true
least known myofascial release,/blog,uk,true
least known myofascial release uk,/blog,uk,true
least known nhs,/blog,uk,true
least known nhs uk,/blog,uk,true
least known obesity,/blog,uk,true
least known obesity uk,/blog,uk,true
least known omega 3,/blog,uk,true
least known omega 3 uk,/blog,uk,true
least known osteoarthritis,/blog,uk,true
least known osteoarthritis uk,/blog,uk,true
least known osteoporosis,/blog,uk,true
least known osteoporosis uk,/blog,uk,true
least known pip,/blog,uk,true
least known pip uk,/blog,uk,true
least known plantar fasciitis,/blog,uk,true
least known plantar fasciitis uk,/blog,uk,true
least known polymyalgia,/blog,uk,true
least known polymyalgia uk,/blog,uk,true
least known polyphenols,/blog,uk,true
least known polyphenols uk,/blog,uk,true
least known portion control,/blog,uk,true
least known portion control uk,/blog,uk,true
least known posture,/blog,uk,true
least known posture uk,/blog,uk,true
least known pregnancy,/blog,uk,true
least known pregnancy uk,/blog,uk,true
least known processed food,/blog,uk,true
least known processed food uk,/blog,uk,true
least known protein,/blog,uk,true
least known protein uk,/blog,uk,true
least known psoriatic arthritis,/blog,uk,true
least known psoriatic arthritis uk,/blog,uk,true
least known ra flare,/blog,uk,true
least known ra flare uk,/blog,uk,true
least known reactive arthritis,/blog,uk,true
least known reactive arthritis uk,/blog,uk,true
least known remission,/blog,uk,true
least known remission uk,/blog,uk,true
least known resistance training,/blog,uk,true
least known resistance training uk,/blog,uk,true
least known rheumatoid arthritis,/blog,uk,true
least known rheumatoid arthritis uk,/blog,uk,true
least known rotator cuff injury,/blog,uk,true
least known rotator cuff injury uk,/blog,uk,true
least known sacrum,/blog,uk,true
least known sacrum uk,/blog,uk,true
least known sarcopenia,/blog,uk,true
least known sarcopenia uk,/blog,uk,true
least known sciatica,/blog,uk,true
least known sciatica uk,/blog,uk,true
least known scoliosis,/blog,uk,true
least known scoliosis uk,/blog,uk,true
least known screen time,/blog,uk,true
least known screen time uk,/blog,uk,true
least known septic arthritis,/blog,uk,true
least known septic arthritis uk,/blog,uk,true
least known seronegative,/blog,uk,true
least known seronegative uk,/blog,uk,true
least known skeletal system,/blog,uk,true
least known skeletal system uk,/blog,uk,true
least known sleep,/blog,uk,true
least known sleep uk,/blog,uk,true
least known spinal stenosis,/blog,uk,true
least known spinal stenosis uk,/blog,uk,true
least known spondylolisthesis,/blog,uk,true
least known spondylolisthesis uk,/blog,uk,true
least known sprain,/blog,uk,true
least known sprain uk,/blog,uk,true
least known strain,/blog,uk,true
least known strain uk,/blog,uk,true
least known sugar inflammation,/blog,uk,true
least known sugar inflammation uk,/blog,uk,true
least known synovial joint,/blog,uk,true
least known synovial joint uk,/blog,uk,true
least known tai chi,/blog,uk,true
least known tai chi uk,/blog,uk,true
least known tendinopathy,/blog,uk,true
least known tendinopathy uk,/blog,uk,true
least known tennis elbow,/blog,uk,true
least known tennis elbow uk,/blog,uk,true
least known thoracic vertebrae,/blog,uk,true
least known thoracic vertebrae uk,/blog,uk,true
least known travel,/blog,uk,true
least known travel uk,/blog,uk,true
least known turmeric,/blog,uk,true
least known turmeric uk,/blog,uk,true
least known vagus nerve,/blog,uk,true
least known vagus nerve uk,/blog,uk,true
least known vertebral disc anatomy,/blog,uk,true
least known vertebral disc anatomy uk,/blog,uk,true
least known visceral fat,/blog,uk,true
least known visceral fat uk,/blog,uk,true
least known vitamin d,/blog,uk,true
least known vitamin d uk,/blog,uk,true
least known vitamin k2,/blog,uk,true
least known vitamin k2 uk,/blog,uk,true
least known weight loss,/blog,uk,true
least known weight loss uk,/blog,uk,true
least known work,/blog,uk,true
least known work uk,/blog,uk,true
least known yoga,/blog,uk,true
least known yoga uk,/blog,uk,true
least known zinc,/blog,uk,true
least known zinc uk,/blog,uk,true
leeds arthritis support,/blog,uk,true
leeds joint pain clinic,/blog,uk,true
leeds rheumatology,/blog,uk,true
leucine,/blog,uk,true
leucine 2026,/blog,uk,true
leucine advanced,/blog,uk,true
leucine alternative,/blog,uk,true
leucine at home,/blog,uk,true
leucine beginner,/blog,uk,true
leucine clinic,/blog,uk,true
leucine diet,/blog,uk,true
leucine easy,/blog,uk,true
leucine effective,/blog,uk,true
leucine exercises,/blog,uk,true
leucine fast,/blog,uk,true
leucine for adults,/blog,uk,true
leucine for beginners,/blog,uk,true
leucine for men,/blog,uk,true
leucine for seniors,/blog,uk,true
leucine for women,/blog,uk,true
leucine free,/blog,uk,true
leucine gentle,/blog,uk,true
leucine guide,/blog,uk,true
leucine help,/blog,uk,true
leucine help uk,/blog,uk,true
leucine home remedies,/blog,uk,true
leucine hospital,/blog,uk,true
leucine latest,/blog,uk,true
leucine low cost,/blog,uk,true
leucine management,/blog,uk,true
leucine medicine,/blog,uk,true
leucine natural,/blog,uk,true
leucine near me,/blog,uk,true
leucine new,/blog,uk,true
leucine nhs,/blog,uk,true
leucine nhs waiting list,/blog,uk,true
leucine over 50,/blog,uk,true
leucine over 60,/blog,uk,true
leucine over 70,/blog,uk,true
leucine prevention,/blog,uk,true
leucine private,/blog,uk,true
leucine proven,/blog,uk,true
leucine quick,/blog,uk,true
leucine relief,/blog,uk,true
leucine safe,/blog,uk,true
leucine simple,/blog,uk,true
leucine supplement,/blog,uk,true
leucine symptoms,/blog,uk,true
leucine therapy,/blog,uk,true
leucine tips,/blog,uk,true
leucine treatment,/blog,uk,true
leucine uk,/blog,uk,true
lifting arthritis,/blog,uk,true
lifting joint pain,/blog,uk,true
ligaments vs tendons,/blog,uk,true
ligaments vs tendons 2026,/blog,uk,true
ligaments vs tendons advanced,/blog,uk,true
ligaments vs tendons alternative,/blog,uk,true
ligaments vs tendons at home,/blog,uk,true
ligaments vs tendons beginner,/blog,uk,true
ligaments vs tendons clinic,/blog,uk,true
ligaments vs tendons diet,/blog,uk,true
ligaments vs tendons easy,/blog,uk,true
ligaments vs tendons effective,/blog,uk,true
ligaments vs tendons exercises,/blog,uk,true
ligaments vs tendons fast,/blog,uk,true
ligaments vs tendons for adults,/blog,uk,true
ligaments vs tendons for beginners,/blog,uk,true
ligaments vs tendons for men,/blog,uk,true
ligaments vs tendons for seniors,/blog,uk,true
ligaments vs tendons for women,/blog,uk,true
ligaments vs tendons free,/blog,uk,true
ligaments vs tendons gentle,/blog,uk,true
ligaments vs tendons guide,/blog,uk,true
ligaments vs tendons help,/blog,uk,true
ligaments vs tendons home remedies,/blog,uk,true
ligaments vs tendons hospital,/blog,uk,true
ligaments vs tendons latest,/blog,uk,true
ligaments vs tendons low cost,/blog,uk,true
ligaments vs tendons medicine,/blog,uk,true
ligaments vs tendons natural,/blog,uk,true
ligaments vs tendons near me,/blog,uk,true
ligaments vs tendons new,/blog,uk,true
ligaments vs tendons nhs,/blog,uk,true
ligaments vs tendons nhs waiting list,/blog,uk,true
ligaments vs tendons over 50,/blog,uk,true
ligaments vs tendons over 60,/blog,uk,true
ligaments vs tendons over 70,/blog,uk,true
ligaments vs tendons prevention,/blog,uk,true
ligaments vs tendons private,/blog,uk,true
ligaments vs tendons proven,/blog,uk,true
ligaments vs tendons quick,/blog,uk,true
ligaments vs tendons relief,/blog,uk,true
ligaments vs tendons safe,/blog,uk,true
ligaments vs tendons simple,/blog,uk,true
ligaments vs tendons supplement,/blog,uk,true
ligaments vs tendons symptoms,/blog,uk,true
ligaments vs tendons therapy,/blog,uk,true
ligaments vs tendons tips,/blog,uk,true
ligaments vs tendons treatment,/blog,uk,true
ligaments vs tendons uk,/blog,uk,true
likelihood of osteoarthritis,/blog,uk,true
likelihood of rheumatoid arthritis,/blog,uk,true
living with arthritis,/blog,uk,true
london arthritis support,/blog,uk,true
london joint pain clinic,/blog,uk,true
london rheumatology,/blog,uk,true
long-term arthritis,/blog,uk,true
long-term joint pain,/blog,uk,true
long-term of osteoarthritis,/blog,uk,true
long-term of rheumatoid arthritis,/blog,uk,true
low impact for arthritis,/blog,uk,true
low impact for back pain,/blog,uk,true
low impact for joint pain,/blog,uk,true
low-cost arthritis treatment,/blog,uk,true
low-cost joint pain relief,/blog,uk,true
lower back pain,/blog,uk,true
lower back pain 2026,/blog,uk,true
lower back pain advanced,/blog,uk,true
lower back pain alternative,/blog,uk,true
lower back pain at home,/blog,uk,true
lower back pain beginner,/blog,uk,true
lower back pain clinic,/blog,uk,true
lower back pain diet,/blog,uk,true
lower back pain easy,/blog,uk,true
lower back pain effective,/blog,uk,true
lower back pain exercises,/blog,uk,true
lower back pain fast,/blog,uk,true
lower back pain for adults,/blog,uk,true
lower back pain for beginners,/blog,uk,true
lower back pain for men,/blog,uk,true
lower back pain for seniors,/blog,uk,true
lower back pain for women,/blog,uk,true
lower back pain free,/blog,uk,true
lower back pain gentle,/blog,uk,true
lower back pain guide,/blog,uk,true
lower back pain help,/blog,uk,true
lower back pain help uk,/blog,uk,true
lower back pain home remedies,/blog,uk,true
lower back pain hospital,/blog,uk,true
lower back pain latest,/blog,uk,true
lower back pain low cost,/blog,uk,true
lower back pain management,/blog,uk,true
lower back pain medicine,/blog,uk,true
lower back pain natural,/blog,uk,true
lower back pain near me,/blog,uk,true
lower back pain new,/blog,uk,true
lower back pain nhs,/blog,uk,true
lower back pain nhs waiting list,/blog,uk,true
lower back pain over 50,/blog,uk,true
lower back pain over 60,/blog,uk,true
lower back pain over 70,/blog,uk,true
lower back pain prevention,/blog,uk,true
lower back pain private,/blog,uk,true
lower back pain proven,/blog,uk,true
lower back pain quick,/blog,uk,true
lower back pain relief,/blog,uk,true
lower back pain safe,/blog,uk,true
lower back pain simple,/blog,uk,true
lower back pain supplement,/blog,uk,true
lower back pain symptoms,/blog,uk,true
lower back pain therapy,/blog,uk,true
lower back pain tips,/blog,uk,true
lower back pain treatment,/blog,uk,true
lower back pain uk,/blog,uk,true
lumbar vertebrae,/blog,uk,true
lumbar vertebrae 2026,/blog,uk,true
lumbar vertebrae advanced,/blog,uk,true
lumbar vertebrae alternative,/blog,uk,true
lumbar vertebrae at home,/blog,uk,true
lumbar vertebrae beginner,/blog,uk,true
lumbar vertebrae clinic,/blog,uk,true
lumbar vertebrae diet,/blog,uk,true
lumbar vertebrae easy,/blog,uk,true
lumbar vertebrae effective,/blog,uk,true
lumbar vertebrae exercises,/blog,uk,true
lumbar vertebrae fast,/blog,uk,true
lumbar vertebrae for adults,/blog,uk,true
lumbar vertebrae for beginners,/blog,uk,true
lumbar vertebrae for men,/blog,uk,true
lumbar vertebrae for seniors,/blog,uk,true
lumbar vertebrae for women,/blog,uk,true
lumbar vertebrae free,/blog,uk,true
lumbar vertebrae gentle,/blog,uk,true
lumbar vertebrae guide,/blog,uk,true
lumbar vertebrae help,/blog,uk,true
lumbar vertebrae home remedies,/blog,uk,true
lumbar vertebrae hospital,/blog,uk,true
lumbar vertebrae latest,/blog,uk,true
lumbar vertebrae low cost,/blog,uk,true
lumbar vertebrae medicine,/blog,uk,true
lumbar vertebrae natural,/blog,uk,true
lumbar vertebrae near me,/blog,uk,true
lumbar vertebrae new,/blog,uk,true
lumbar vertebrae nhs,/blog,uk,true
lumbar vertebrae nhs waiting list,/blog,uk,true
lumbar vertebrae over 50,/blog,uk,true
lumbar vertebrae over 60,/blog,uk,true
lumbar vertebrae over 70,/blog,uk,true
lumbar vertebrae prevention,/blog,uk,true
lumbar vertebrae private,/blog,uk,true
lumbar vertebrae proven,/blog,uk,true
lumbar vertebrae quick,/blog,uk,true
lumbar vertebrae relief,/blog,uk,true
lumbar vertebrae safe,/blog,uk,true
lumbar vertebrae simple,/blog,uk,true
lumbar vertebrae supplement,/blog,uk,true
lumbar vertebrae symptoms,/blog,uk,true
lumbar vertebrae therapy,/blog,uk,true
lumbar vertebrae tips,/blog,uk,true
lumbar vertebrae treatment,/blog,uk,true
lumbar vertebrae uk,/blog,uk,true
lupus,/blog,uk,true
lupus 2026,/blog,uk,true
lupus advanced,/blog,uk,true
lupus alternative,/blog,uk,true
lupus at home,/blog,uk,true
lupus beginner,/blog,uk,true
lupus clinic,/blog,uk,true
lupus diet,/blog,uk,true
lupus easy,/blog,uk,true
lupus effective,/blog,uk,true
lupus exercises,/blog,uk,true
lupus fast,/blog,uk,true
lupus for adults,/blog,uk,true
lupus for beginners,/blog,uk,true
lupus for men,/blog,uk,true
lupus for seniors,/blog,uk,true
lupus for women,/blog,uk,true
lupus free,/blog,uk,true
lupus gentle,/blog,uk,true
lupus guide,/blog,uk,true
lupus help,/blog,uk,true
lupus home remedies,/blog,uk,true
lupus hospital,/blog,uk,true
lupus latest,/blog,uk,true
lupus low cost,/blog,uk,true
lupus medicine,/blog,uk,true
lupus natural,/blog,uk,true
lupus near me,/blog,uk,true
lupus new,/blog,uk,true
lupus nhs,/blog,uk,true
lupus nhs waiting list,/blog,uk,true
lupus over 50,/blog,uk,true
lupus over 60,/blog,uk,true
lupus over 70,/blog,uk,true
lupus prevention,/blog,uk,true
lupus private,/blog,uk,true
lupus proven,/blog,uk,true
lupus quick,/blog,uk,true
lupus relief,/blog,uk,true
lupus safe,/blog,uk,true
lupus simple,/blog,uk,true
lupus supplement,/blog,uk,true
lupus symptoms,/blog,uk,true
lupus therapy,/blog,uk,true
lupus tips,/blog,uk,true
lupus treatment,/blog,uk,true
lupus uk,/blog,uk,true
magnesium,/blog,uk,true
magnesium 2026,/blog,uk,true
magnesium advanced,/blog,uk,true
magnesium alternative,/blog,uk,true
magnesium at home,/blog,uk,true
magnesium beginner,/blog,uk,true
magnesium clinic,/blog,uk,true
magnesium diet,/blog,uk,true
magnesium easy,/blog,uk,true
magnesium effective,/blog,uk,true
magnesium exercises,/blog,uk,true
magnesium fast,/blog,uk,true
magnesium for adults,/blog,uk,true
magnesium for beginners,/blog,uk,true
magnesium for men,/blog,uk,true
magnesium for seniors,/blog,uk,true
magnesium for women,/blog,uk,true
magnesium free,/blog,uk,true
magnesium gentle,/blog,uk,true
magnesium guide,/blog,uk,true
magnesium help,/blog,uk,true
magnesium home remedies,/blog,uk,true
magnesium hospital,/blog,uk,true
magnesium latest,/blog,uk,true
magnesium low cost,/blog,uk,true
magnesium medicine,/blog,uk,true
magnesium natural,/blog,uk,true
magnesium near me,/blog,uk,true
magnesium new,/blog,uk,true
magnesium nhs,/blog,uk,true
magnesium nhs waiting list,/blog,uk,true
magnesium over 50,/blog,uk,true
magnesium over 60,/blog,uk,true
magnesium over 70,/blog,uk,true
magnesium prevention,/blog,uk,true
magnesium private,/blog,uk,true
magnesium proven,/blog,uk,true
magnesium quick,/blog,uk,true
magnesium relief,/blog,uk,true
magnesium safe,/blog,uk,true
magnesium simple,/blog,uk,true
magnesium supplement,/blog,uk,true
magnesium symptoms,/blog,uk,true
magnesium therapy,/blog,uk,true
magnesium tips,/blog,uk,true
magnesium treatment,/blog,uk,true
magnesium uk,/blog,uk,true
management for arthritis,/blog,uk,true
management for back pain,/blog,uk,true
management for fibromyalgia,/blog,uk,true
management for gout,/blog,uk,true
management for inflammation,/blog,uk,true
management for joint pain,/blog,uk,true
management for osteoarthritis,/blog,uk,true
management for rheumatoid arthritis,/blog,uk,true
managing DOMS,/blog,uk,true
managing ankylosing spondylitis,/blog,uk,true
managing anti-inflammatory diet,/blog,uk,true
managing appendicular skeleton,/blog,uk,true
managing arthritis,/blog,uk,true
managing arthritis aids,/blog,uk,true
managing arthritis and depression,/blog,uk,true
managing arthritis and diabetes,/blog,uk,true
managing arthritis and heart disease,/blog,uk,true
managing arthritis and obesity,/blog,uk,true
managing arthritis and sleep apnea,/blog,uk,true
managing arthritis anxiety,/blog,uk,true
managing arthritis coping,/blog,uk,true
managing arthritis depression,/blog,uk,true
managing arthritis emotional,/blog,uk,true
managing arthritis psychological,/blog,uk,true
managing arthritis stress,/blog,uk,true
managing axial skeleton,/blog,uk,true
managing balance training,/blog,uk,true
managing biologic dmards,/blog,uk,true
managing bmi,/blog,uk,true
managing cervical vertebrae,/blog,uk,true
managing chondroitin,/blog,uk,true
managing clinical frailty scale,/blog,uk,true
managing collagen,/blog,uk,true
managing cortisol,/blog,uk,true
managing dislocation,/blog,uk,true
managing driving,/blog,uk,true
managing early ra,/blog,uk,true
managing falls prevention,/blog,uk,true
managing frailty,/blog,uk,true
managing geriatric assessment,/blog,uk,true
managing gloves,/blog,uk,true
managing glucosamine,/blog,uk,true
managing gout,/blog,uk,true
managing hand osteoarthritis,/blog,uk,true
managing herniated disc,/blog,uk,true
managing hip osteoarthritis,/blog,uk,true
managing home hazards,/blog,uk,true
managing joint pain,/blog,uk,true
managing knee osteoarthritis,/blog,uk,true
managing leucine,/blog,uk,true
managing lower back pain,/blog,uk,true
managing mattress,/blog,uk,true
managing mediterranean diet,/blog,uk,true
managing mindfulness,/blog,uk,true
managing muscle atrophy,/blog,uk,true
managing nhs,/blog,uk,true
managing obesity,/blog,uk,true
managing omega 3,/blog,uk,true
managing osteoarthritis,/blog,uk,true
managing protein,/blog,uk,true
managing psoriatic arthritis,/blog,uk,true
managing ra flare,/blog,uk,true
managing reactive arthritis,/blog,uk,true
managing resistance training,/blog,uk,true
managing rheumatoid arthritis,/blog,uk,true
managing sarcopenia,/blog,uk,true
managing sciatica,/blog,uk,true
managing skeletal system,/blog,uk,true
managing sleep,/blog,uk,true
managing spinal stenosis,/blog,uk,true
managing sprain,/blog,uk,true
managing strain,/blog,uk,true
managing tendinopathy,/blog,uk,true
managing turmeric,/blog,uk,true
managing vitamin d,/blog,uk,true
managing weight loss,/blog,uk,true
manchester arthritis support,/blog,uk,true
manchester joint pain clinic,/blog,uk,true
manchester rheumatology,/blog,uk,true
manual labor arthritis,/blog,uk,true
massage arthritis,/blog,uk,true
massage effectiveness,/blog,uk,true
massage gun arthritis,/blog,uk,true
massage gun uk,/blog,uk,true
massage joint pain,/blog,uk,true
mattress,/blog,uk,true
mattress 2026,/blog,uk,true
mattress advanced,/blog,uk,true
mattress alternative,/blog,uk,true
mattress at home,/blog,uk,true
mattress beginner,/blog,uk,true
mattress clinic,/blog,uk,true
mattress diet,/blog,uk,true
mattress easy,/blog,uk,true
mattress effective,/blog,uk,true
mattress exercises,/blog,uk,true
mattress fast,/blog,uk,true
mattress for adults,/blog,uk,true
mattress for beginners,/blog,uk,true
mattress for men,/blog,uk,true
mattress for seniors,/blog,uk,true
mattress for women,/blog,uk,true
mattress free,/blog,uk,true
mattress gentle,/blog,uk,true
mattress guide,/blog,uk,true
mattress help,/blog,uk,true
mattress help uk,/blog,uk,true
mattress home remedies,/blog,uk,true
mattress hospital,/blog,uk,true
mattress latest,/blog,uk,true
mattress low cost,/blog,uk,true
mattress management,/blog,uk,true
mattress medicine,/blog,uk,true
mattress natural,/blog,uk,true
mattress near me,/blog,uk,true
mattress new,/blog,uk,true
mattress nhs,/blog,uk,true
mattress nhs waiting list,/blog,uk,true
mattress over 50,/blog,uk,true
mattress over 60,/blog,uk,true
mattress over 70,/blog,uk,true
mattress prevention,/blog,uk,true
mattress private,/blog,uk,true
mattress proven,/blog,uk,true
mattress quick,/blog,uk,true
mattress relief,/blog,uk,true
mattress safe,/blog,uk,true
mattress simple,/blog,uk,true
mattress supplement,/blog,uk,true
mattress symptoms,/blog,uk,true
mattress therapy,/blog,uk,true
mattress tips,/blog,uk,true
mattress treatment,/blog,uk,true
mattress uk,/blog,uk,true
may DOMS,/blog,uk,true
may DOMS uk,/blog,uk,true
may ankylosing spondylitis,/blog,uk,true
may ankylosing spondylitis uk,/blog,uk,true
may anti inflammatory smoothie,/blog,uk,true
may anti inflammatory smoothie uk,/blog,uk,true
may anti-inflammatory diet,/blog,uk,true
may anti-inflammatory diet uk,/blog,uk,true
may appendicular skeleton,/blog,uk,true
may appendicular skeleton uk,/blog,uk,true
may arthritis,/blog,uk,true
may arthritis aids,/blog,uk,true
may arthritis aids uk,/blog,uk,true
may arthritis uk,/blog,uk,true
may axial skeleton,/blog,uk,true
may axial skeleton uk,/blog,uk,true
may balance training,/blog,uk,true
may balance training uk,/blog,uk,true
may beetroot,/blog,uk,true
may beetroot uk,/blog,uk,true
may biologic dmards,/blog,uk,true
may biologic dmards uk,/blog,uk,true
may blue badge,/blog,uk,true
may blue badge uk,/blog,uk,true
may bmi,/blog,uk,true
may bmi uk,/blog,uk,true
may bone marrow function,/blog,uk,true
may bone marrow function uk,/blog,uk,true
may boswellia,/blog,uk,true
may boswellia uk,/blog,uk,true
may breathwork,/blog,uk,true
may breathwork uk,/blog,uk,true
may bursitis,/blog,uk,true
may bursitis uk,/blog,uk,true
may calcium,/blog,uk,true
may calcium uk,/blog,uk,true
may calorie deficit,/blog,uk,true
may calorie deficit uk,/blog,uk,true
may carer support,/blog,uk,true
may carer support uk,/blog,uk,true
may carpal tunnel,/blog,uk,true
may carpal tunnel uk,/blog,uk,true
may cartilage anatomy,/blog,uk,true
may cartilage anatomy uk,/blog,uk,true
may cervical vertebrae,/blog,uk,true
may cervical vertebrae uk,/blog,uk,true
may chondroitin,/blog,uk,true
may chondroitin uk,/blog,uk,true
may circadian rhythm,/blog,uk,true
may circadian rhythm uk,/blog,uk,true
may clinical frailty scale,/blog,uk,true
may clinical frailty scale uk,/blog,uk,true
may coccyx,/blog,uk,true
may coccyx uk,/blog,uk,true
may collagen,/blog,uk,true
may collagen uk,/blog,uk,true
may cooking,/blog,uk,true
may cooking uk,/blog,uk,true
may core strength,/blog,uk,true
may core strength uk,/blog,uk,true
may cortisol,/blog,uk,true
may cortisol uk,/blog,uk,true
may diet,/blog,uk,true
may diet uk,/blog,uk,true
may disability benefits,/blog,uk,true
may disability benefits uk,/blog,uk,true
may dislocation,/blog,uk,true
may dislocation uk,/blog,uk,true
may dressing,/blog,uk,true
may dressing uk,/blog,uk,true
may driving,/blog,uk,true
may driving uk,/blog,uk,true
may early ra,/blog,uk,true
may early ra uk,/blog,uk,true
may facet joint syndrome,/blog,uk,true
may facet joint syndrome uk,/blog,uk,true
may falls prevention,/blog,uk,true
may falls prevention uk,/blog,uk,true
may fascia anatomy,/blog,uk,true
may fascia anatomy uk,/blog,uk,true
may fatigue,/blog,uk,true
may fatigue uk,/blog,uk,true
may fear of falling,/blog,uk,true
may fear of falling uk,/blog,uk,true
may fibromyalgia,/blog,uk,true
may fibromyalgia uk,/blog,uk,true
may fish oil,/blog,uk,true
may fish oil uk,/blog,uk,true
may flare up,/blog,uk,true
may flare up uk,/blog,uk,true
may frailty,/blog,uk,true
may frailty uk,/blog,uk,true
may frozen shoulder,/blog,uk,true
may frozen shoulder uk,/blog,uk,true
may geriatric assessment,/blog,uk,true
may geriatric assessment uk,/blog,uk,true
may ginger,/blog,uk,true
may ginger uk,/blog,uk,true
may gloves,/blog,uk,true
may gloves uk,/blog,uk,true
may glucosamine,/blog,uk,true
may glucosamine uk,/blog,uk,true
may gout,/blog,uk,true
may gout uk,/blog,uk,true
may grading,/blog,uk,true
may grading uk,/blog,uk,true
may grip strength,/blog,uk,true
may grip strength uk,/blog,uk,true
may hand osteoarthritis,/blog,uk,true
may hand osteoarthritis uk,/blog,uk,true
may herniated disc,/blog,uk,true
may herniated disc uk,/blog,uk,true
may hip osteoarthritis,/blog,uk,true
may hip osteoarthritis uk,/blog,uk,true
may home hazards,/blog,uk,true
may home hazards uk,/blog,uk,true
may intermittent fasting,/blog,uk,true
may intermittent fasting uk,/blog,uk,true
may joint capsule,/blog,uk,true
may joint capsule uk,/blog,uk,true
may joint pain,/blog,uk,true
may joint pain foods,/blog,uk,true
may joint pain foods uk,/blog,uk,true
may joint pain uk,/blog,uk,true
may juvenile arthritis,/blog,uk,true
may juvenile arthritis uk,/blog,uk,true
may knee osteoarthritis,/blog,uk,true
may knee osteoarthritis uk,/blog,uk,true
may kyphosis,/blog,uk,true
may kyphosis uk,/blog,uk,true
may leaky gut,/blog,uk,true
may leaky gut uk,/blog,uk,true
may leucine,/blog,uk,true
may leucine uk,/blog,uk,true
may ligaments vs tendons,/blog,uk,true
may ligaments vs tendons uk,/blog,uk,true
may lower back pain,/blog,uk,true
may lower back pain uk,/blog,uk,true
may lumbar vertebrae,/blog,uk,true
may lumbar vertebrae uk,/blog,uk,true
may lupus,/blog,uk,true
may lupus uk,/blog,uk,true
may magnesium,/blog,uk,true
may magnesium uk,/blog,uk,true
may mattress,/blog,uk,true
may mattress uk,/blog,uk,true
may mediterranean diet,/blog,uk,true
may mediterranean diet uk,/blog,uk,true
may meniscus tear,/blog,uk,true
may meniscus tear uk,/blog,uk,true
may menopause,/blog,uk,true
may menopause uk,/blog,uk,true
may metabolism,/blog,uk,true
may metabolism uk,/blog,uk,true
may methotrexate,/blog,uk,true
may methotrexate uk,/blog,uk,true
may mindfulness,/blog,uk,true
may mindfulness uk,/blog,uk,true
may msm,/blog,uk,true
may msm uk,/blog,uk,true
may muscle atrophy,/blog,uk,true
may muscle atrophy uk,/blog,uk,true
may muscle imbalance,/blog,uk,true
may muscle imbalance uk,/blog,uk,true
may myofascial release,/blog,uk,true
may myofascial release uk,/blog,uk,true
may nhs,/blog,uk,true
may nhs uk,/blog,uk,true
may obesity,/blog,uk,true
may obesity uk,/blog,uk,true
may omega 3,/blog,uk,true
may omega 3 uk,/blog,uk,true
may osteoarthritis,/blog,uk,true
may osteoarthritis uk,/blog,uk,true
may osteoporosis,/blog,uk,true
may osteoporosis uk,/blog,uk,true
may pip,/blog,uk,true
may pip uk,/blog,uk,true
may plantar fasciitis,/blog,uk,true
may plantar fasciitis uk,/blog,uk,true
may polymyalgia,/blog,uk,true
may polymyalgia uk,/blog,uk,true
may polyphenols,/blog,uk,true
may polyphenols uk,/blog,uk,true
may portion control,/blog,uk,true
may portion control uk,/blog,uk,true
may posture,/blog,uk,true
may posture uk,/blog,uk,true
may pregnancy,/blog,uk,true
may pregnancy uk,/blog,uk,true
may processed food,/blog,uk,true
may processed food uk,/blog,uk,true
may protein,/blog,uk,true
may protein uk,/blog,uk,true
may psoriatic arthritis,/blog,uk,true
may psoriatic arthritis uk,/blog,uk,true
may ra flare,/blog,uk,true
may ra flare uk,/blog,uk,true
may reactive arthritis,/blog,uk,true
may reactive arthritis uk,/blog,uk,true
may remission,/blog,uk,true
may remission uk,/blog,uk,true
may resistance training,/blog,uk,true
may resistance training uk,/blog,uk,true
may rheumatoid arthritis,/blog,uk,true
may rheumatoid arthritis uk,/blog,uk,true
may rotator cuff injury,/blog,uk,true
may rotator cuff injury uk,/blog,uk,true
may sacrum,/blog,uk,true
may sacrum uk,/blog,uk,true
may sarcopenia,/blog,uk,true
may sarcopenia uk,/blog,uk,true
may sciatica,/blog,uk,true
may sciatica uk,/blog,uk,true
may scoliosis,/blog,uk,true
may scoliosis uk,/blog,uk,true
may screen time,/blog,uk,true
may screen time uk,/blog,uk,true
may septic arthritis,/blog,uk,true
may septic arthritis uk,/blog,uk,true
may seronegative,/blog,uk,true
may seronegative uk,/blog,uk,true
may skeletal system,/blog,uk,true
may skeletal system uk,/blog,uk,true
may sleep,/blog,uk,true
may sleep uk,/blog,uk,true
may spinal stenosis,/blog,uk,true
may spinal stenosis uk,/blog,uk,true
may spondylolisthesis,/blog,uk,true
may spondylolisthesis uk,/blog,uk,true
may sprain,/blog,uk,true
may sprain uk,/blog,uk,true
may strain,/blog,uk,true
may strain uk,/blog,uk,true
may sugar inflammation,/blog,uk,true
may sugar inflammation uk,/blog,uk,true
may synovial joint,/blog,uk,true
may synovial joint uk,/blog,uk,true
may tai chi,/blog,uk,true
may tai chi uk,/blog,uk,true
may tendinopathy,/blog,uk,true
may tendinopathy uk,/blog,uk,true
may tennis elbow,/blog,uk,true
may tennis elbow uk,/blog,uk,true
may thoracic vertebrae,/blog,uk,true
may thoracic vertebrae uk,/blog,uk,true
may travel,/blog,uk,true
may travel uk,/blog,uk,true
may turmeric,/blog,uk,true
may turmeric uk,/blog,uk,true
may vagus nerve,/blog,uk,true
may vagus nerve uk,/blog,uk,true
may vertebral disc anatomy,/blog,uk,true
may vertebral disc anatomy uk,/blog,uk,true
may visceral fat,/blog,uk,true
may visceral fat uk,/blog,uk,true
may vitamin d,/blog,uk,true
may vitamin d uk,/blog,uk,true
may vitamin k2,/blog,uk,true
may vitamin k2 uk,/blog,uk,true
may weight loss,/blog,uk,true
may weight loss uk,/blog,uk,true
may work,/blog,uk,true
may work uk,/blog,uk,true
may yoga,/blog,uk,true
may yoga uk,/blog,uk,true
may zinc,/blog,uk,true
may zinc uk,/blog,uk,true
medication adherence arthritis,/blog,uk,true
medication difference exercise,/blog,uk,true
medication for arthritis,/blog,uk,true
medication for back pain,/blog,uk,true
medication for joint pain,/blog,uk,true
medication for osteoarthritis,/blog,uk,true
medication vs exercise,/blog,uk,true
mediterranean diet,/blog,uk,true
mediterranean diet 2026,/blog,uk,true
mediterranean diet advanced,/blog,uk,true
mediterranean diet alternative,/blog,uk,true
mediterranean diet at home,/blog,uk,true
mediterranean diet beginner,/blog,uk,true
mediterranean diet clinic,/blog,uk,true
mediterranean diet diet,/blog,uk,true
mediterranean diet easy,/blog,uk,true
mediterranean diet effective,/blog,uk,true
mediterranean diet exercises,/blog,uk,true
mediterranean diet fast,/blog,uk,true
mediterranean diet for adults,/blog,uk,true
mediterranean diet for beginners,/blog,uk,true
mediterranean diet for men,/blog,uk,true
mediterranean diet for seniors,/blog,uk,true
mediterranean diet for women,/blog,uk,true
mediterranean diet free,/blog,uk,true
mediterranean diet gentle,/blog,uk,true
mediterranean diet guide,/blog,uk,true
mediterranean diet help,/blog,uk,true
mediterranean diet help uk,/blog,uk,true
mediterranean diet home remedies,/blog,uk,true
mediterranean diet hospital,/blog,uk,true
mediterranean diet latest,/blog,uk,true
mediterranean diet low cost,/blog,uk,true
mediterranean diet management,/blog,uk,true
mediterranean diet medicine,/blog,uk,true
mediterranean diet natural,/blog,uk,true
mediterranean diet near me,/blog,uk,true
mediterranean diet new,/blog,uk,true
mediterranean diet nhs,/blog,uk,true
mediterranean diet nhs waiting list,/blog,uk,true
mediterranean diet over 50,/blog,uk,true
mediterranean diet over 60,/blog,uk,true
mediterranean diet over 70,/blog,uk,true
mediterranean diet prevention,/blog,uk,true
mediterranean diet private,/blog,uk,true
mediterranean diet proven,/blog,uk,true
mediterranean diet quick,/blog,uk,true
mediterranean diet relief,/blog,uk,true
mediterranean diet safe,/blog,uk,true
mediterranean diet simple,/blog,uk,true
mediterranean diet supplement,/blog,uk,true
mediterranean diet symptoms,/blog,uk,true
mediterranean diet therapy,/blog,uk,true
mediterranean diet tips,/blog,uk,true
mediterranean diet treatment,/blog,uk,true
mediterranean diet uk,/blog,uk,true
men with arthritis,/blog,uk,true
men with joint pain,/blog,uk,true
men with osteoporosis,/blog,uk,true
meniscus tear,/blog,uk,true
meniscus tear 2026,/blog,uk,true
meniscus tear advanced,/blog,uk,true
meniscus tear alternative,/blog,uk,true
meniscus tear at home,/blog,uk,true
meniscus tear beginner,/blog,uk,true
meniscus tear clinic,/blog,uk,true
meniscus tear diet,/blog,uk,true
meniscus tear easy,/blog,uk,true
meniscus tear effective,/blog,uk,true
meniscus tear exercises,/blog,uk,true
meniscus tear fast,/blog,uk,true
meniscus tear for adults,/blog,uk,true
meniscus tear for beginners,/blog,uk,true
meniscus tear for men,/blog,uk,true
meniscus tear for seniors,/blog,uk,true
meniscus tear for women,/blog,uk,true
meniscus tear free,/blog,uk,true
meniscus tear gentle,/blog,uk,true
meniscus tear guide,/blog,uk,true
meniscus tear help,/blog,uk,true
meniscus tear home remedies,/blog,uk,true
meniscus tear hospital,/blog,uk,true
meniscus tear latest,/blog,uk,true
meniscus tear low cost,/blog,uk,true
meniscus tear medicine,/blog,uk,true
meniscus tear natural,/blog,uk,true
meniscus tear near me,/blog,uk,true
meniscus tear new,/blog,uk,true
meniscus tear nhs,/blog,uk,true
meniscus tear nhs waiting list,/blog,uk,true
meniscus tear over 50,/blog,uk,true
meniscus tear over 60,/blog,uk,true
meniscus tear over 70,/blog,uk,true
meniscus tear prevention,/blog,uk,true
meniscus tear private,/blog,uk,true
meniscus tear proven,/blog,uk,true
meniscus tear quick,/blog,uk,true
meniscus tear relief,/blog,uk,true
meniscus tear safe,/blog,uk,true
meniscus tear simple,/blog,uk,true
meniscus tear supplement,/blog,uk,true
meniscus tear symptoms,/blog,uk,true
meniscus tear therapy,/blog,uk,true
meniscus tear tips,/blog,uk,true
meniscus tear treatment,/blog,uk,true
meniscus tear uk,/blog,uk,true
menopause,/blog,uk,true
menopause 2026,/blog,uk,true
menopause advanced,/blog,uk,true
menopause alternative,/blog,uk,true
menopause at home,/blog,uk,true
menopause beginner,/blog,uk,true
menopause clinic,/blog,uk,true
menopause diet,/blog,uk,true
menopause easy,/blog,uk,true
menopause effective,/blog,uk,true
menopause exercises,/blog,uk,true
menopause fast,/blog,uk,true
menopause for adults,/blog,uk,true
menopause for beginners,/blog,uk,true
menopause for men,/blog,uk,true
menopause for seniors,/blog,uk,true
menopause for women,/blog,uk,true
menopause free,/blog,uk,true
menopause gentle,/blog,uk,true
menopause guide,/blog,uk,true
menopause help,/blog,uk,true
menopause home remedies,/blog,uk,true
menopause hospital,/blog,uk,true
menopause latest,/blog,uk,true
menopause low cost,/blog,uk,true
menopause medicine,/blog,uk,true
menopause natural,/blog,uk,true
menopause near me,/blog,uk,true
menopause new,/blog,uk,true
menopause nhs,/blog,uk,true
menopause nhs waiting list,/blog,uk,true
menopause over 50,/blog,uk,true
menopause over 60,/blog,uk,true
menopause over 70,/blog,uk,true
menopause prevention,/blog,uk,true
menopause private,/blog,uk,true
menopause proven,/blog,uk,true
menopause quick,/blog,uk,true
menopause relief,/blog,uk,true
menopause safe,/blog,uk,true
menopause simple,/blog,uk,true
menopause supplement,/blog,uk,true
menopause symptoms,/blog,uk,true
menopause therapy,/blog,uk,true
menopause tips,/blog,uk,true
menopause treatment,/blog,uk,true
menopause uk,/blog,uk,true
metabolism,/blog,uk,true
metabolism 2026,/blog,uk,true
metabolism advanced,/blog,uk,true
metabolism alternative,/blog,uk,true
metabolism at home,/blog,uk,true
metabolism beginner,/blog,uk,true
metabolism clinic,/blog,uk,true
metabolism diet,/blog,uk,true
metabolism easy,/blog,uk,true
metabolism effective,/blog,uk,true
metabolism exercises,/blog,uk,true
metabolism fast,/blog,uk,true
metabolism for adults,/blog,uk,true
metabolism for beginners,/blog,uk,true
metabolism for men,/blog,uk,true
metabolism for seniors,/blog,uk,true
metabolism for women,/blog,uk,true
metabolism free,/blog,uk,true
metabolism gentle,/blog,uk,true
metabolism guide,/blog,uk,true
metabolism help,/blog,uk,true
metabolism home remedies,/blog,uk,true
metabolism hospital,/blog,uk,true
metabolism latest,/blog,uk,true
metabolism low cost,/blog,uk,true
metabolism medicine,/blog,uk,true
metabolism natural,/blog,uk,true
metabolism near me,/blog,uk,true
metabolism new,/blog,uk,true
metabolism nhs,/blog,uk,true
metabolism nhs waiting list,/blog,uk,true
metabolism over 50,/blog,uk,true
metabolism over 60,/blog,uk,true
metabolism over 70,/blog,uk,true
metabolism prevention,/blog,uk,true
metabolism private,/blog,uk,true
metabolism proven,/blog,uk,true
metabolism quick,/blog,uk,true
metabolism relief,/blog,uk,true
metabolism safe,/blog,uk,true
metabolism simple,/blog,uk,true
metabolism supplement,/blog,uk,true
metabolism symptoms,/blog,uk,true
metabolism therapy,/blog,uk,true
metabolism tips,/blog,uk,true
metabolism treatment,/blog,uk,true
metabolism uk,/blog,uk,true
methotrexate,/blog,uk,true
methotrexate 2026,/blog,uk,true
methotrexate advanced,/blog,uk,true
methotrexate alternative,/blog,uk,true
methotrexate arthritis,/blog,uk,true
methotrexate at home,/blog,uk,true
methotrexate beginner,/blog,uk,true
methotrexate clinic,/blog,uk,true
methotrexate diet,/blog,uk,true
methotrexate easy,/blog,uk,true
methotrexate effective,/blog,uk,true
methotrexate effectiveness,/blog,uk,true
methotrexate exercises,/blog,uk,true
methotrexate fast,/blog,uk,true
methotrexate for adults,/blog,uk,true
methotrexate for beginners,/blog,uk,true
methotrexate for men,/blog,uk,true
methotrexate for seniors,/blog,uk,true
methotrexate for women,/blog,uk,true
methotrexate free,/blog,uk,true
methotrexate gentle,/blog,uk,true
methotrexate guide,/blog,uk,true
methotrexate help,/blog,uk,true
methotrexate home remedies,/blog,uk,true
methotrexate hospital,/blog,uk,true
methotrexate latest,/blog,uk,true
methotrexate low cost,/blog,uk,true
methotrexate medicine,/blog,uk,true
methotrexate natural,/blog,uk,true
methotrexate near me,/blog,uk,true
methotrexate new,/blog,uk,true
methotrexate nhs,/blog,uk,true
methotrexate nhs waiting list,/blog,uk,true
methotrexate over 50,/blog,uk,true
methotrexate over 60,/blog,uk,true
methotrexate over 70,/blog,uk,true
methotrexate prevention,/blog,uk,true
methotrexate private,/blog,uk,true
methotrexate proven,/blog,uk,true
methotrexate quick,/blog,uk,true
methotrexate relief,/blog,uk,true
methotrexate safe,/blog,uk,true
methotrexate side effects,/blog,uk,true
methotrexate simple,/blog,uk,true
methotrexate supplement,/blog,uk,true
methotrexate symptoms,/blog,uk,true
methotrexate therapy,/blog,uk,true
methotrexate tips,/blog,uk,true
methotrexate treatment,/blog,uk,true
methotrexate uk,/blog,uk,true
middle-aged with arthritis,/blog,uk,true
middle-aged with joint pain,/blog,uk,true
middle-aged with osteoporosis,/blog,uk,true
might DOMS,/blog,uk,true
might DOMS uk,/blog,uk,true
might ankylosing spondylitis,/blog,uk,true
might ankylosing spondylitis uk,/blog,uk,true
might anti inflammatory smoothie,/blog,uk,true
might anti inflammatory smoothie uk,/blog,uk,true
might anti-inflammatory diet,/blog,uk,true
might anti-inflammatory diet uk,/blog,uk,true
might appendicular skeleton,/blog,uk,true
might appendicular skeleton uk,/blog,uk,true
might arthritis,/blog,uk,true
might arthritis aids,/blog,uk,true
might arthritis aids uk,/blog,uk,true
might arthritis uk,/blog,uk,true
might axial skeleton,/blog,uk,true
might axial skeleton uk,/blog,uk,true
might balance training,/blog,uk,true
might balance training uk,/blog,uk,true
might beetroot,/blog,uk,true
might beetroot uk,/blog,uk,true
might biologic dmards,/blog,uk,true
might biologic dmards uk,/blog,uk,true
might blue badge,/blog,uk,true
might blue badge uk,/blog,uk,true
might bmi,/blog,uk,true
might bmi uk,/blog,uk,true
might bone marrow function,/blog,uk,true
might bone marrow function uk,/blog,uk,true
might boswellia,/blog,uk,true
might boswellia uk,/blog,uk,true
might breathwork,/blog,uk,true
might breathwork uk,/blog,uk,true
might bursitis,/blog,uk,true
might bursitis uk,/blog,uk,true
might calcium,/blog,uk,true
might calcium uk,/blog,uk,true
might calorie deficit,/blog,uk,true
might calorie deficit uk,/blog,uk,true
might carer support,/blog,uk,true
might carer support uk,/blog,uk,true
might carpal tunnel,/blog,uk,true
might carpal tunnel uk,/blog,uk,true
might cartilage anatomy,/blog,uk,true
might cartilage anatomy uk,/blog,uk,true
might cervical vertebrae,/blog,uk,true
might cervical vertebrae uk,/blog,uk,true
might chondroitin,/blog,uk,true
might chondroitin uk,/blog,uk,true
might circadian rhythm,/blog,uk,true
might circadian rhythm uk,/blog,uk,true
might clinical frailty scale,/blog,uk,true
might clinical frailty scale uk,/blog,uk,true
might coccyx,/blog,uk,true
might coccyx uk,/blog,uk,true
might collagen,/blog,uk,true
might collagen uk,/blog,uk,true
might cooking,/blog,uk,true
might cooking uk,/blog,uk,true
might core strength,/blog,uk,true
might core strength uk,/blog,uk,true
might cortisol,/blog,uk,true
might cortisol uk,/blog,uk,true
might diet,/blog,uk,true
might diet uk,/blog,uk,true
might disability benefits,/blog,uk,true
might disability benefits uk,/blog,uk,true
might dislocation,/blog,uk,true
might dislocation uk,/blog,uk,true
might dressing,/blog,uk,true
might dressing uk,/blog,uk,true
might driving,/blog,uk,true
might driving uk,/blog,uk,true
might early ra,/blog,uk,true
might early ra uk,/blog,uk,true
might facet joint syndrome,/blog,uk,true
might facet joint syndrome uk,/blog,uk,true
might falls prevention,/blog,uk,true
might falls prevention uk,/blog,uk,true
might fascia anatomy,/blog,uk,true
might fascia anatomy uk,/blog,uk,true
might fatigue,/blog,uk,true
might fatigue uk,/blog,uk,true
might fear of falling,/blog,uk,true
might fear of falling uk,/blog,uk,true
might fibromyalgia,/blog,uk,true
might fibromyalgia uk,/blog,uk,true
might fish oil,/blog,uk,true
might fish oil uk,/blog,uk,true
might flare up,/blog,uk,true
might flare up uk,/blog,uk,true
might frailty,/blog,uk,true
might frailty uk,/blog,uk,true
might frozen shoulder,/blog,uk,true
might frozen shoulder uk,/blog,uk,true
might geriatric assessment,/blog,uk,true
might geriatric assessment uk,/blog,uk,true
might ginger,/blog,uk,true
might ginger uk,/blog,uk,true
might gloves,/blog,uk,true
might gloves uk,/blog,uk,true
might glucosamine,/blog,uk,true
might glucosamine uk,/blog,uk,true
might gout,/blog,uk,true
might gout uk,/blog,uk,true
might grading,/blog,uk,true
might grading uk,/blog,uk,true
might grip strength,/blog,uk,true
might grip strength uk,/blog,uk,true
might hand osteoarthritis,/blog,uk,true
might hand osteoarthritis uk,/blog,uk,true
might herniated disc,/blog,uk,true
might herniated disc uk,/blog,uk,true
might hip osteoarthritis,/blog,uk,true
might hip osteoarthritis uk,/blog,uk,true
might home hazards,/blog,uk,true
might home hazards uk,/blog,uk,true
might intermittent fasting,/blog,uk,true
might intermittent fasting uk,/blog,uk,true
might joint capsule,/blog,uk,true
might joint capsule uk,/blog,uk,true
might joint pain,/blog,uk,true
might joint pain foods,/blog,uk,true
might joint pain foods uk,/blog,uk,true
might joint pain uk,/blog,uk,true
might juvenile arthritis,/blog,uk,true
might juvenile arthritis uk,/blog,uk,true
might knee osteoarthritis,/blog,uk,true
might knee osteoarthritis uk,/blog,uk,true
might kyphosis,/blog,uk,true
might kyphosis uk,/blog,uk,true
might leaky gut,/blog,uk,true
might leaky gut uk,/blog,uk,true
might leucine,/blog,uk,true
might leucine uk,/blog,uk,true
might ligaments vs tendons,/blog,uk,true
might ligaments vs tendons uk,/blog,uk,true
might lower back pain,/blog,uk,true
might lower back pain uk,/blog,uk,true
might lumbar vertebrae,/blog,uk,true
might lumbar vertebrae uk,/blog,uk,true
might lupus,/blog,uk,true
might lupus uk,/blog,uk,true
might magnesium,/blog,uk,true
might magnesium uk,/blog,uk,true
might mattress,/blog,uk,true
might mattress uk,/blog,uk,true
might mediterranean diet,/blog,uk,true
might mediterranean diet uk,/blog,uk,true
might meniscus tear,/blog,uk,true
might meniscus tear uk,/blog,uk,true
might menopause,/blog,uk,true
might menopause uk,/blog,uk,true
might metabolism,/blog,uk,true
might metabolism uk,/blog,uk,true
might methotrexate,/blog,uk,true
might methotrexate uk,/blog,uk,true
might mindfulness,/blog,uk,true
might mindfulness uk,/blog,uk,true
might msm,/blog,uk,true
might msm uk,/blog,uk,true
might muscle atrophy,/blog,uk,true
might muscle atrophy uk,/blog,uk,true
might muscle imbalance,/blog,uk,true
might muscle imbalance uk,/blog,uk,true
might myofascial release,/blog,uk,true
might myofascial release uk,/blog,uk,true
might nhs,/blog,uk,true
might nhs uk,/blog,uk,true
might obesity,/blog,uk,true
might obesity uk,/blog,uk,true
might omega 3,/blog,uk,true
might omega 3 uk,/blog,uk,true
might osteoarthritis,/blog,uk,true
might osteoarthritis uk,/blog,uk,true
might osteoporosis,/blog,uk,true
might osteoporosis uk,/blog,uk,true
might pip,/blog,uk,true
might pip uk,/blog,uk,true
might plantar fasciitis,/blog,uk,true
might plantar fasciitis uk,/blog,uk,true
might polymyalgia,/blog,uk,true
might polymyalgia uk,/blog,uk,true
might polyphenols,/blog,uk,true
might polyphenols uk,/blog,uk,true
might portion control,/blog,uk,true
might portion control uk,/blog,uk,true
might posture,/blog,uk,true
might posture uk,/blog,uk,true
might pregnancy,/blog,uk,true
might pregnancy uk,/blog,uk,true
might processed food,/blog,uk,true
might processed food uk,/blog,uk,true
might protein,/blog,uk,true
might protein uk,/blog,uk,true
might psoriatic arthritis,/blog,uk,true
might psoriatic arthritis uk,/blog,uk,true
might ra flare,/blog,uk,true
might ra flare uk,/blog,uk,true
might reactive arthritis,/blog,uk,true
might reactive arthritis uk,/blog,uk,true
might remission,/blog,uk,true
might remission uk,/blog,uk,true
might resistance training,/blog,uk,true
might resistance training uk,/blog,uk,true
might rheumatoid arthritis,/blog,uk,true
might rheumatoid arthritis uk,/blog,uk,true
might rotator cuff injury,/blog,uk,true
might rotator cuff injury uk,/blog,uk,true
might sacrum,/blog,uk,true
might sacrum uk,/blog,uk,true
might sarcopenia,/blog,uk,true
