"orphan_slug","linked_from_slug","recommended_anchor_text","rationale"
"foot-ankle-osteoarthritis-frailty-indoor-walking-uk","knee-osteoarthritis-frailty-staying-steady-home-uk","Foot and ankle osteoarthritis and frailty: safer indoor walking (UK)","shared cluster: exercise-movement|condition-specific"
"hip-and-knee-oa-frailty-transfers-uk","knee-osteoarthritis-frailty-staying-steady-home-uk","Hip and knee osteoarthritis together: frailty-friendly transfers (UK)","shared cluster: condition-specific|exercise-movement"
"knee-oa-frailty-rising-from-low-sofa-uk","knee-osteoarthritis-frailty-staying-steady-home-uk","Knee osteoarthritis and frailty: rising from a low sofa (UK)","shared cluster: condition-specific|exercise-movement"
"spinal-stenosis-oa-frailty-walking-stops-uk","knee-osteoarthritis-frailty-staying-steady-home-uk","Spinal stenosis, osteoarthritis and frailty: walking with planned stops (UK)","shared cluster: exercise-movement|condition-specific"
"gout-older-people-frailty-hydration-uk","hip-osteoarthritis-frailty-chair-rise-uk","Gout in older people and frailty: hydration, feet and falls (UK)","shared cluster: condition-specific|exercise-movement"
"sarcopenia-knee-oa-frailty-overlap-uk","hip-osteoarthritis-frailty-chair-rise-uk","Sarcopenia and knee osteoarthritis: the frailty overlap (UK)","shared cluster: condition-specific|exercise-movement"
"injections-knee-frail-adults-uk","hip-osteoarthritis-frailty-chair-rise-uk","Knee injections in frail adults: questions worth asking (UK)","shared cluster: condition-specific|exercise-movement"
"prehabilitation-frail-arthritis-before-surgery-uk","hip-osteoarthritis-frailty-chair-rise-uk","Prehabilitation for frail adults with arthritis facing surgery (UK)","shared cluster: exercise-movement"
"thumb-base-osteoarthritis-frailty-daily-grip-uk","hand-osteoarthritis-frailty-dressing-cooking-uk","Thumb-base osteoarthritis and frailty: jars, taps and daily grip (UK)","shared cluster: condition-specific"
"midfoot-osteoarthritis-frailty-standing-time-uk","hand-osteoarthritis-frailty-dressing-cooking-uk","Midfoot osteoarthritis and frailty: standing time in the kitchen (UK)","shared cluster: condition-specific|daily-living"
"shoulder-oa-frailty-high-cupboards-uk","hand-osteoarthritis-frailty-dressing-cooking-uk","Shoulder osteoarthritis and frailty: high cupboards and safer reaching (UK)","shared cluster: condition-specific|daily-living"
"wrist-hand-oa-frailty-self-care-uk","hand-osteoarthritis-frailty-dressing-cooking-uk","Wrist and hand osteoarthritis and frailty: washing, teeth and hair (UK)","shared cluster: condition-specific|daily-living"
"neck-osteoarthritis-frailty-balance-looking-down-uk","spinal-osteoarthritis-frailty-standing-pacing-uk","Neck osteoarthritis and frailty: looking down, dizziness and balance (UK)","shared cluster: condition-specific"
"knee-oa-frailty-stairs-banisters-uk","spinal-osteoarthritis-frailty-standing-pacing-uk","Knee osteoarthritis and frailty: stairs, banisters and rest stops (UK)","shared cluster: fatigue-management|condition-specific"
"spine-oa-frailty-gardening-pacing-uk","spinal-osteoarthritis-frailty-standing-pacing-uk","Spinal osteoarthritis and frailty: short spells in the garden (UK)","shared cluster: fatigue-management|condition-specific"
"spinal-stenosis-oa-frailty-walking-stops-uk","spinal-osteoarthritis-frailty-standing-pacing-uk","Spinal stenosis, osteoarthritis and frailty: walking with planned stops (UK)","shared cluster: condition-specific"
"hip-oa-frailty-getting-into-car-uk","shoulder-osteoarthritis-frailty-washing-dressing-uk","Hip osteoarthritis and frailty: getting into a car without a jolt (UK)","shared cluster: condition-specific"
"generalised-oa-frailty-whole-body-day-uk","shoulder-osteoarthritis-frailty-washing-dressing-uk","Generalised osteoarthritis and frailty: planning a whole-body day (UK)","shared cluster: condition-specific"
"bunions-arthritis-frailty-shoes-uk","shoulder-osteoarthritis-frailty-washing-dressing-uk","Bunions, arthritis and frailty: shoes that still fit life (UK)","shared cluster: condition-specific"
"shoulder-oa-frailty-high-cupboards-uk","shoulder-osteoarthritis-frailty-washing-dressing-uk","Shoulder osteoarthritis and frailty: high cupboards and safer reaching (UK)","shared cluster: condition-specific"
"knee-osteoarthritis-frailty-staying-steady-home-uk","foot-ankle-osteoarthritis-frailty-indoor-walking-uk","Knee osteoarthritis and frailty: staying steady at home (UK)","shared cluster: exercise-movement|condition-specific"
"hip-osteoarthritis-frailty-chair-rise-uk","foot-ankle-osteoarthritis-frailty-indoor-walking-uk","Hip osteoarthritis and frailty: getting out of a chair more safely (UK)","shared cluster: condition-specific|exercise-movement"
"gout-older-people-frailty-hydration-uk","foot-ankle-osteoarthritis-frailty-indoor-walking-uk","Gout in older people and frailty: hydration, feet and falls (UK)","shared cluster: condition-specific|exercise-movement"
"sarcopenia-knee-oa-frailty-overlap-uk","foot-ankle-osteoarthritis-frailty-indoor-walking-uk","Sarcopenia and knee osteoarthritis: the frailty overlap (UK)","shared cluster: condition-specific|exercise-movement"
"bone-clinic-arthritis-frailty-uk","neck-osteoarthritis-frailty-balance-looking-down-uk","Bone clinics, arthritis and frailty (UK)","shared cluster: condition-specific"
"calluses-pressure-spots-frail-arthritis-uk","neck-osteoarthritis-frailty-balance-looking-down-uk","Calluses and pressure spots in frail arthritic feet (UK)","shared cluster: condition-specific"
"spinal-osteoarthritis-frailty-standing-pacing-uk","neck-osteoarthritis-frailty-balance-looking-down-uk","Spinal osteoarthritis and frailty: standing tall without overdoing it (UK)","shared cluster: condition-specific"
"shoulder-osteoarthritis-frailty-washing-dressing-uk","neck-osteoarthritis-frailty-balance-looking-down-uk","Shoulder osteoarthritis and frailty: reaching, washing and dressing (UK)","shared cluster: condition-specific"
"big-toe-osteoarthritis-frailty-shoes-balance-uk","thumb-base-osteoarthritis-frailty-daily-grip-uk","Big-toe osteoarthritis and frailty: shoes, push-off and balance (UK)","shared cluster: condition-specific"
"hand-osteoarthritis-frailty-dressing-cooking-uk","thumb-base-osteoarthritis-frailty-daily-grip-uk","Hand osteoarthritis and frailty: dressing, cooking and grip (UK)","shared cluster: condition-specific"
"polyarticular-oa-frailty-pacing-several-joints-uk","thumb-base-osteoarthritis-frailty-daily-grip-uk","Polyarticular osteoarthritis and frailty: pacing several painful joints (UK)","shared cluster: condition-specific"
"hip-osteoarthritis-frailty-chair-rise-uk","thumb-base-osteoarthritis-frailty-daily-grip-uk","Hip osteoarthritis and frailty: getting out of a chair more safely (UK)","shared cluster: condition-specific"
"cooking-with-hand-oa-frailty-uk","wrist-osteoarthritis-frailty-walking-aids-uk","Cooking with hand osteoarthritis when you are becoming frailer (UK)","shared cluster: daily-living|condition-specific"
"bed-lever-arthritis-frailty-uk","wrist-osteoarthritis-frailty-walking-aids-uk","Bed levers and arthritis: turning without hauling on a partner (UK)","shared cluster: daily-living"
"sofa-height-arthritis-frailty-uk","wrist-osteoarthritis-frailty-walking-aids-uk","Sofa height, osteoarthritis and frailty (UK)","shared cluster: daily-living|condition-specific"
"wrist-hand-oa-frailty-self-care-uk","wrist-osteoarthritis-frailty-walking-aids-uk","Wrist and hand osteoarthritis and frailty: washing, teeth and hair (UK)","shared cluster: condition-specific|daily-living"
"ra-frailty-older-adults-daily-rhythm-uk","elbow-osteoarthritis-frailty-kitchen-tasks-uk","Rheumatoid arthritis and frailty in older adults: a gentler daily rhythm (UK)","shared cluster: pain-management|condition-specific"
"post-knee-replacement-frailty-rehab-uk","elbow-osteoarthritis-frailty-kitchen-tasks-uk","After knee replacement: frailty-aware rehabilitation (UK)","shared cluster: condition-specific|pain-management"
"dosette-boxes-arthritis-frailty-hands-uk","elbow-osteoarthritis-frailty-kitchen-tasks-uk","Dosette boxes and blister packs when arthritis affects the hands (UK)","shared cluster: condition-specific|pain-management"
"compression-stockings-hand-oa-frailty-uk","elbow-osteoarthritis-frailty-kitchen-tasks-uk","Compression stockings when hand osteoarthritis is severe (UK)","shared cluster: condition-specific|pain-management"
"thumb-base-osteoarthritis-frailty-daily-grip-uk","big-toe-osteoarthritis-frailty-shoes-balance-uk","Thumb-base osteoarthritis and frailty: jars, taps and daily grip (UK)","shared cluster: condition-specific"
"bunions-arthritis-frailty-shoes-uk","big-toe-osteoarthritis-frailty-shoes-balance-uk","Bunions, arthritis and frailty: shoes that still fit life (UK)","shared cluster: condition-specific"
"hip-oa-frailty-bed-mobility-uk","big-toe-osteoarthritis-frailty-shoes-balance-uk","Hip osteoarthritis and frailty: turning in bed and getting up (UK)","shared cluster: condition-specific"
"compression-stockings-hand-oa-frailty-uk","big-toe-osteoarthritis-frailty-shoes-balance-uk","Compression stockings when hand osteoarthritis is severe (UK)","shared cluster: condition-specific"
"thumb-base-osteoarthritis-frailty-daily-grip-uk","polyarticular-oa-frailty-pacing-several-joints-uk","Thumb-base osteoarthritis and frailty: jars, taps and daily grip (UK)","shared cluster: condition-specific"
"spine-oa-frailty-gardening-pacing-uk","polyarticular-oa-frailty-pacing-several-joints-uk","Spinal osteoarthritis and frailty: short spells in the garden (UK)","shared cluster: fatigue-management|condition-specific"
"generalised-oa-frailty-whole-body-day-uk","polyarticular-oa-frailty-pacing-several-joints-uk","Generalised osteoarthritis and frailty: planning a whole-body day (UK)","shared cluster: condition-specific"
"splints-night-hand-oa-frailty-uk","polyarticular-oa-frailty-pacing-several-joints-uk","Night splints for hand osteoarthritis in frail adults (UK)","shared cluster: fatigue-management|condition-specific"
"knee-osteoarthritis-frailty-staying-steady-home-uk","hip-and-knee-oa-frailty-transfers-uk","Knee osteoarthritis and frailty: staying steady at home (UK)","shared cluster: exercise-movement|condition-specific"
"hip-osteoarthritis-frailty-chair-rise-uk","hip-and-knee-oa-frailty-transfers-uk","Hip osteoarthritis and frailty: getting out of a chair more safely (UK)","shared cluster: condition-specific|exercise-movement"
"knee-oa-frailty-rising-from-low-sofa-uk","hip-and-knee-oa-frailty-transfers-uk","Knee osteoarthritis and frailty: rising from a low sofa (UK)","shared cluster: condition-specific|exercise-movement"
"resistance-bands-seated-frail-oa-uk","hip-and-knee-oa-frailty-transfers-uk","Seated resistance bands for frail osteoarthritis (UK)","shared cluster: condition-specific|exercise-movement"
"hand-osteoarthritis-frailty-dressing-cooking-uk","midfoot-osteoarthritis-frailty-standing-time-uk","Hand osteoarthritis and frailty: dressing, cooking and grip (UK)","shared cluster: daily-living|condition-specific"
"shoulder-oa-frailty-high-cupboards-uk","midfoot-osteoarthritis-frailty-standing-time-uk","Shoulder osteoarthritis and frailty: high cupboards and safer reaching (UK)","shared cluster: condition-specific|daily-living"
"late-onset-ra-frailty-first-months-uk","midfoot-osteoarthritis-frailty-standing-time-uk","Late-onset rheumatoid arthritis and frailty: the first months (UK)","shared cluster: condition-specific|daily-living"
"wrist-hand-oa-frailty-self-care-uk","midfoot-osteoarthritis-frailty-standing-time-uk","Wrist and hand osteoarthritis and frailty: washing, teeth and hair (UK)","shared cluster: condition-specific|daily-living"
"spinal-osteoarthritis-frailty-standing-pacing-uk","knee-oa-frailty-stairs-banisters-uk","Spinal osteoarthritis and frailty: standing tall without overdoing it (UK)","shared cluster: fatigue-management|condition-specific"
"knee-arthroscopy-for-osteoarthritis-helpful-or-hype","knee-oa-frailty-stairs-banisters-uk","Knee Arthroscopy for Osteoarthritis: Helpful or Hype?","shared cluster: condition-specific"
"knee-osteoarthritis-frailty-staying-steady-home-uk","knee-oa-frailty-stairs-banisters-uk","Knee osteoarthritis and frailty: staying steady at home (UK)","shared cluster: condition-specific"
"hip-and-knee-oa-frailty-transfers-uk","knee-oa-frailty-stairs-banisters-uk","Hip and knee osteoarthritis together: frailty-friendly transfers (UK)","shared cluster: condition-specific"
"shoulder-osteoarthritis-frailty-washing-dressing-uk","hip-oa-frailty-getting-into-car-uk","Shoulder osteoarthritis and frailty: reaching, washing and dressing (UK)","shared cluster: condition-specific"
"generalised-oa-frailty-whole-body-day-uk","hip-oa-frailty-getting-into-car-uk","Generalised osteoarthritis and frailty: planning a whole-body day (UK)","shared cluster: condition-specific"
"bunions-arthritis-frailty-shoes-uk","hip-oa-frailty-getting-into-car-uk","Bunions, arthritis and frailty: shoes that still fit life (UK)","shared cluster: condition-specific"
"hip-oa-frailty-bed-mobility-uk","hip-oa-frailty-getting-into-car-uk","Hip osteoarthritis and frailty: turning in bed and getting up (UK)","shared cluster: condition-specific"
"ra-monitoring-older-frail-adults-uk","hand-oa-frailty-opening-packaging-uk","Blood monitoring for RA in older frail adults (UK)","shared cluster: condition-specific|daily-living"
"post-hip-replacement-frailty-home-uk","hand-oa-frailty-opening-packaging-uk","After hip replacement: coming home frail (UK)","shared cluster: condition-specific|daily-living"
"cooking-with-hand-oa-frailty-uk","hand-oa-frailty-opening-packaging-uk","Cooking with hand osteoarthritis when you are becoming frailer (UK)","shared cluster: daily-living|condition-specific"
"meal-delivery-arthritis-frailty-uk","hand-oa-frailty-opening-packaging-uk","Meal delivery services when arthritis and frailty shrink cooking (UK)","shared cluster: daily-living"
"spinal-osteoarthritis-frailty-standing-pacing-uk","spine-oa-frailty-gardening-pacing-uk","Spinal osteoarthritis and frailty: standing tall without overdoing it (UK)","shared cluster: fatigue-management|condition-specific"
"polyarticular-oa-frailty-pacing-several-joints-uk","spine-oa-frailty-gardening-pacing-uk","Polyarticular osteoarthritis and frailty: pacing several painful joints (UK)","shared cluster: fatigue-management|condition-specific"
"splints-night-hand-oa-frailty-uk","spine-oa-frailty-gardening-pacing-uk","Night splints for hand osteoarthritis in frail adults (UK)","shared cluster: fatigue-management|condition-specific"
"hip-oa-frailty-bed-mobility-uk","spine-oa-frailty-gardening-pacing-uk","Hip osteoarthritis and frailty: turning in bed and getting up (UK)","shared cluster: condition-specific"
"hand-osteoarthritis-frailty-dressing-cooking-uk","shoulder-oa-frailty-high-cupboards-uk","Hand osteoarthritis and frailty: dressing, cooking and grip (UK)","shared cluster: daily-living|condition-specific"
"midfoot-osteoarthritis-frailty-standing-time-uk","shoulder-oa-frailty-high-cupboards-uk","Midfoot osteoarthritis and frailty: standing time in the kitchen (UK)","shared cluster: condition-specific|daily-living"
"wrist-hand-oa-frailty-self-care-uk","shoulder-oa-frailty-high-cupboards-uk","Wrist and hand osteoarthritis and frailty: washing, teeth and hair (UK)","shared cluster: condition-specific|daily-living"
"hydration-gout-frailty-older-adults-uk","shoulder-oa-frailty-high-cupboards-uk","Hydration, gout and frailty in older adults (UK)","shared cluster: condition-specific|daily-living"
"knee-osteoarthritis-frailty-staying-steady-home-uk","knee-oa-frailty-rising-from-low-sofa-uk","Knee osteoarthritis and frailty: staying steady at home (UK)","shared cluster: exercise-movement|condition-specific"
"knee-oa-frailty-outdoor-pavements-uk","knee-oa-frailty-rising-from-low-sofa-uk","Knee osteoarthritis and frailty: pavements, kerbs and outdoor confidence (UK)","shared cluster: exercise-movement|condition-specific"
"best-exercises-osteoarthritis-knee-pain-home","knee-oa-frailty-rising-from-low-sofa-uk","Best Exercises for Osteoarthritis Knee Pain at Home","shared cluster: condition-specific|exercise-movement"
"shoulder-oa-frailty-high-cupboards-uk","late-onset-ra-frailty-first-months-uk","Shoulder osteoarthritis and frailty: high cupboards and safer reaching (UK)","shared cluster: condition-specific|daily-living"
"osteoporosis-arthritis-frailty-bone-joint-uk","late-onset-ra-frailty-first-months-uk","Osteoporosis, arthritis and frailty: protecting bone and joint together (UK)","shared cluster: condition-specific|daily-living"
"hydration-gout-frailty-older-adults-uk","late-onset-ra-frailty-first-months-uk","Hydration, gout and frailty in older adults (UK)","shared cluster: condition-specific|daily-living"
"rheumatology-waiting-times-uk","late-onset-ra-frailty-first-months-uk","Rheumatology Waiting Times UK – How to Cope While Waiting","shared cluster: daily-living"
"elbow-osteoarthritis-frailty-kitchen-tasks-uk","ra-frailty-older-adults-daily-rhythm-uk","Elbow osteoarthritis and frailty: kitchen tasks without a flare spiral (UK)","shared cluster: pain-management|condition-specific"
"post-knee-replacement-frailty-rehab-uk","ra-frailty-older-adults-daily-rhythm-uk","After knee replacement: frailty-aware rehabilitation (UK)","shared cluster: condition-specific|pain-management"
"dosette-boxes-arthritis-frailty-hands-uk","ra-frailty-older-adults-daily-rhythm-uk","Dosette boxes and blister packs when arthritis affects the hands (UK)","shared cluster: condition-specific|pain-management"
"fear-of-falling-hip-oa-frailty-uk","ra-fatigue-frailty-energy-envelope-uk","Fear of falling with hip osteoarthritis and frailty (UK)","shared cluster: mental-health"
"sleep-arthritis-frailty-night-pain-uk","ra-fatigue-frailty-energy-envelope-uk","Sleep, night pain and frailty in arthritis (UK)","shared cluster: fatigue-management|mental-health"
"pacing-visitors-arthritis-frailty-uk","ra-fatigue-frailty-energy-envelope-uk","Pacing visitors and family days with arthritis and frailty (UK)","shared cluster: fatigue-management"
"restless-nights-joint-pain-frailty-uk","ra-fatigue-frailty-energy-envelope-uk","Restless nights, joint pain and next-day frailty (UK)","shared cluster: fatigue-management|mental-health"
"gout-winter-dehydration-frailty-uk","ra-steroids-frailty-infection-watch-uk","Winter gout, dehydration and frailty (UK)","shared cluster: condition-specific|pain-management"
"hip-oa-frailty-bed-mobility-uk","ra-steroids-frailty-infection-watch-uk","Hip osteoarthritis and frailty: turning in bed and getting up (UK)","shared cluster: condition-specific|pain-management"
"rheumatology-clinic-frail-older-adult-uk","ra-steroids-frailty-infection-watch-uk","Rheumatology clinics for frail older adults (UK)","shared cluster: condition-specific|pain-management"
"hand-therapy-frail-ra-uk","ra-steroids-frailty-infection-watch-uk","Hand therapy for frail adults with rheumatoid arthritis (UK)","shared cluster: condition-specific|pain-management"
"hand-oa-frailty-opening-packaging-uk","ra-monitoring-older-frail-adults-uk","Hand osteoarthritis and frailty: opening packaging without giving up cooking (UK)","shared cluster: condition-specific|daily-living"
"post-hip-replacement-frailty-home-uk","ra-monitoring-older-frail-adults-uk","After hip replacement: coming home frail (UK)","shared cluster: condition-specific|daily-living"
"polypharmacy-arthritis-frailty-review-uk","ra-monitoring-older-frail-adults-uk","Polypharmacy, arthritis and frailty: asking for a medicines review (UK)","shared cluster: daily-living"
"anticholinergic-load-arthritis-frailty-uk","ra-monitoring-older-frail-adults-uk","Anticholinergic load, arthritis medicines and frailty (UK)","shared cluster: daily-living"
"flare-versus-frailty-arthritis-uk","pmr-frailty-morning-stiffness-uk","Flare versus frailty: telling a bad joint week from a slower body (UK)","shared cluster: pain-management|daily-living"
"discharge-planning-arthritis-frailty-uk","pmr-frailty-morning-stiffness-uk","Discharge planning when arthritis and frailty delayed recovery (UK)","shared cluster: daily-living"
"paramedic-fall-lift-arthritis-uk","pmr-frailty-morning-stiffness-uk","After paramedics lift you: arthritis pain and the next 48 hours (UK)","shared cluster: pain-management|daily-living"
"hospital-deconditioning-arthritis-stay-uk","pmr-frailty-morning-stiffness-uk","Hospital deconditioning when you live with arthritis (UK)","shared cluster: pain-management|daily-living"
"hospital-stay-arthritis-frailty-what-to-pack-uk","pmr-steroid-taper-frailty-weakness-uk","Hospital stays with arthritis and frailty: what to pack and ask (UK)","shared cluster: exercise-movement"
"resistance-training-arthritis-longevity","pmr-steroid-taper-frailty-weakness-uk","Resistance Training: The Best-Kept Secret for Arthritis Long","shared cluster: exercise-movement"
"knee-oa-frailty-outdoor-pavements-uk","pmr-steroid-taper-frailty-weakness-uk","Knee osteoarthritis and frailty: pavements, kerbs and outdoor confidence (UK)","shared cluster: exercise-movement"
"balance-painful-feet-frailty-arthritis-uk","pmr-steroid-taper-frailty-weakness-uk","Balance practice with painful arthritic feet (UK)","shared cluster: exercise-movement"
"podiatry-footcare-arthritis-frailty-uk","gout-older-people-frailty-hydration-uk","Podiatry and footcare for frail adults with arthritis (UK)","shared cluster: condition-specific"
"soft-foods-jaw-arthritis-frailty-uk","gout-older-people-frailty-hydration-uk","Jaw arthritis, frailty and softer meals (UK)","shared cluster: condition-specific"
"injections-knee-frail-adults-uk","gout-older-people-frailty-hydration-uk","Knee injections in frail adults: questions worth asking (UK)","shared cluster: condition-specific|exercise-movement"
"hip-osteoarthritis-frailty-chair-rise-uk","gout-older-people-frailty-hydration-uk","Hip osteoarthritis and frailty: getting out of a chair more safely (UK)","shared cluster: condition-specific|exercise-movement"
"ra-steroids-frailty-infection-watch-uk","gout-winter-dehydration-frailty-uk","Steroids, rheumatoid arthritis and frailty: watching for infection (UK)","shared cluster: condition-specific|pain-management"
"prefrailty-osteoarthritis-early-action-uk","gout-winter-dehydration-frailty-uk","Prefrailty and osteoarthritis: early action before a crisis (UK)","shared cluster: condition-specific|pain-management"
"podiatry-footcare-arthritis-frailty-uk","gout-winter-dehydration-frailty-uk","Podiatry and footcare for frail adults with arthritis (UK)","shared cluster: condition-specific"
"ra-frailty-older-adults-daily-rhythm-uk","cppd-pseudogout-frailty-sudden-hot-joint-uk","Rheumatoid arthritis and frailty in older adults: a gentler daily rhythm (UK)","shared cluster: pain-management|condition-specific"
"psoriatic-arthritis-later-life-frailty-uk","cppd-pseudogout-frailty-sudden-hot-joint-uk","Psoriatic arthritis in later life: joints, skin and frailty (UK)","shared cluster: condition-specific|pain-management"
"post-knee-replacement-frailty-rehab-uk","cppd-pseudogout-frailty-sudden-hot-joint-uk","After knee replacement: frailty-aware rehabilitation (UK)","shared cluster: condition-specific|pain-management"
"dental-care-arthritis-frailty-hands-uk","cppd-pseudogout-frailty-sudden-hot-joint-uk","Dental care when arthritis, frailty and sore hands collide (UK)","shared cluster: condition-specific|pain-management"
"gout-winter-dehydration-frailty-uk","psoriatic-arthritis-later-life-frailty-uk","Winter gout, dehydration and frailty (UK)","shared cluster: condition-specific|pain-management"
"cppd-pseudogout-frailty-sudden-hot-joint-uk","psoriatic-arthritis-later-life-frailty-uk","CPPD (pseudogout) and frailty: a sudden hot joint in later life (UK)","shared cluster: condition-specific|pain-management"
"prefrailty-osteoarthritis-early-action-uk","psoriatic-arthritis-later-life-frailty-uk","Prefrailty and osteoarthritis: early action before a crisis (UK)","shared cluster: condition-specific|pain-management"
"dental-care-arthritis-frailty-hands-uk","psoriatic-arthritis-later-life-frailty-uk","Dental care when arthritis, frailty and sore hands collide (UK)","shared cluster: condition-specific|pain-management"
"appetite-loss-arthritis-frailty-uk","inflammatory-arthritis-frailty-flare-week-uk","Appetite loss, arthritis pain and frailty (UK)","shared cluster: pain-management"
"activity-diary-arthritis-frailty-uk","inflammatory-arthritis-frailty-flare-week-uk","A simple activity diary for arthritis and frailty (UK)","shared cluster: pain-management"
"swelling-legs-arthritis-frailty-uk","inflammatory-arthritis-frailty-flare-week-uk","Leg swelling, arthritis and frailty (UK)","shared cluster: pain-management"
"heat-versus-ice-frail-arthritis-uk","inflammatory-arthritis-frailty-flare-week-uk","Heat versus ice for frail adults with arthritis (UK)","shared cluster: pain-management"
"late-onset-ra-frailty-first-months-uk","osteoporosis-arthritis-frailty-bone-joint-uk","Late-onset rheumatoid arthritis and frailty: the first months (UK)","shared cluster: condition-specific|daily-living"
"hydration-gout-frailty-older-adults-uk","osteoporosis-arthritis-frailty-bone-joint-uk","Hydration, gout and frailty in older adults (UK)","shared cluster: condition-specific|daily-living"
"sofa-height-arthritis-frailty-uk","osteoporosis-arthritis-frailty-bone-joint-uk","Sofa height, osteoarthritis and frailty (UK)","shared cluster: daily-living|condition-specific"
"bone-clinic-arthritis-frailty-uk","osteoporosis-arthritis-frailty-bone-joint-uk","Bone clinics, arthritis and frailty (UK)","shared cluster: condition-specific"
"spinal-osteoarthritis-frailty-standing-pacing-uk","spinal-stenosis-oa-frailty-walking-stops-uk","Spinal osteoarthritis and frailty: standing tall without overdoing it (UK)","shared cluster: condition-specific"
"knee-oa-frailty-stairs-banisters-uk","spinal-stenosis-oa-frailty-walking-stops-uk","Knee osteoarthritis and frailty: stairs, banisters and rest stops (UK)","shared cluster: condition-specific"
"resistance-bands-seated-frail-oa-uk","spinal-stenosis-oa-frailty-walking-stops-uk","Seated resistance bands for frail osteoarthritis (UK)","shared cluster: condition-specific|exercise-movement"
"static-bike-frail-osteoarthritis-uk","spinal-stenosis-oa-frailty-walking-stops-uk","Static bikes for frail osteoarthritis (UK)","shared cluster: condition-specific|exercise-movement"
"cppd-pseudogout-frailty-sudden-hot-joint-uk","post-knee-replacement-frailty-rehab-uk","CPPD (pseudogout) and frailty: a sudden hot joint in later life (UK)","shared cluster: condition-specific|pain-management"
"dental-care-arthritis-frailty-hands-uk","post-knee-replacement-frailty-rehab-uk","Dental care when arthritis, frailty and sore hands collide (UK)","shared cluster: condition-specific|pain-management"
"elbow-osteoarthritis-frailty-kitchen-tasks-uk","post-knee-replacement-frailty-rehab-uk","Elbow osteoarthritis and frailty: kitchen tasks without a flare spiral (UK)","shared cluster: pain-management|condition-specific"
"ra-frailty-older-adults-daily-rhythm-uk","post-knee-replacement-frailty-rehab-uk","Rheumatoid arthritis and frailty in older adults: a gentler daily rhythm (UK)","shared cluster: pain-management|condition-specific"
"hand-oa-frailty-opening-packaging-uk","post-hip-replacement-frailty-home-uk","Hand osteoarthritis and frailty: opening packaging without giving up cooking (UK)","shared cluster: condition-specific|daily-living"
"ra-monitoring-older-frail-adults-uk","post-hip-replacement-frailty-home-uk","Blood monitoring for RA in older frail adults (UK)","shared cluster: condition-specific|daily-living"
"polypharmacy-arthritis-frailty-review-uk","post-hip-replacement-frailty-home-uk","Polypharmacy, arthritis and frailty: asking for a medicines review (UK)","shared cluster: daily-living"
"joint-replacement-decision-frailty-uk","post-hip-replacement-frailty-home-uk","Joint replacement decisions when frailty is already present (UK)","shared cluster: condition-specific|daily-living"
"shoulder-osteoarthritis-frailty-washing-dressing-uk","generalised-oa-frailty-whole-body-day-uk","Shoulder osteoarthritis and frailty: reaching, washing and dressing (UK)","shared cluster: condition-specific"
"hip-oa-frailty-getting-into-car-uk","generalised-oa-frailty-whole-body-day-uk","Hip osteoarthritis and frailty: getting into a car without a jolt (UK)","shared cluster: condition-specific"
"polyarticular-oa-frailty-pacing-several-joints-uk","generalised-oa-frailty-whole-body-day-uk","Polyarticular osteoarthritis and frailty: pacing several painful joints (UK)","shared cluster: condition-specific"
"bunions-arthritis-frailty-shoes-uk","generalised-oa-frailty-whole-body-day-uk","Bunions, arthritis and frailty: shoes that still fit life (UK)","shared cluster: condition-specific"
"hand-osteoarthritis-frailty-dressing-cooking-uk","wrist-hand-oa-frailty-self-care-uk","Hand osteoarthritis and frailty: dressing, cooking and grip (UK)","shared cluster: daily-living|condition-specific"
"wrist-osteoarthritis-frailty-walking-aids-uk","wrist-hand-oa-frailty-self-care-uk","Wrist osteoarthritis and frailty: choosing a walking aid that does not hurt (UK)","shared cluster: daily-living|condition-specific"
"midfoot-osteoarthritis-frailty-standing-time-uk","wrist-hand-oa-frailty-self-care-uk","Midfoot osteoarthritis and frailty: standing time in the kitchen (UK)","shared cluster: condition-specific|daily-living"
"local-wheelchair-service-arthritis-uk","wrist-hand-oa-frailty-self-care-uk","Local wheelchair services for frail adults with arthritis (UK)","shared cluster: daily-living"
"knee-oa-frailty-rising-from-low-sofa-uk","knee-oa-frailty-outdoor-pavements-uk","Knee osteoarthritis and frailty: rising from a low sofa (UK)","shared cluster: condition-specific|exercise-movement"
"sarcopenia-knee-oa-frailty-overlap-uk","knee-oa-frailty-outdoor-pavements-uk","Sarcopenia and knee osteoarthritis: the frailty overlap (UK)","shared cluster: condition-specific|exercise-movement"
"balance-painful-feet-frailty-arthritis-uk","knee-oa-frailty-outdoor-pavements-uk","Balance practice with painful arthritic feet (UK)","shared cluster: condition-specific|exercise-movement"
"chair-based-exercise-ra-frailty-uk","knee-oa-frailty-outdoor-pavements-uk","Chair-based exercise for rheumatoid arthritis and frailty (UK)","shared cluster: condition-specific|exercise-movement"
"big-toe-osteoarthritis-frailty-shoes-balance-uk","hip-oa-frailty-bed-mobility-uk","Big-toe osteoarthritis and frailty: shoes, push-off and balance (UK)","shared cluster: condition-specific"
"hip-oa-frailty-getting-into-car-uk","hip-oa-frailty-bed-mobility-uk","Hip osteoarthritis and frailty: getting into a car without a jolt (UK)","shared cluster: condition-specific"
"dosette-boxes-arthritis-frailty-hands-uk","hip-oa-frailty-bed-mobility-uk","Dosette boxes and blister packs when arthritis affects the hands (UK)","shared cluster: condition-specific|pain-management"
"compression-stockings-hand-oa-frailty-uk","hip-oa-frailty-bed-mobility-uk","Compression stockings when hand osteoarthritis is severe (UK)","shared cluster: condition-specific|pain-management"
"multimorbidity-arthritis-frailty-whole-picture-uk","rockwood-clinical-frailty-scale-arthritis-uk","Multimorbidity, arthritis and frailty: looking at the whole picture (UK)","shared cluster: daily-living"
"bone-protection-steroids-arthritis-frailty-uk","rockwood-clinical-frailty-scale-arthritis-uk","Bone protection on steroids when you also have arthritis and frailty (UK)","shared cluster: daily-living"
"covid-winter-arthritis-frailty-uk","rockwood-clinical-frailty-scale-arthritis-uk","Winter viruses, arthritis medicines and frailty (UK)","shared cluster: daily-living"
"comprehensive-geriatric-assessment-arthritis-uk","rockwood-clinical-frailty-scale-arthritis-uk","Comprehensive geriatric assessment in plain English if you have arthritis (UK)","shared cluster: daily-living"
"hospital-deconditioning-arthritis-stay-uk","fried-frailty-phenotype-painful-joints-uk","Hospital deconditioning when you live with arthritis (UK)","shared cluster: pain-management|daily-living"
"vision-falls-arthritis-frailty-uk","fried-frailty-phenotype-painful-joints-uk","Vision, falls and arthritis in frail adults (UK)","shared cluster: pain-management|daily-living"
"cognition-arthritis-frailty-remembering-tablets-uk","fried-frailty-phenotype-painful-joints-uk","Cognition, arthritis and remembering tablets (UK)","shared cluster: pain-management|daily-living"
"geriatric-clinic-plus-arthritis-uk","fried-frailty-phenotype-painful-joints-uk","Geriatric clinics that also take arthritis seriously (UK)","shared cluster: pain-management|daily-living"
"gout-winter-dehydration-frailty-uk","prefrailty-osteoarthritis-early-action-uk","Winter gout, dehydration and frailty (UK)","shared cluster: condition-specific|pain-management"
"psoriatic-arthritis-later-life-frailty-uk","prefrailty-osteoarthritis-early-action-uk","Psoriatic arthritis in later life: joints, skin and frailty (UK)","shared cluster: condition-specific|pain-management"
"dnacpr-conversations-arthritis-frailty-uk","prefrailty-osteoarthritis-early-action-uk","DNACPR conversations: arthritis, frailty and being heard (UK)","shared cluster: pain-management"
"cppd-pseudogout-frailty-sudden-hot-joint-uk","prefrailty-osteoarthritis-early-action-uk","CPPD (pseudogout) and frailty: a sudden hot joint in later life (UK)","shared cluster: condition-specific|pain-management"
"pmr-frailty-morning-stiffness-uk","flare-versus-frailty-arthritis-uk","Polymyalgia rheumatica and frailty: morning stiffness versus muscle loss (UK)","shared cluster: pain-management|daily-living"
"discharge-planning-arthritis-frailty-uk","flare-versus-frailty-arthritis-uk","Discharge planning when arthritis and frailty delayed recovery (UK)","shared cluster: daily-living"
"falls-response-service-arthritis-uk","flare-versus-frailty-arthritis-uk","Community falls response if you live with arthritis (UK)","shared cluster: daily-living"
"eye-clinic-day-arthritis-frailty-uk","flare-versus-frailty-arthritis-uk","Eye clinic days with arthritis and frailty (UK)","shared cluster: pain-management|daily-living"
"knee-oa-frailty-stairs-banisters-uk","deconditioning-after-arthritis-flare-uk","Knee osteoarthritis and frailty: stairs, banisters and rest stops (UK)","shared cluster: fatigue-management"
"bed-exercises-hospital-arthritis-frailty-uk","deconditioning-after-arthritis-flare-uk","Bed exercises during a hospital stay with arthritis (UK)","shared cluster: exercise-movement"
"chair-yoga-frailty-inflammatory-arthritis-uk","deconditioning-after-arthritis-flare-uk","Chair yoga for frailty and inflammatory arthritis (UK)","shared cluster: exercise-movement"
"exercise-for-energy-arthritis-fatigue","deconditioning-after-arthritis-flare-uk","Exercise for Energy: Why Movement Eases Arthritis Fatigue","shared cluster: fatigue-management|exercise-movement"
"pmr-frailty-morning-stiffness-uk","hospital-deconditioning-arthritis-stay-uk","Polymyalgia rheumatica and frailty: morning stiffness versus muscle loss (UK)","shared cluster: pain-management|daily-living"
"vision-falls-arthritis-frailty-uk","hospital-deconditioning-arthritis-stay-uk","Vision, falls and arthritis in frail adults (UK)","shared cluster: pain-management|daily-living"
"gp-home-visit-arthritis-frailty-uk","hospital-deconditioning-arthritis-stay-uk","Asking for a GP home visit if arthritis and frailty trap you indoors (UK)","shared cluster: daily-living|pain-management"
"geriatric-clinic-plus-arthritis-uk","hospital-deconditioning-arthritis-stay-uk","Geriatric clinics that also take arthritis seriously (UK)","shared cluster: pain-management|daily-living"
"rockwood-clinical-frailty-scale-arthritis-uk","multimorbidity-arthritis-frailty-whole-picture-uk","What the Rockwood Clinical Frailty Scale means if you also have arthritis (UK)","shared cluster: daily-living"
"flu-jab-arthritis-frailty-uk","multimorbidity-arthritis-frailty-whole-picture-uk","Flu vaccination, arthritis and frailty (UK)","shared cluster: daily-living"
"covid-winter-arthritis-frailty-uk","multimorbidity-arthritis-frailty-whole-picture-uk","Winter viruses, arthritis medicines and frailty (UK)","shared cluster: daily-living"
"frailty-older-people-arthritis-wales-uk","multimorbidity-arthritis-frailty-whole-picture-uk","Older people, arthritis and frailty services in Wales (UK)","shared cluster: daily-living"
"rockwood-clinical-frailty-scale-arthritis-uk","comprehensive-geriatric-assessment-arthritis-uk","What the Rockwood Clinical Frailty Scale means if you also have arthritis (UK)","shared cluster: daily-living"
"continence-night-trips-arthritis-frailty-uk","comprehensive-geriatric-assessment-arthritis-uk","Continence, night toilet trips and arthritis-related frailty (UK)","shared cluster: daily-living"
"uti-confusion-arthritis-frailty-uk","comprehensive-geriatric-assessment-arthritis-uk","UTIs, confusion and frailty in people with arthritis (UK)","shared cluster: daily-living"
"flare-versus-frailty-arthritis-uk","comprehensive-geriatric-assessment-arthritis-uk","Flare versus frailty: telling a bad joint week from a slower body (UK)","shared cluster: daily-living"
"rockwood-clinical-frailty-scale-arthritis-uk","nhs-frailty-pathway-arthritis-england","What the Rockwood Clinical Frailty Scale means if you also have arthritis (UK)","shared cluster: daily-living"
"continence-night-trips-arthritis-frailty-uk","nhs-frailty-pathway-arthritis-england","Continence, night toilet trips and arthritis-related frailty (UK)","shared cluster: daily-living"
"falls-response-service-arthritis-uk","nhs-frailty-pathway-arthritis-england","Community falls response if you live with arthritis (UK)","shared cluster: daily-living"
"comprehensive-geriatric-assessment-arthritis-uk","nhs-frailty-pathway-arthritis-england","Comprehensive geriatric assessment in plain English if you have arthritis (UK)","shared cluster: daily-living"
"discharge-planning-arthritis-frailty-uk","frailty-services-arthritis-scotland-uk","Discharge planning when arthritis and frailty delayed recovery (UK)","shared cluster: daily-living"
"intermediate-care-arthritis-frailty-uk","frailty-services-arthritis-scotland-uk","Intermediate care beds after arthritis-related deconditioning (UK)","shared cluster: daily-living"
"living-alone-falls-plan-arthritis-uk","frailty-services-arthritis-scotland-uk","A falls plan if you live alone with arthritis (UK)","shared cluster: daily-living"
"late-onset-ra-frailty-first-months-uk","frailty-services-arthritis-scotland-uk","Late-onset rheumatoid arthritis and frailty: the first months (UK)","shared cluster: daily-living"
"multimorbidity-arthritis-frailty-whole-picture-uk","frailty-older-people-arthritis-wales-uk","Multimorbidity, arthritis and frailty: looking at the whole picture (UK)","shared cluster: daily-living"
"community-matron-arthritis-frailty-uk","frailty-older-people-arthritis-wales-uk","Community matrons, arthritis and frailty (UK)","shared cluster: daily-living"
"diabetes-arthritis-frailty-feet-uk","frailty-older-people-arthritis-wales-uk","Diabetes, arthritis and frailty: feet at the centre (UK)","shared cluster: daily-living"
"rockwood-clinical-frailty-scale-arthritis-uk","frailty-older-people-arthritis-wales-uk","What the Rockwood Clinical Frailty Scale means if you also have arthritis (UK)","shared cluster: daily-living"
"fried-frailty-phenotype-painful-joints-uk","older-adults-arthritis-frailty-northern-ireland-uk","The Fried frailty phenotype when joints are painful (UK)","shared cluster: pain-management|daily-living"
"vision-falls-arthritis-frailty-uk","older-adults-arthritis-frailty-northern-ireland-uk","Vision, falls and arthritis in frail adults (UK)","shared cluster: pain-management|daily-living"
"gp-home-visit-arthritis-frailty-uk","older-adults-arthritis-frailty-northern-ireland-uk","Asking for a GP home visit if arthritis and frailty trap you indoors (UK)","shared cluster: daily-living|pain-management"
"post-op-constipation-arthritis-frailty-uk","older-adults-arthritis-frailty-northern-ireland-uk","Post-operative constipation, arthritis and frailty (UK)","shared cluster: pain-management|daily-living"
"hip-osteoarthritis-frailty-chair-rise-uk","sarcopenia-knee-oa-frailty-overlap-uk","Hip osteoarthritis and frailty: getting out of a chair more safely (UK)","shared cluster: condition-specific|exercise-movement"
"foot-ankle-osteoarthritis-frailty-indoor-walking-uk","sarcopenia-knee-oa-frailty-overlap-uk","Foot and ankle osteoarthritis and frailty: safer indoor walking (UK)","shared cluster: exercise-movement|condition-specific"
"injections-knee-frail-adults-uk","sarcopenia-knee-oa-frailty-overlap-uk","Knee injections in frail adults: questions worth asking (UK)","shared cluster: condition-specific|exercise-movement"
"swimming-frail-arthritis-changing-rooms-uk","sarcopenia-knee-oa-frailty-overlap-uk","Swimming with frail arthritis: the changing-room problem (UK)","shared cluster: exercise-movement"
"ra-fatigue-frailty-energy-envelope-uk","fear-of-falling-hip-oa-frailty-uk","RA fatigue and frailty: protecting your energy envelope (UK)","shared cluster: mental-health"
"family-meetings-arthritis-frailty-uk","fear-of-falling-hip-oa-frailty-uk","Family meetings about arthritis, frailty and staying at home (UK)","shared cluster: mental-health"
"mindfulness-pain-arthritis-frailty-uk","fear-of-falling-hip-oa-frailty-uk","Mindfulness for pain when arthritis and frailty overlap (UK)","shared cluster: mental-health"
"grief-and-loss-after-arthritis-diagnosis","fear-of-falling-hip-oa-frailty-uk","Grief and Loss After an Arthritis","shared cluster: mental-health|condition-specific"
"comprehensive-geriatric-assessment-arthritis-uk","falls-clinic-arthritis-what-to-expect-uk","Comprehensive geriatric assessment in plain English if you have arthritis (UK)","shared cluster: daily-living"
"continence-night-trips-arthritis-frailty-uk","falls-clinic-arthritis-what-to-expect-uk","Continence, night toilet trips and arthritis-related frailty (UK)","shared cluster: daily-living"
"podiatry-nails-diabetes-arthritis-uk","falls-clinic-arthritis-what-to-expect-uk","Nail care, diabetes and arthritis-related frailty (UK)","shared cluster: daily-living"
"nhs-frailty-pathway-arthritis-england","falls-clinic-arthritis-what-to-expect-uk","The NHS frailty pathway and arthritis in England","shared cluster: daily-living"
"deconditioning-after-arthritis-flare-uk","sit-to-stand-practice-frail-arthritis-uk","Deconditioning after an arthritis flare: getting moving again (UK)","shared cluster: exercise-movement"
"indoor-walking-frame-arthritis-frailty-uk","sit-to-stand-practice-frail-arthritis-uk","Indoor walking with a frame when arthritis and frailty overlap (UK)","shared cluster: exercise-movement|daily-living"
"bed-exercises-hospital-arthritis-frailty-uk","sit-to-stand-practice-frail-arthritis-uk","Bed exercises during a hospital stay with arthritis (UK)","shared cluster: exercise-movement"
"reablement-team-arthritis-home-practice-uk","sit-to-stand-practice-frail-arthritis-uk","Working with a reablement team when arthritis flares at home (UK)","shared cluster: daily-living|exercise-movement"
"community-physio-wait-frail-arthritis-uk","indoor-walking-frame-arthritis-frailty-uk","Community physiotherapy waits when you are frail with arthritis (UK)","shared cluster: exercise-movement|daily-living"
"copd-arthritis-frailty-breathlessness-uk","indoor-walking-frame-arthritis-frailty-uk","COPD, arthritis and frailty: breathlessness plus sore joints (UK)","shared cluster: daily-living|exercise-movement"
"reablement-team-arthritis-home-practice-uk","indoor-walking-frame-arthritis-frailty-uk","Working with a reablement team when arthritis flares at home (UK)","shared cluster: daily-living|exercise-movement"
"two-walking-aids-arthritis-frailty-uk","indoor-walking-frame-arthritis-frailty-uk","Two walking aids in the house: arthritis and frailty (UK)","shared cluster: exercise-movement|daily-living"
"foot-ankle-osteoarthritis-frailty-indoor-walking-uk","balance-painful-feet-frailty-arthritis-uk","Foot and ankle osteoarthritis and frailty: safer indoor walking (UK)","shared cluster: exercise-movement|condition-specific"
"knee-oa-frailty-outdoor-pavements-uk","balance-painful-feet-frailty-arthritis-uk","Knee osteoarthritis and frailty: pavements, kerbs and outdoor confidence (UK)","shared cluster: exercise-movement|condition-specific"
"seated-strength-frail-osteoarthritis-uk","balance-painful-feet-frailty-arthritis-uk","Seated strength training for frail adults with osteoarthritis (UK)","shared cluster: exercise-movement|condition-specific"
"community-strength-classes-frail-oa-uk","balance-painful-feet-frailty-arthritis-uk","Community strength classes for frail osteoarthritis (UK)","shared cluster: exercise-movement|condition-specific"
"fried-frailty-phenotype-painful-joints-uk","vision-falls-arthritis-frailty-uk","The Fried frailty phenotype when joints are painful (UK)","shared cluster: pain-management|daily-living"
"heatwave-arthritis-frailty-hydration-uk","vision-falls-arthritis-frailty-uk","Heatwaves, arthritis and frailty (UK)","shared cluster: pain-management|daily-living"
"paramedic-fall-lift-arthritis-uk","vision-falls-arthritis-frailty-uk","After paramedics lift you: arthritis pain and the next 48 hours (UK)","shared cluster: pain-management|daily-living"
"post-op-constipation-arthritis-frailty-uk","vision-falls-arthritis-frailty-uk","Post-operative constipation, arthritis and frailty (UK)","shared cluster: pain-management|daily-living"
"comprehensive-geriatric-assessment-arthritis-uk","continence-night-trips-arthritis-frailty-uk","Comprehensive geriatric assessment in plain English if you have arthritis (UK)","shared cluster: daily-living"
"skin-pressure-care-arthritis-frailty-uk","continence-night-trips-arthritis-frailty-uk","Skin and pressure care if arthritis keeps you sitting (UK)","shared cluster: daily-living"
"podiatry-nails-diabetes-arthritis-uk","continence-night-trips-arthritis-frailty-uk","Nail care, diabetes and arthritis-related frailty (UK)","shared cluster: daily-living"
"nhs-frailty-pathway-arthritis-england","continence-night-trips-arthritis-frailty-uk","The NHS frailty pathway and arthritis in England","shared cluster: daily-living"
"pip-arthritis-frailty-honest-uk","night-lights-arthritis-falls-frailty-uk","PIP, arthritis and frailty: an honest UK overview","shared cluster: pain-management"
"heat-packs-frail-arthritis-uk","night-lights-arthritis-falls-frailty-uk","Heat packs for frail adults with arthritis: safe use (UK)","shared cluster: pain-management"
"day-centres-arthritis-frailty-uk","night-lights-arthritis-falls-frailty-uk","Day centres for people with arthritis and frailty (UK)","shared cluster: pain-management"
"repeat-prescriptions-arthritis-frailty-uk","night-lights-arthritis-falls-frailty-uk","Repeat prescriptions when leaving the house is the hard part (UK)","shared cluster: pain-management"
"pmr-steroid-taper-frailty-weakness-uk","seated-strength-frail-osteoarthritis-uk","PMR steroid tapering and frailty: rebuilding strength slowly (UK)","shared cluster: exercise-movement"
"knee-oa-frailty-outdoor-pavements-uk","seated-strength-frail-osteoarthritis-uk","Knee osteoarthritis and frailty: pavements, kerbs and outdoor confidence (UK)","shared cluster: exercise-movement|condition-specific"
"chair-based-exercise-ra-frailty-uk","seated-strength-frail-osteoarthritis-uk","Chair-based exercise for rheumatoid arthritis and frailty (UK)","shared cluster: condition-specific|exercise-movement"
"community-strength-classes-frail-oa-uk","seated-strength-frail-osteoarthritis-uk","Community strength classes for frail osteoarthritis (UK)","shared cluster: exercise-movement|condition-specific"
"pmr-steroid-taper-frailty-weakness-uk","chair-based-exercise-ra-frailty-uk","PMR steroid tapering and frailty: rebuilding strength slowly (UK)","shared cluster: exercise-movement"
"balance-painful-feet-frailty-arthritis-uk","chair-based-exercise-ra-frailty-uk","Balance practice with painful arthritic feet (UK)","shared cluster: condition-specific|exercise-movement"
"seated-strength-frail-osteoarthritis-uk","chair-based-exercise-ra-frailty-uk","Seated strength training for frail adults with osteoarthritis (UK)","shared cluster: exercise-movement|condition-specific"
"community-strength-classes-frail-oa-uk","chair-based-exercise-ra-frailty-uk","Community strength classes for frail osteoarthritis (UK)","shared cluster: exercise-movement|condition-specific"
"hydrotherapy-frail-arthritis-uk","tai-chi-balance-arthritis-frailty-uk","Hydrotherapy for frail adults with arthritis (UK)","shared cluster: exercise-movement|pain-management"
"slow-walking-groups-arthritis-frailty-uk","tai-chi-balance-arthritis-frailty-uk","Slow walking groups for arthritis and frailty (UK)","shared cluster: exercise-movement|pain-management"
"chair-yoga-frailty-inflammatory-arthritis-uk","tai-chi-balance-arthritis-frailty-uk","Chair yoga for frailty and inflammatory arthritis (UK)","shared cluster: exercise-movement"
"prehabilitation-frail-arthritis-before-surgery-uk","tai-chi-balance-arthritis-frailty-uk","Prehabilitation for frail adults with arthritis facing surgery (UK)","shared cluster: exercise-movement"
"tai-chi-balance-arthritis-frailty-uk","hydrotherapy-frail-arthritis-uk","Tai Chi for balance when arthritis and frailty overlap (UK)","shared cluster: exercise-movement|pain-management"
"slow-walking-groups-arthritis-frailty-uk","hydrotherapy-frail-arthritis-uk","Slow walking groups for arthritis and frailty (UK)","shared cluster: exercise-movement|pain-management"
"prehabilitation-frail-arthritis-before-surgery-uk","hydrotherapy-frail-arthritis-uk","Prehabilitation for frail adults with arthritis facing surgery (UK)","shared cluster: exercise-movement"
"walking-sport-too-much-frail-arthritis-uk","hydrotherapy-frail-arthritis-uk","When walking sport is too much: frail arthritis alternatives (UK)","shared cluster: exercise-movement|pain-management"
"indoor-walking-frame-arthritis-frailty-uk","community-physio-wait-frail-arthritis-uk","Indoor walking with a frame when arthritis and frailty overlap (UK)","shared cluster: exercise-movement|daily-living"
"nsaids-kidneys-heart-frail-arthritis-uk","community-physio-wait-frail-arthritis-uk","NSAIDs, kidneys and heart problems in frail arthritis (UK)","shared cluster: daily-living"
"blood-pressure-tablets-falls-arthritis-uk","community-physio-wait-frail-arthritis-uk","Blood pressure tablets, standing up and arthritic joints (UK)","shared cluster: daily-living"
"anaesthetic-risk-arthritis-frailty-uk","community-physio-wait-frail-arthritis-uk","Anaesthetic conversations for frail adults with arthritis (UK)","shared cluster: daily-living"
"tai-chi-balance-arthritis-frailty-uk","slow-walking-groups-arthritis-frailty-uk","Tai Chi for balance when arthritis and frailty overlap (UK)","shared cluster: exercise-movement|pain-management"
"hydrotherapy-frail-arthritis-uk","slow-walking-groups-arthritis-frailty-uk","Hydrotherapy for frail adults with arthritis (UK)","shared cluster: exercise-movement|pain-management"
"lymphoedema-arthritis-frailty-uk","slow-walking-groups-arthritis-frailty-uk","Lymphoedema, arthritis and frailty: heavy limbs (UK)","shared cluster: exercise-movement|pain-management"
"walking-sport-too-much-frail-arthritis-uk","slow-walking-groups-arthritis-frailty-uk","When walking sport is too much: frail arthritis alternatives (UK)","shared cluster: exercise-movement|pain-management"
"hip-and-knee-oa-frailty-transfers-uk","resistance-bands-seated-frail-oa-uk","Hip and knee osteoarthritis together: frailty-friendly transfers (UK)","shared cluster: condition-specific|exercise-movement"
"spinal-stenosis-oa-frailty-walking-stops-uk","resistance-bands-seated-frail-oa-uk","Spinal stenosis, osteoarthritis and frailty: walking with planned stops (UK)","shared cluster: exercise-movement|condition-specific"
"seated-strength-frail-osteoarthritis-uk","resistance-bands-seated-frail-oa-uk","Seated strength training for frail adults with osteoarthritis (UK)","shared cluster: exercise-movement|condition-specific"
"static-bike-frail-osteoarthritis-uk","resistance-bands-seated-frail-oa-uk","Static bikes for frail osteoarthritis (UK)","shared cluster: condition-specific|exercise-movement"
"deconditioning-after-arthritis-flare-uk","bed-exercises-hospital-arthritis-frailty-uk","Deconditioning after an arthritis flare: getting moving again (UK)","shared cluster: exercise-movement"
"hospital-stay-arthritis-frailty-what-to-pack-uk","bed-exercises-hospital-arthritis-frailty-uk","Hospital stays with arthritis and frailty: what to pack and ask (UK)","shared cluster: exercise-movement"
"chair-yoga-frailty-inflammatory-arthritis-uk","bed-exercises-hospital-arthritis-frailty-uk","Chair yoga for frailty and inflammatory arthritis (UK)","shared cluster: exercise-movement"
"knee-osteoarthritis-frailty-staying-steady-home-uk","bed-exercises-hospital-arthritis-frailty-uk","Knee osteoarthritis and frailty: staying steady at home (UK)","shared cluster: exercise-movement"
"wet-rooms-arthritis-frailty-washing-uk","reablement-after-discharge-arthritis-uk","Wet rooms and arthritis: washing when you are frail (UK)","shared cluster: pain-management|daily-living"
"social-care-needs-assessment-arthritis-uk","reablement-after-discharge-arthritis-uk","Social care needs assessments for arthritis and frailty (UK)","shared cluster: pain-management|daily-living"
"hospital-appointments-frailty-arthritis-uk","reablement-after-discharge-arthritis-uk","Hospital appointments when frailty and arthritis make the day huge (UK)","shared cluster: pain-management|daily-living"
"wheelchair-for-distance-arthritis-frailty-uk","reablement-after-discharge-arthritis-uk","A wheelchair for distance, not for giving up: arthritis and frailty (UK)","shared cluster: pain-management|daily-living"
"blue-badge-frailty-arthritis-uk","walking-stick-vs-frame-arthritis-frailty-uk","Blue Badge, frailty and arthritis: walking distance in real life (UK)","shared cluster: exercise-movement"
"pets-arthritis-frailty-walking-dogs-uk","walking-stick-vs-frame-arthritis-frailty-uk","Pets, dog walking and frailty if you have arthritis (UK)","shared cluster: exercise-movement"
"two-walking-aids-arthritis-frailty-uk","walking-stick-vs-frame-arthritis-frailty-uk","Two walking aids in the house: arthritis and frailty (UK)","shared cluster: exercise-movement"
"indoor-walking-frame-arthritis-frailty-uk","walking-stick-vs-frame-arthritis-frailty-uk","Indoor walking with a frame when arthritis and frailty overlap (UK)","shared cluster: exercise-movement"
"vitamin-d-winter-arthritis-frailty-uk","protein-painful-joints-frailty-uk","Vitamin D in winter: arthritis, bone and frailty (UK)","shared cluster: nutrition"
"meal-times-care-home-arthritis-uk","protein-painful-joints-frailty-uk","Meal times in a care home when arthritis makes eating slow (UK)","shared cluster: nutrition|pain-management"
"vitamin-d-and-falls-arthritis-uk","protein-painful-joints-frailty-uk","Vitamin D, falls conversations and arthritis (UK)","shared cluster: nutrition|pain-management"
"calcium-foods-arthritis-frailty-uk","protein-painful-joints-frailty-uk","Calcium-rich foods when arthritis and frailty share the plate (UK)","shared cluster: nutrition|pain-management"
"heart-failure-arthritis-frailty-overlap-uk","mediterranean-eating-frail-osteoarthritis-uk","Heart failure, arthritis and frailty: pacing two conditions (UK)","shared cluster: fatigue-management"
"oily-fish-arthritis-frailty-simple-meals-uk","mediterranean-eating-frail-osteoarthritis-uk","Oily fish, arthritis and frailty: simple meals (UK)","shared cluster: fatigue-management"
"soft-foods-jaw-arthritis-frailty-uk","mediterranean-eating-frail-osteoarthritis-uk","Jaw arthritis, frailty and softer meals (UK)","shared cluster: nutrition"
"meal-delivery-arthritis-frailty-uk","mediterranean-eating-frail-osteoarthritis-uk","Meal delivery services when arthritis and frailty shrink cooking (UK)","shared cluster: nutrition"
"kitchen-adaptations-arthritis-frailty-uk","vitamin-d-winter-arthritis-frailty-uk","Kitchen adaptations when arthritis and frailty share the house (UK)","shared cluster: nutrition"
"vitamin-d-and-falls-arthritis-uk","vitamin-d-winter-arthritis-frailty-uk","Vitamin D, falls conversations and arthritis (UK)","shared cluster: nutrition"
"shopping-online-arthritis-frailty-uk","vitamin-d-winter-arthritis-frailty-uk","Online food shops for frail adults with arthritis (UK)","shared cluster: nutrition"
"protein-painful-joints-frailty-uk","vitamin-d-winter-arthritis-frailty-uk","Protein, painful joints and frailty (UK)","shared cluster: nutrition"
"calcium-foods-arthritis-frailty-uk","appetite-loss-arthritis-frailty-uk","Calcium-rich foods when arthritis and frailty share the plate (UK)","shared cluster: pain-management"
"swelling-legs-arthritis-frailty-uk","appetite-loss-arthritis-frailty-uk","Leg swelling, arthritis and frailty (UK)","shared cluster: pain-management"
"talking-therapies-pain-older-arthritis-uk","appetite-loss-arthritis-frailty-uk","Talking therapies for pain in older adults with arthritis (UK)","shared cluster: mental-health|pain-management"
"vitamin-d-and-falls-arthritis-uk","appetite-loss-arthritis-frailty-uk","Vitamin D, falls conversations and arthritis (UK)","shared cluster: pain-management"
"wrist-osteoarthritis-frailty-walking-aids-uk","cooking-with-hand-oa-frailty-uk","Wrist osteoarthritis and frailty: choosing a walking aid that does not hurt (UK)","shared cluster: daily-living|condition-specific"
"hand-oa-frailty-opening-packaging-uk","cooking-with-hand-oa-frailty-uk","Hand osteoarthritis and frailty: opening packaging without giving up cooking (UK)","shared cluster: condition-specific|daily-living"
"sofa-height-arthritis-frailty-uk","cooking-with-hand-oa-frailty-uk","Sofa height, osteoarthritis and frailty (UK)","shared cluster: daily-living|condition-specific"
"hand-osteoarthritis-frailty-dressing-cooking-uk","cooking-with-hand-oa-frailty-uk","Hand osteoarthritis and frailty: dressing, cooking and grip (UK)","shared cluster: daily-living|condition-specific"
"protein-painful-joints-frailty-uk","meal-times-care-home-arthritis-uk","Protein, painful joints and frailty (UK)","shared cluster: nutrition|pain-management"
"speech-swallowing-meals-arthritis-frailty-uk","meal-times-care-home-arthritis-uk","Slow meals, sore hands and frailty: keeping eating safe (UK)","shared cluster: nutrition"
"soft-foods-jaw-arthritis-frailty-uk","meal-times-care-home-arthritis-uk","Jaw arthritis, frailty and softer meals (UK)","shared cluster: nutrition"
"oily-fish-arthritis-frailty-simple-meals-uk","meal-times-care-home-arthritis-uk","Oily fish, arthritis and frailty: simple meals (UK)","shared cluster: pain-management"
"late-onset-ra-frailty-first-months-uk","hydration-gout-frailty-older-adults-uk","Late-onset rheumatoid arthritis and frailty: the first months (UK)","shared cluster: condition-specific|daily-living"
"osteoporosis-arthritis-frailty-bone-joint-uk","hydration-gout-frailty-older-adults-uk","Osteoporosis, arthritis and frailty: protecting bone and joint together (UK)","shared cluster: condition-specific|daily-living"
"shopping-online-arthritis-frailty-uk","hydration-gout-frailty-older-adults-uk","Online food shops for frail adults with arthritis (UK)","shared cluster: daily-living"
"preventing-falls-guide-frail-adults","hydration-gout-frailty-older-adults-uk","Preventing Falls: A Guide for Frail and At-Risk Adults","shared cluster: daily-living"
"gp-frailty-register-arthritis-uk","constipation-pain-medicines-frailty-arthritis-uk","GP frailty registers if you also live with arthritis (UK)","shared cluster: pain-management"
"delirium-hospital-arthritis-frailty-uk","constipation-pain-medicines-frailty-arthritis-uk","Delirium in hospital when you also have arthritis (UK)","shared cluster: pain-management"
"dnacpr-conversations-arthritis-frailty-uk","constipation-pain-medicines-frailty-arthritis-uk","DNACPR conversations: arthritis, frailty and being heard (UK)","shared cluster: pain-management"
"gout-winter-dehydration-frailty-uk","constipation-pain-medicines-frailty-arthritis-uk","Winter gout, dehydration and frailty (UK)","shared cluster: pain-management"
"anticholinergic-load-arthritis-frailty-uk","polypharmacy-arthritis-frailty-review-uk","Anticholinergic load, arthritis medicines and frailty (UK)","shared cluster: daily-living"
"joint-replacement-decision-frailty-uk","polypharmacy-arthritis-frailty-review-uk","Joint replacement decisions when frailty is already present (UK)","shared cluster: daily-living"
"ra-monitoring-older-frail-adults-uk","polypharmacy-arthritis-frailty-review-uk","Blood monitoring for RA in older frail adults (UK)","shared cluster: daily-living"
"post-hip-replacement-frailty-home-uk","polypharmacy-arthritis-frailty-review-uk","After hip replacement: coming home frail (UK)","shared cluster: daily-living"
"codeine-drowsiness-falls-arthritis-uk","painkillers-older-adults-arthritis-caution-uk","Codeine, drowsiness and falls when you have arthritis (UK)","shared cluster: pain-management"
"paracetamol-older-frail-arthritis-uk","painkillers-older-adults-arthritis-caution-uk","Paracetamol for frail older adults with arthritis: what to check (UK)","shared cluster: pain-management"
"pharmacist-medication-review-frail-arthritis-uk","painkillers-older-adults-arthritis-caution-uk","Pharmacist medication reviews for frail adults with arthritis (UK)","shared cluster: medication-safety|pain-management"
"ckd-nsaids-arthritis-frailty-uk","painkillers-older-adults-arthritis-caution-uk","Kidney disease, NSAIDs and frail arthritis (UK)","shared cluster: medication-safety|pain-management"
"topical-nsaids-frail-hand-knee-oa-uk","nsaids-kidneys-heart-frail-arthritis-uk","Topical NSAIDs for frail adults with hand or knee osteoarthritis (UK)","shared cluster: medication-safety"
"steroid-emergency-card-frail-arthritis-uk","nsaids-kidneys-heart-frail-arthritis-uk","Steroid emergency cards when arthritis treatment meets frailty (UK)","shared cluster: daily-living"
"community-physio-wait-frail-arthritis-uk","nsaids-kidneys-heart-frail-arthritis-uk","Community physiotherapy waits when you are frail with arthritis (UK)","shared cluster: daily-living"
"pharmacist-medication-review-frail-arthritis-uk","nsaids-kidneys-heart-frail-arthritis-uk","Pharmacist medication reviews for frail adults with arthritis (UK)","shared cluster: medication-safety"
"painkillers-older-adults-arthritis-caution-uk","codeine-drowsiness-falls-arthritis-uk","Painkillers in older adults with arthritis: caution, not dosing (UK)","shared cluster: pain-management"
"ckd-nsaids-arthritis-frailty-uk","codeine-drowsiness-falls-arthritis-uk","Kidney disease, NSAIDs and frail arthritis (UK)","shared cluster: pain-management"
"sleep-apnoea-arthritis-frailty-uk","codeine-drowsiness-falls-arthritis-uk","Sleep apnoea, arthritis and daytime frailty (UK)","shared cluster: fatigue-management|pain-management"
"ra-steroids-frailty-infection-watch-uk","codeine-drowsiness-falls-arthritis-uk","Steroids, rheumatoid arthritis and frailty: watching for infection (UK)","shared cluster: pain-management"
"paracetamol-older-frail-arthritis-uk","gabapentinoids-unsteadiness-arthritis-frailty-uk","Paracetamol for frail older adults with arthritis: what to check (UK)","shared cluster: pain-management"
"pain-clinic-older-frail-arthritis-uk","gabapentinoids-unsteadiness-arthritis-frailty-uk","Pain clinics for older frail adults with arthritis (UK)","shared cluster: pain-management"
"tens-machine-older-frail-arthritis-uk","gabapentinoids-unsteadiness-arthritis-frailty-uk","TENS machines for older frail adults with arthritis (UK)","shared cluster: pain-management"
"ra-steroids-frailty-infection-watch-uk","gabapentinoids-unsteadiness-arthritis-frailty-uk","Steroids, rheumatoid arthritis and frailty: watching for infection (UK)","shared cluster: pain-management"
"nsaids-kidneys-heart-frail-arthritis-uk","topical-nsaids-frail-hand-knee-oa-uk","NSAIDs, kidneys and heart problems in frail arthritis (UK)","shared cluster: medication-safety"
"methotrexate-older-frail-adults-uk","topical-nsaids-frail-hand-knee-oa-uk","Methotrexate in older frail adults with rheumatoid arthritis (UK)","shared cluster: medication-safety|condition-specific"
"orthotics-insoles-arthritis-frailty-uk","topical-nsaids-frail-hand-knee-oa-uk","Insoles and orthotics for frail adults with arthritis (UK)","shared cluster: condition-specific"
"topical-nsaids-often-overlooked-often-effective","topical-nsaids-frail-hand-knee-oa-uk","Topical NSAIDs: Often Overlooked, Often Effective","shared cluster: medication-safety"
"gabapentinoids-unsteadiness-arthritis-frailty-uk","paracetamol-older-frail-arthritis-uk","Gabapentinoids, unsteadiness and arthritis in later life (UK)","shared cluster: pain-management"
"pain-clinic-older-frail-arthritis-uk","paracetamol-older-frail-arthritis-uk","Pain clinics for older frail adults with arthritis (UK)","shared cluster: pain-management"
"tens-machine-older-frail-arthritis-uk","paracetamol-older-frail-arthritis-uk","TENS machines for older frail adults with arthritis (UK)","shared cluster: pain-management"
"ra-steroids-frailty-infection-watch-uk","paracetamol-older-frail-arthritis-uk","Steroids, rheumatoid arthritis and frailty: watching for infection (UK)","shared cluster: pain-management"
"nsaids-kidneys-heart-frail-arthritis-uk","steroid-emergency-card-frail-arthritis-uk","NSAIDs, kidneys and heart problems in frail arthritis (UK)","shared cluster: daily-living"
"sleeping-tablets-falls-arthritis-frailty-uk","steroid-emergency-card-frail-arthritis-uk","Sleeping tablets, night falls and arthritis (UK)","shared cluster: daily-living"
"expert-qa-are-steroid-tapers-always-necessary","steroid-emergency-card-frail-arthritis-uk","Expert Q&A: Are Steroid Tapers Always Necessary?","shared cluster: daily-living"
"community-physio-wait-frail-arthritis-uk","steroid-emergency-card-frail-arthritis-uk","Community physiotherapy waits when you are frail with arthritis (UK)","shared cluster: daily-living"
"topical-nsaids-frail-hand-knee-oa-uk","methotrexate-older-frail-adults-uk","Topical NSAIDs for frail adults with hand or knee osteoarthritis (UK)","shared cluster: medication-safety|condition-specific"
"hand-therapy-frail-ra-uk","methotrexate-older-frail-adults-uk","Hand therapy for frail adults with rheumatoid arthritis (UK)","shared cluster: condition-specific"
"inflammatory-arthritis-guide","methotrexate-older-frail-adults-uk","Inflammatory Arthritis: Types, Causes and Treatment","shared cluster: condition-specific|medication-safety"
"multimorbidity-arthritis-frailty-whole-picture-uk","bone-protection-steroids-arthritis-frailty-uk","Multimorbidity, arthritis and frailty: looking at the whole picture (UK)","shared cluster: daily-living"
"flu-jab-arthritis-frailty-uk","bone-protection-steroids-arthritis-frailty-uk","Flu vaccination, arthritis and frailty (UK)","shared cluster: daily-living"
"diabetes-arthritis-frailty-feet-uk","bone-protection-steroids-arthritis-frailty-uk","Diabetes, arthritis and frailty: feet at the centre (UK)","shared cluster: daily-living"
"rockwood-clinical-frailty-scale-arthritis-uk","bone-protection-steroids-arthritis-frailty-uk","What the Rockwood Clinical Frailty Scale means if you also have arthritis (UK)","shared cluster: daily-living"
"painkillers-older-adults-arthritis-caution-uk","pharmacist-medication-review-frail-arthritis-uk","Painkillers in older adults with arthritis: caution, not dosing (UK)","shared cluster: medication-safety|pain-management"
"paracetamol-older-frail-arthritis-uk","pharmacist-medication-review-frail-arthritis-uk","Paracetamol for frail older adults with arthritis: what to check (UK)","shared cluster: pain-management"
"ckd-nsaids-arthritis-frailty-uk","pharmacist-medication-review-frail-arthritis-uk","Kidney disease, NSAIDs and frail arthritis (UK)","shared cluster: medication-safety|pain-management"
"arthritis-pain-relief-natural","pharmacist-medication-review-frail-arthritis-uk","Natural Pain Relief for Arthritis – Home Remedies UK","shared cluster: medication-safety|pain-management"
"elbow-osteoarthritis-frailty-kitchen-tasks-uk","dosette-boxes-arthritis-frailty-hands-uk","Elbow osteoarthritis and frailty: kitchen tasks without a flare spiral (UK)","shared cluster: pain-management|condition-specific"
"ra-frailty-older-adults-daily-rhythm-uk","dosette-boxes-arthritis-frailty-hands-uk","Rheumatoid arthritis and frailty in older adults: a gentler daily rhythm (UK)","shared cluster: pain-management|condition-specific"
"hip-oa-frailty-bed-mobility-uk","dosette-boxes-arthritis-frailty-hands-uk","Hip osteoarthritis and frailty: turning in bed and getting up (UK)","shared cluster: condition-specific|pain-management"
"compression-stockings-hand-oa-frailty-uk","dosette-boxes-arthritis-frailty-hands-uk","Compression stockings when hand osteoarthritis is severe (UK)","shared cluster: condition-specific|pain-management"
"ot-assessment-arthritis-frailty-uk","grab-rails-arthritis-frailty-home-uk","Occupational therapy assessment for arthritis and frailty (UK)","shared cluster: daily-living"
"pacing-housework-arthritis-frailty-uk","grab-rails-arthritis-frailty-home-uk","Pacing housework when arthritis and frailty share the chores (UK)","shared cluster: daily-living"
"evening-routine-arthritis-frailty-uk","grab-rails-arthritis-frailty-home-uk","Evening routines for arthritis and frailty (UK)","shared cluster: daily-living"
"local-wheelchair-service-arthritis-uk","grab-rails-arthritis-frailty-home-uk","Local wheelchair services for frail adults with arthritis (UK)","shared cluster: daily-living"
"pip-arthritis-frailty-honest-uk","stairlifts-arthritis-frailty-uk-home","PIP, arthritis and frailty: an honest UK overview","shared cluster: pain-management"
"direct-payments-arthritis-frailty-uk","stairlifts-arthritis-frailty-uk-home","Direct Payments for care when arthritis and frailty overlap (UK)","shared cluster: pain-management|daily-living"
"extra-care-housing-arthritis-frailty-uk","stairlifts-arthritis-frailty-uk-home","Extra-care housing, arthritis and frailty (UK)","shared cluster: pain-management|daily-living"
"garden-raised-beds-arthritis-frailty-uk","stairlifts-arthritis-frailty-uk-home","Raised beds and perch seating for frail gardeners with arthritis (UK)","shared cluster: pain-management|daily-living"
"reablement-after-discharge-arthritis-uk","wet-rooms-arthritis-frailty-washing-uk","Reablement after hospital if arthritis slowed the admission (UK)","shared cluster: daily-living|pain-management"
"social-care-needs-assessment-arthritis-uk","wet-rooms-arthritis-frailty-washing-uk","Social care needs assessments for arthritis and frailty (UK)","shared cluster: pain-management|daily-living"
"bed-lever-arthritis-frailty-uk","wet-rooms-arthritis-frailty-washing-uk","Bed levers and arthritis: turning without hauling on a partner (UK)","shared cluster: daily-living"
"transfer-board-arthritis-frailty-uk","wet-rooms-arthritis-frailty-washing-uk","Transfer boards for frail adults with arthritis (UK)","shared cluster: pain-management|daily-living"
"high-rise-flat-arthritis-frailty-lifts-uk","rise-recline-chair-arthritis-frailty-uk","High-rise flats, lifts and arthritis-related frailty (UK)","shared cluster: daily-living"
"commode-night-arthritis-frailty-uk","rise-recline-chair-arthritis-frailty-uk","Commodes at night for arthritis and frailty (UK)","shared cluster: daily-living"
"smart-speakers-arthritis-frailty-uk","rise-recline-chair-arthritis-frailty-uk","Smart speakers for frail adults with arthritis (UK)","shared cluster: daily-living"
"volunteering-seated-arthritis-frailty-uk","rise-recline-chair-arthritis-frailty-uk","Seated volunteering with arthritis and frailty (UK)","shared cluster: daily-living"
"protein-painful-joints-frailty-uk","kitchen-adaptations-arthritis-frailty-uk","Protein, painful joints and frailty (UK)","shared cluster: nutrition"
"vitamin-d-winter-arthritis-frailty-uk","kitchen-adaptations-arthritis-frailty-uk","Vitamin D in winter: arthritis, bone and frailty (UK)","shared cluster: nutrition"
"shopping-online-arthritis-frailty-uk","kitchen-adaptations-arthritis-frailty-uk","Online food shops for frail adults with arthritis (UK)","shared cluster: nutrition"
"widowhood-meals-arthritis-frailty-uk","kitchen-adaptations-arthritis-frailty-uk","Cooking for one after loss when arthritis and frailty remain (UK)","shared cluster: nutrition"
"grab-rails-arthritis-frailty-home-uk","ot-assessment-arthritis-frailty-uk","Grab rails at home: arthritis, frailty and safer rooms (UK)","shared cluster: daily-living"
"pacing-housework-arthritis-frailty-uk","ot-assessment-arthritis-frailty-uk","Pacing housework when arthritis and frailty share the chores (UK)","shared cluster: daily-living"
"social-prescribing-arthritis-frailty-uk","ot-assessment-arthritis-frailty-uk","Social prescribing for arthritis and frailty (UK)","shared cluster: daily-living"
"carers-assessment-arthritis-frailty-uk","ot-assessment-arthritis-frailty-uk","Carer's assessments when arthritis and frailty share a home (UK)","shared cluster: daily-living"
"reablement-after-discharge-arthritis-uk","disabled-facilities-grant-arthritis-frailty-uk","Reablement after hospital if arthritis slowed the admission (UK)","shared cluster: daily-living|pain-management"
"rural-living-arthritis-frailty-uk","disabled-facilities-grant-arthritis-frailty-uk","Rural living with arthritis and frailty (UK)","shared cluster: pain-management|daily-living"
"ice-snow-arthritis-frailty-uk","disabled-facilities-grant-arthritis-frailty-uk","Ice, snow, arthritis and frailty (UK)","shared cluster: pain-management|daily-living"
"transfer-board-arthritis-frailty-uk","disabled-facilities-grant-arthritis-frailty-uk","Transfer boards for frail adults with arthritis (UK)","shared cluster: pain-management|daily-living"
"pets-arthritis-frailty-walking-dogs-uk","care-home-life-arthritis-pain-frailty-uk","Pets, dog walking and frailty if you have arthritis (UK)","shared cluster: exercise-movement"
"nursing-home-arthritis-pain-review-uk","care-home-life-arthritis-pain-frailty-uk","Nursing homes and arthritis: asking for a pain and movement review (UK)","shared cluster: pain-management|exercise-movement"
"carers-how-to-help-without-taking-over-uk","care-home-life-arthritis-pain-frailty-uk","How carers can help with arthritis and frailty without taking over (UK)","shared cluster: pain-management"
"hospital-parking-walking-frail-arthritis-uk","care-home-life-arthritis-pain-frailty-uk","Hospital parking, walking distance and frail arthritis (UK)","shared cluster: exercise-movement|pain-management"
"inflammatory-arthritis-frailty-flare-week-uk","sheltered-housing-arthritis-frailty-uk","Inflammatory arthritis and frailty: surviving a flare week (UK)","shared cluster: pain-management"
"rural-living-arthritis-frailty-uk","sheltered-housing-arthritis-frailty-uk","Rural living with arthritis and frailty (UK)","shared cluster: pain-management|daily-living"
"extra-care-housing-arthritis-frailty-uk","sheltered-housing-arthritis-frailty-uk","Extra-care housing, arthritis and frailty (UK)","shared cluster: pain-management|daily-living"
"social-prescribing-arthritis-frailty-uk","sheltered-housing-arthritis-frailty-uk","Social prescribing for arthritis and frailty (UK)","shared cluster: daily-living"
"night-lights-arthritis-falls-frailty-uk","pip-arthritis-frailty-honest-uk","Night lights, joint stiffness and frailty (UK)","shared cluster: pain-management"
"heat-packs-frail-arthritis-uk","pip-arthritis-frailty-honest-uk","Heat packs for frail adults with arthritis: safe use (UK)","shared cluster: pain-management"
"pressure-cushion-arthritis-frailty-uk","pip-arthritis-frailty-honest-uk","Pressure cushions when arthritis keeps you sitting (UK)","shared cluster: pain-management"
"hip-oa-frailty-bed-mobility-uk","pip-arthritis-frailty-honest-uk","Hip osteoarthritis and frailty: turning in bed and getting up (UK)","shared cluster: pain-management"
"libraries-arthritis-frailty-getting-out-uk","attendance-allowance-arthritis-frailty-uk","Libraries as a gentle outing with arthritis and frailty (UK)","shared cluster: daily-living"
"occupational-therapist-kitchen-visit-frailty-uk","attendance-allowance-arthritis-frailty-uk","An OT kitchen visit for frail arthritis (UK)","shared cluster: daily-living"
"evening-routine-arthritis-frailty-uk","attendance-allowance-arthritis-frailty-uk","Evening routines for arthritis and frailty (UK)","shared cluster: daily-living"
"hand-osteoarthritis-frailty-dressing-cooking-uk","attendance-allowance-arthritis-frailty-uk","Hand osteoarthritis and frailty: dressing, cooking and grip (UK)","shared cluster: daily-living"
"grab-rails-arthritis-frailty-home-uk","carers-assessment-arthritis-frailty-uk","Grab rails at home: arthritis, frailty and safer rooms (UK)","shared cluster: daily-living"
"ot-assessment-arthritis-frailty-uk","carers-assessment-arthritis-frailty-uk","Occupational therapy assessment for arthritis and frailty (UK)","shared cluster: daily-living"
"respite-care-arthritis-frailty-carers-uk","carers-assessment-arthritis-frailty-uk","Respite care for families living with arthritis and frailty (UK)","shared cluster: caregiver-support|daily-living"
"reablement-after-discharge-arthritis-uk","carers-assessment-arthritis-frailty-uk","Reablement after hospital if arthritis slowed the admission (UK)","shared cluster: daily-living"
"walking-stick-vs-frame-arthritis-frailty-uk","blue-badge-frailty-arthritis-uk","Walking stick versus frame: arthritis, wrists and frailty (UK)","shared cluster: exercise-movement"
"pets-arthritis-frailty-walking-dogs-uk","blue-badge-frailty-arthritis-uk","Pets, dog walking and frailty if you have arthritis (UK)","shared cluster: exercise-movement"
"hospital-parking-walking-frail-arthritis-uk","blue-badge-frailty-arthritis-uk","Hospital parking, walking distance and frail arthritis (UK)","shared cluster: exercise-movement"
"two-walking-aids-arthritis-frailty-uk","blue-badge-frailty-arthritis-uk","Two walking aids in the house: arthritis and frailty (UK)","shared cluster: exercise-movement"
"reablement-after-discharge-arthritis-uk","social-care-needs-assessment-arthritis-uk","Reablement after hospital if arthritis slowed the admission (UK)","shared cluster: daily-living|pain-management"
"rural-living-arthritis-frailty-uk","social-care-needs-assessment-arthritis-uk","Rural living with arthritis and frailty (UK)","shared cluster: pain-management|daily-living"
"ice-snow-arthritis-frailty-uk","social-care-needs-assessment-arthritis-uk","Ice, snow, arthritis and frailty (UK)","shared cluster: pain-management|daily-living"
"arthritis-and-gardening-uk","social-care-needs-assessment-arthritis-uk","Gardening with Arthritis UK – Tools & Adapted Techniques","shared cluster: pain-management|daily-living"
"loneliness-arthritis-frailty-social-contact-uk","depression-osteoarthritis-frailty-uk","Loneliness, arthritis and frailty: rebuilding social contact (UK)","shared cluster: mental-health"
"anxiety-about-falling-arthritis-uk","depression-osteoarthritis-frailty-uk","Anxiety about falling when you live with arthritis (UK)","shared cluster: mental-health|daily-living"
"befriending-arthritis-frailty-uk","depression-osteoarthritis-frailty-uk","Befriending services when arthritis and frailty isolate you (UK)","shared cluster: mental-health|daily-living"
"depression-arthritis-when-to-seek-help","depression-osteoarthritis-frailty-uk","Depression and Arthritis: When to Ask for Help","shared cluster: mental-health|daily-living"
"sleep-arthritis-frailty-night-pain-uk","loneliness-arthritis-frailty-social-contact-uk","Sleep, night pain and frailty in arthritis (UK)","shared cluster: mental-health"
"bereavement-arthritis-frailty-living-alone-uk","loneliness-arthritis-frailty-social-contact-uk","Bereavement, living alone, arthritis and frailty (UK)","shared cluster: mental-health"
"restless-nights-joint-pain-frailty-uk","loneliness-arthritis-frailty-social-contact-uk","Restless nights, joint pain and next-day frailty (UK)","shared cluster: mental-health"
"mindfulness-pain-arthritis-frailty-uk","loneliness-arthritis-frailty-social-contact-uk","Mindfulness for pain when arthritis and frailty overlap (UK)","shared cluster: mental-health|exercise-movement"
"ra-fatigue-frailty-energy-envelope-uk","sleep-arthritis-frailty-night-pain-uk","RA fatigue and frailty: protecting your energy envelope (UK)","shared cluster: fatigue-management|mental-health"
"carer-burnout-arthritis-frailty-uk","sleep-arthritis-frailty-night-pain-uk","Carer burnout when arthritis and frailty fill the week (UK)","shared cluster: mental-health"
"spiritual-care-arthritis-frailty-uk","sleep-arthritis-frailty-night-pain-uk","Spiritual care, arthritis and frailty (UK)","shared cluster: mental-health"
"restless-nights-joint-pain-frailty-uk","sleep-arthritis-frailty-night-pain-uk","Restless nights, joint pain and next-day frailty (UK)","shared cluster: fatigue-management|mental-health"
"depression-osteoarthritis-frailty-uk","anxiety-about-falling-arthritis-uk","Depression, osteoarthritis and frailty (UK)","shared cluster: mental-health|daily-living"
"befriending-arthritis-frailty-uk","anxiety-about-falling-arthritis-uk","Befriending services when arthritis and frailty isolate you (UK)","shared cluster: mental-health|daily-living"
"bereavement-arthritis-frailty-living-alone-uk","anxiety-about-falling-arthritis-uk","Bereavement, living alone, arthritis and frailty (UK)","shared cluster: mental-health"
"fear-of-falling-hip-oa-frailty-uk","confidence-after-fall-arthritis-frailty-uk","Fear of falling with hip osteoarthritis and frailty (UK)","shared cluster: mental-health"
"goal-setting-tiny-wins-arthritis-frailty-uk","confidence-after-fall-arthritis-frailty-uk","Tiny goals for frail adults with arthritis (UK)","shared cluster: mental-health|pain-management"
"motivation-after-setback-arthritis-frailty-uk","confidence-after-fall-arthritis-frailty-uk","Motivation after a setback: arthritis, frailty and starting again (UK)","shared cluster: mental-health|pain-management"
"talking-therapies-pain-older-arthritis-uk","confidence-after-fall-arthritis-frailty-uk","Talking therapies for pain in older adults with arthritis (UK)","shared cluster: mental-health|pain-management"
"pmr-steroid-taper-frailty-weakness-uk","hospital-stay-arthritis-frailty-what-to-pack-uk","PMR steroid tapering and frailty: rebuilding strength slowly (UK)","shared cluster: exercise-movement"
"knee-oa-frailty-outdoor-pavements-uk","hospital-stay-arthritis-frailty-what-to-pack-uk","Knee osteoarthritis and frailty: pavements, kerbs and outdoor confidence (UK)","shared cluster: exercise-movement"
"balance-painful-feet-frailty-arthritis-uk","hospital-stay-arthritis-frailty-what-to-pack-uk","Balance practice with painful arthritic feet (UK)","shared cluster: exercise-movement"
"seated-strength-frail-osteoarthritis-uk","hospital-stay-arthritis-frailty-what-to-pack-uk","Seated strength training for frail adults with osteoarthritis (UK)","shared cluster: exercise-movement"
"comprehensive-geriatric-assessment-arthritis-uk","discharge-planning-arthritis-frailty-uk","Comprehensive geriatric assessment in plain English if you have arthritis (UK)","shared cluster: daily-living"
"intermediate-care-arthritis-frailty-uk","discharge-planning-arthritis-frailty-uk","Intermediate care beds after arthritis-related deconditioning (UK)","shared cluster: daily-living"
"remote-gp-apps-arthritis-frailty-uk","discharge-planning-arthritis-frailty-uk","Remote GP apps when arthritis and frailty limit travel (UK)","shared cluster: daily-living"
"late-onset-ra-frailty-first-months-uk","discharge-planning-arthritis-frailty-uk","Late-onset rheumatoid arthritis and frailty: the first months (UK)","shared cluster: daily-living"
"wet-rooms-arthritis-frailty-washing-uk","rural-living-arthritis-frailty-uk","Wet rooms and arthritis: washing when you are frail (UK)","shared cluster: pain-management|daily-living"
"winter-arthritis-frailty-cold-houses-uk","rural-living-arthritis-frailty-uk","Winter, cold houses, arthritis and frailty (UK)","shared cluster: pain-management|daily-living"
"ice-snow-arthritis-frailty-uk","rural-living-arthritis-frailty-uk","Ice, snow, arthritis and frailty (UK)","shared cluster: pain-management|daily-living"
"desk-setup-arthritis-uk-workers","rural-living-arthritis-frailty-uk","The Perfect Desk Setup for UK Workers with Arthritis","shared cluster: pain-management|daily-living"
"rise-recline-chair-arthritis-frailty-uk","high-rise-flat-arthritis-frailty-lifts-uk","Rise-recline chairs for arthritis and frailty (UK)","shared cluster: daily-living"
"commode-night-arthritis-frailty-uk","high-rise-flat-arthritis-frailty-lifts-uk","Commodes at night for arthritis and frailty (UK)","shared cluster: daily-living"
"downstairs-living-arthritis-frailty-uk","high-rise-flat-arthritis-frailty-lifts-uk","Temporary downstairs living with arthritis and frailty (UK)","shared cluster: daily-living"
"lasting-power-of-attorney-arthritis-frailty-uk","high-rise-flat-arthritis-frailty-lifts-uk","Lasting power of attorney conversations in arthritis and frailty (UK)","shared cluster: daily-living"
"wet-rooms-arthritis-frailty-washing-uk","winter-arthritis-frailty-cold-houses-uk","Wet rooms and arthritis: washing when you are frail (UK)","shared cluster: pain-management|daily-living"
"community-alarm-arthritis-frailty-uk","winter-arthritis-frailty-cold-houses-uk","Community alarms when arthritis and frailty raise falls risk (UK)","shared cluster: pain-management|daily-living"
"morning-stiffness-frailty-routine-uk","winter-arthritis-frailty-cold-houses-uk","Morning stiffness and frailty: a slower start that still starts (UK)","shared cluster: pain-management|daily-living"
"reablement-after-discharge-arthritis-uk","winter-arthritis-frailty-cold-houses-uk","Reablement after hospital if arthritis slowed the admission (UK)","shared cluster: daily-living|pain-management"
"fried-frailty-phenotype-painful-joints-uk","heatwave-arthritis-frailty-hydration-uk","The Fried frailty phenotype when joints are painful (UK)","shared cluster: pain-management|daily-living"
"hearing-balance-arthritis-frailty-uk","heatwave-arthritis-frailty-hydration-uk","Hearing, balance and arthritis in frail adults (UK)","shared cluster: pain-management|daily-living"
"advance-care-planning-arthritis-frailty-uk","heatwave-arthritis-frailty-hydration-uk","Advance care planning if arthritis and frailty are both progressing (UK)","shared cluster: daily-living|pain-management"
"post-op-constipation-arthritis-frailty-uk","heatwave-arthritis-frailty-hydration-uk","Post-operative constipation, arthritis and frailty (UK)","shared cluster: pain-management|daily-living"
"disabled-facilities-grant-arthritis-frailty-uk","community-alarm-arthritis-frailty-uk","Disabled Facilities Grants, arthritis and frailty (UK)","shared cluster: daily-living|pain-management"
"winter-arthritis-frailty-cold-houses-uk","community-alarm-arthritis-frailty-uk","Winter, cold houses, arthritis and frailty (UK)","shared cluster: pain-management|daily-living"
"morning-stiffness-frailty-routine-uk","community-alarm-arthritis-frailty-uk","Morning stiffness and frailty: a slower start that still starts (UK)","shared cluster: pain-management|daily-living"
"reablement-after-discharge-arthritis-uk","community-alarm-arthritis-frailty-uk","Reablement after hospital if arthritis slowed the admission (UK)","shared cluster: daily-living|pain-management"
"calluses-pressure-spots-frail-arthritis-uk","podiatry-footcare-arthritis-frailty-uk","Calluses and pressure spots in frail arthritic feet (UK)","shared cluster: condition-specific"
"gout-winter-dehydration-frailty-uk","podiatry-footcare-arthritis-frailty-uk","Winter gout, dehydration and frailty (UK)","shared cluster: condition-specific"
"hip-osteoarthritis-frailty-chair-rise-uk","podiatry-footcare-arthritis-frailty-uk","Hip osteoarthritis and frailty: getting out of a chair more safely (UK)","shared cluster: condition-specific"
"thumb-base-osteoarthritis-frailty-daily-grip-uk","podiatry-footcare-arthritis-frailty-uk","Thumb-base osteoarthritis and frailty: jars, taps and daily grip (UK)","shared cluster: condition-specific"
"hospital-deconditioning-arthritis-stay-uk","hearing-balance-arthritis-frailty-uk","Hospital deconditioning when you live with arthritis (UK)","shared cluster: pain-management|daily-living"
"heatwave-arthritis-frailty-hydration-uk","hearing-balance-arthritis-frailty-uk","Heatwaves, arthritis and frailty (UK)","shared cluster: pain-management|daily-living"
"paramedic-fall-lift-arthritis-uk","hearing-balance-arthritis-frailty-uk","After paramedics lift you: arthritis pain and the next 48 hours (UK)","shared cluster: pain-management|daily-living"
"fried-frailty-phenotype-painful-joints-uk","hearing-balance-arthritis-frailty-uk","The Fried frailty phenotype when joints are painful (UK)","shared cluster: pain-management|daily-living"
"cppd-pseudogout-frailty-sudden-hot-joint-uk","dental-care-arthritis-frailty-hands-uk","CPPD (pseudogout) and frailty: a sudden hot joint in later life (UK)","shared cluster: condition-specific|pain-management"
"psoriatic-arthritis-later-life-frailty-uk","dental-care-arthritis-frailty-hands-uk","Psoriatic arthritis in later life: joints, skin and frailty (UK)","shared cluster: condition-specific|pain-management"
"lymphoedema-arthritis-frailty-uk","dental-care-arthritis-frailty-hands-uk","Lymphoedema, arthritis and frailty: heavy limbs (UK)","shared cluster: pain-management"
"elbow-osteoarthritis-frailty-kitchen-tasks-uk","dental-care-arthritis-frailty-hands-uk","Elbow osteoarthritis and frailty: kitchen tasks without a flare spiral (UK)","shared cluster: pain-management|condition-specific"
"nhs-frailty-pathway-arthritis-england","skin-pressure-care-arthritis-frailty-uk","The NHS frailty pathway and arthritis in England","shared cluster: daily-living"
"community-matron-arthritis-frailty-uk","skin-pressure-care-arthritis-frailty-uk","Community matrons, arthritis and frailty (UK)","shared cluster: daily-living"
"podiatry-nails-diabetes-arthritis-uk","skin-pressure-care-arthritis-frailty-uk","Nail care, diabetes and arthritis-related frailty (UK)","shared cluster: daily-living"
"rockwood-clinical-frailty-scale-arthritis-uk","skin-pressure-care-arthritis-frailty-uk","What the Rockwood Clinical Frailty Scale means if you also have arthritis (UK)","shared cluster: daily-living"
"deconditioning-after-arthritis-flare-uk","chair-yoga-frailty-inflammatory-arthritis-uk","Deconditioning after an arthritis flare: getting moving again (UK)","shared cluster: exercise-movement"
"bed-exercises-hospital-arthritis-frailty-uk","chair-yoga-frailty-inflammatory-arthritis-uk","Bed exercises during a hospital stay with arthritis (UK)","shared cluster: exercise-movement"
"nordic-poles-arthritis-frailty-uk","chair-yoga-frailty-inflammatory-arthritis-uk","Nordic poles, arthritis and frailty (UK)","shared cluster: exercise-movement"
"knee-osteoarthritis-frailty-staying-steady-home-uk","chair-yoga-frailty-inflammatory-arthritis-uk","Knee osteoarthritis and frailty: staying steady at home (UK)","shared cluster: exercise-movement"
"pmr-steroid-taper-frailty-weakness-uk","community-strength-classes-frail-oa-uk","PMR steroid tapering and frailty: rebuilding strength slowly (UK)","shared cluster: exercise-movement"
"balance-painful-feet-frailty-arthritis-uk","community-strength-classes-frail-oa-uk","Balance practice with painful arthritic feet (UK)","shared cluster: condition-specific|exercise-movement"
"chair-based-exercise-ra-frailty-uk","community-strength-classes-frail-oa-uk","Chair-based exercise for rheumatoid arthritis and frailty (UK)","shared cluster: condition-specific|exercise-movement"
"static-bike-frail-osteoarthritis-uk","community-strength-classes-frail-oa-uk","Static bikes for frail osteoarthritis (UK)","shared cluster: condition-specific|exercise-movement"
"constipation-pain-medicines-frailty-arthritis-uk","gp-frailty-register-arthritis-uk","Constipation, pain medicines and frailty in arthritis (UK)","shared cluster: pain-management"
"delirium-hospital-arthritis-frailty-uk","gp-frailty-register-arthritis-uk","Delirium in hospital when you also have arthritis (UK)","shared cluster: pain-management"
"wound-care-reaching-arthritis-frailty-uk","gp-frailty-register-arthritis-uk","Wound care you cannot reach: arthritis and frailty (UK)","shared cluster: pain-management"
"gout-winter-dehydration-frailty-uk","gp-frailty-register-arthritis-uk","Winter gout, dehydration and frailty (UK)","shared cluster: pain-management"
"nhs-frailty-pathway-arthritis-england","community-matron-arthritis-frailty-uk","The NHS frailty pathway and arthritis in England","shared cluster: daily-living"
"skin-pressure-care-arthritis-frailty-uk","community-matron-arthritis-frailty-uk","Skin and pressure care if arthritis keeps you sitting (UK)","shared cluster: daily-living"
"hospital-deconditioning-arthritis-stay-uk","community-matron-arthritis-frailty-uk","Hospital deconditioning when you live with arthritis (UK)","shared cluster: daily-living"
"comprehensive-geriatric-assessment-arthritis-uk","community-matron-arthritis-frailty-uk","Comprehensive geriatric assessment in plain English if you have arthritis (UK)","shared cluster: daily-living"
"frailty-services-arthritis-scotland-uk","intermediate-care-arthritis-frailty-uk","Frailty services and arthritis in Scotland (UK)","shared cluster: daily-living"
"living-alone-falls-plan-arthritis-uk","intermediate-care-arthritis-frailty-uk","A falls plan if you live alone with arthritis (UK)","shared cluster: daily-living"
"blood-test-transport-arthritis-frailty-uk","intermediate-care-arthritis-frailty-uk","Getting to blood tests when you are frail with arthritis (UK)","shared cluster: daily-living"
"late-onset-ra-frailty-first-months-uk","intermediate-care-arthritis-frailty-uk","Late-onset rheumatoid arthritis and frailty: the first months (UK)","shared cluster: daily-living"
"inflammatory-arthritis-frailty-flare-week-uk","day-centres-arthritis-frailty-uk","Inflammatory arthritis and frailty: surviving a flare week (UK)","shared cluster: pain-management"
"heat-packs-frail-arthritis-uk","day-centres-arthritis-frailty-uk","Heat packs for frail adults with arthritis: safe use (UK)","shared cluster: pain-management"
"pressure-cushion-arthritis-frailty-uk","day-centres-arthritis-frailty-uk","Pressure cushions when arthritis keeps you sitting (UK)","shared cluster: pain-management"
"hip-oa-frailty-bed-mobility-uk","day-centres-arthritis-frailty-uk","Hip osteoarthritis and frailty: turning in bed and getting up (UK)","shared cluster: pain-management"
"depression-osteoarthritis-frailty-uk","befriending-arthritis-frailty-uk","Depression, osteoarthritis and frailty (UK)","shared cluster: mental-health|daily-living"
"anxiety-about-falling-arthritis-uk","befriending-arthritis-frailty-uk","Anxiety about falling when you live with arthritis (UK)","shared cluster: mental-health|daily-living"
"depression-arthritis-when-to-seek-help","befriending-arthritis-frailty-uk","Depression and Arthritis: When to Ask for Help","shared cluster: mental-health|daily-living"
"chest-infection-arthritis-frailty-uk","grandparenting-arthritis-frailty-uk","Chest infections, arthritis pain and frailty (UK)","shared cluster: fatigue-management|pain-management"
"carers-how-to-help-without-taking-over-uk","grandparenting-arthritis-frailty-uk","How carers can help with arthritis and frailty without taking over (UK)","shared cluster: pain-management"
"weekend-plan-arthritis-frailty-uk","grandparenting-arthritis-frailty-uk","Weekend plans when arthritis and frailty make days uneven (UK)","shared cluster: fatigue-management|pain-management"
"elbow-osteoarthritis-frailty-kitchen-tasks-uk","grandparenting-arthritis-frailty-uk","Elbow osteoarthritis and frailty: kitchen tasks without a flare spiral (UK)","shared cluster: pain-management"
"walking-stick-vs-frame-arthritis-frailty-uk","pets-arthritis-frailty-walking-dogs-uk","Walking stick versus frame: arthritis, wrists and frailty (UK)","shared cluster: exercise-movement"
"blue-badge-frailty-arthritis-uk","pets-arthritis-frailty-walking-dogs-uk","Blue Badge, frailty and arthritis: walking distance in real life (UK)","shared cluster: exercise-movement"
"indoor-walking-frame-arthritis-frailty-uk","pets-arthritis-frailty-walking-dogs-uk","Indoor walking with a frame when arthritis and frailty overlap (UK)","shared cluster: exercise-movement"
"care-home-life-arthritis-pain-frailty-uk","pets-arthritis-frailty-walking-dogs-uk","Life in a care home with arthritis, pain and frailty (UK)","shared cluster: exercise-movement"
"inflammatory-arthritis-frailty-flare-week-uk","faith-groups-arthritis-frailty-access-uk","Inflammatory arthritis and frailty: surviving a flare week (UK)","shared cluster: pain-management"
"winter-arthritis-frailty-cold-houses-uk","faith-groups-arthritis-frailty-access-uk","Winter, cold houses, arthritis and frailty (UK)","shared cluster: pain-management|daily-living"
"morning-stiffness-frailty-routine-uk","faith-groups-arthritis-frailty-access-uk","Morning stiffness and frailty: a slower start that still starts (UK)","shared cluster: pain-management|daily-living"
"reablement-after-discharge-arthritis-uk","faith-groups-arthritis-frailty-access-uk","Reablement after hospital if arthritis slowed the admission (UK)","shared cluster: daily-living|pain-management"
"attendance-allowance-arthritis-frailty-uk","libraries-arthritis-frailty-getting-out-uk","Attendance Allowance, arthritis and frailty (UK)","shared cluster: daily-living"
"occupational-therapist-kitchen-visit-frailty-uk","libraries-arthritis-frailty-getting-out-uk","An OT kitchen visit for frail arthritis (UK)","shared cluster: daily-living"
"evening-routine-arthritis-frailty-uk","libraries-arthritis-frailty-getting-out-uk","Evening routines for arthritis and frailty (UK)","shared cluster: daily-living"
"hand-osteoarthritis-frailty-dressing-cooking-uk","libraries-arthritis-frailty-getting-out-uk","Hand osteoarthritis and frailty: dressing, cooking and grip (UK)","shared cluster: daily-living"
"attendance-allowance-arthritis-frailty-uk","community-transport-arthritis-frailty-uk","Attendance Allowance, arthritis and frailty (UK)","shared cluster: daily-living"
"threshold-ramps-arthritis-frailty-uk","community-transport-arthritis-frailty-uk","Threshold ramps for frail adults with arthritis (UK)","shared cluster: daily-living"
"holiday-at-home-arthritis-frailty-uk","community-transport-arthritis-frailty-uk","A holiday-at-home with arthritis and frailty (UK)","shared cluster: daily-living"
"hand-osteoarthritis-frailty-dressing-cooking-uk","community-transport-arthritis-frailty-uk","Hand osteoarthritis and frailty: dressing, cooking and grip (UK)","shared cluster: daily-living"
"disabled-facilities-grant-arthritis-frailty-uk","hospital-appointments-frailty-arthritis-uk","Disabled Facilities Grants, arthritis and frailty (UK)","shared cluster: daily-living|pain-management"
"community-alarm-arthritis-frailty-uk","hospital-appointments-frailty-arthritis-uk","Community alarms when arthritis and frailty raise falls risk (UK)","shared cluster: pain-management|daily-living"
"short-breaks-accessible-arthritis-frailty-uk","hospital-appointments-frailty-arthritis-uk","Short accessible breaks for frail adults with arthritis (UK)","shared cluster: pain-management|daily-living"
"travelling-with-arthritis-uk","hospital-appointments-frailty-arthritis-uk","Travelling with Arthritis UK – Tips for Comfortable Holidays","shared cluster: pain-management|daily-living"
"frailty-older-people-arthritis-wales-uk","flu-jab-arthritis-frailty-uk","Older people, arthritis and frailty services in Wales (UK)","shared cluster: daily-living"
"shingles-vaccine-arthritis-frailty-uk","flu-jab-arthritis-frailty-uk","Shingles vaccination if you have arthritis and frailty (UK)","shared cluster: daily-living"
"diabetes-arthritis-frailty-feet-uk","flu-jab-arthritis-frailty-uk","Diabetes, arthritis and frailty: feet at the centre (UK)","shared cluster: daily-living"
"rockwood-clinical-frailty-scale-arthritis-uk","flu-jab-arthritis-frailty-uk","What the Rockwood Clinical Frailty Scale means if you also have arthritis (UK)","shared cluster: daily-living"
"frailty-older-people-arthritis-wales-uk","shingles-vaccine-arthritis-frailty-uk","Older people, arthritis and frailty services in Wales (UK)","shared cluster: daily-living"
"flu-jab-arthritis-frailty-uk","shingles-vaccine-arthritis-frailty-uk","Flu vaccination, arthritis and frailty (UK)","shared cluster: daily-living"
"remote-gp-apps-arthritis-frailty-uk","shingles-vaccine-arthritis-frailty-uk","Remote GP apps when arthritis and frailty limit travel (UK)","shared cluster: daily-living"
"late-onset-ra-frailty-first-months-uk","shingles-vaccine-arthritis-frailty-uk","Late-onset rheumatoid arthritis and frailty: the first months (UK)","shared cluster: daily-living"
"frailty-older-people-arthritis-wales-uk","covid-winter-arthritis-frailty-uk","Older people, arthritis and frailty services in Wales (UK)","shared cluster: daily-living"
"shingles-vaccine-arthritis-frailty-uk","covid-winter-arthritis-frailty-uk","Shingles vaccination if you have arthritis and frailty (UK)","shared cluster: daily-living"
"remote-gp-apps-arthritis-frailty-uk","covid-winter-arthritis-frailty-uk","Remote GP apps when arthritis and frailty limit travel (UK)","shared cluster: daily-living"
"rockwood-clinical-frailty-scale-arthritis-uk","covid-winter-arthritis-frailty-uk","What the Rockwood Clinical Frailty Scale means if you also have arthritis (UK)","shared cluster: daily-living"
"constipation-pain-medicines-frailty-arthritis-uk","delirium-hospital-arthritis-frailty-uk","Constipation, pain medicines and frailty in arthritis (UK)","shared cluster: pain-management"
"nine-nine-nine-vs-111-arthritis-frailty-uk","delirium-hospital-arthritis-frailty-uk","999 versus NHS 111 when arthritis, frailty and a crisis collide (UK)","shared cluster: pain-management"
"wound-care-reaching-arthritis-frailty-uk","delirium-hospital-arthritis-frailty-uk","Wound care you cannot reach: arthritis and frailty (UK)","shared cluster: pain-management"
"gout-winter-dehydration-frailty-uk","delirium-hospital-arthritis-frailty-uk","Winter gout, dehydration and frailty (UK)","shared cluster: pain-management"
"flare-versus-frailty-arthritis-uk","cognition-arthritis-frailty-remembering-tablets-uk","Flare versus frailty: telling a bad joint week from a slower body (UK)","shared cluster: pain-management|daily-living"
"heatwave-arthritis-frailty-hydration-uk","cognition-arthritis-frailty-remembering-tablets-uk","Heatwaves, arthritis and frailty (UK)","shared cluster: pain-management|daily-living"
"advance-care-planning-arthritis-frailty-uk","cognition-arthritis-frailty-remembering-tablets-uk","Advance care planning if arthritis and frailty are both progressing (UK)","shared cluster: daily-living|pain-management"
"fried-frailty-phenotype-painful-joints-uk","cognition-arthritis-frailty-remembering-tablets-uk","The Fried frailty phenotype when joints are painful (UK)","shared cluster: pain-management|daily-living"
"nhs-frailty-pathway-arthritis-england","uti-confusion-arthritis-frailty-uk","The NHS frailty pathway and arthritis in England","shared cluster: daily-living"
"skin-pressure-care-arthritis-frailty-uk","uti-confusion-arthritis-frailty-uk","Skin and pressure care if arthritis keeps you sitting (UK)","shared cluster: daily-living"
"rockwood-clinical-frailty-scale-arthritis-uk","uti-confusion-arthritis-frailty-uk","What the Rockwood Clinical Frailty Scale means if you also have arthritis (UK)","shared cluster: daily-living"
"comprehensive-geriatric-assessment-arthritis-uk","uti-confusion-arthritis-frailty-uk","Comprehensive geriatric assessment in plain English if you have arthritis (UK)","shared cluster: daily-living"
"grandparenting-arthritis-frailty-uk","chest-infection-arthritis-frailty-uk","Grandparenting with arthritis and frailty (UK)","shared cluster: fatigue-management|pain-management"
"heart-failure-arthritis-frailty-overlap-uk","chest-infection-arthritis-frailty-uk","Heart failure, arthritis and frailty: pacing two conditions (UK)","shared cluster: fatigue-management"
"swelling-legs-arthritis-frailty-uk","chest-infection-arthritis-frailty-uk","Leg swelling, arthritis and frailty (UK)","shared cluster: pain-management"
"sleep-apnoea-arthritis-frailty-uk","chest-infection-arthritis-frailty-uk","Sleep apnoea, arthritis and daytime frailty (UK)","shared cluster: fatigue-management|pain-management"
"chest-infection-arthritis-frailty-uk","heart-failure-arthritis-frailty-overlap-uk","Chest infections, arthritis pain and frailty (UK)","shared cluster: fatigue-management"
"spinal-osteoarthritis-frailty-standing-pacing-uk","heart-failure-arthritis-frailty-overlap-uk","Spinal osteoarthritis and frailty: standing tall without overdoing it (UK)","shared cluster: fatigue-management"
"mediterranean-eating-frail-osteoarthritis-uk","heart-failure-arthritis-frailty-overlap-uk","Mediterranean-style eating for frail osteoarthritis (UK)","shared cluster: fatigue-management"
"pacing-visitors-arthritis-frailty-uk","heart-failure-arthritis-frailty-overlap-uk","Pacing visitors and family days with arthritis and frailty (UK)","shared cluster: fatigue-management"
"hospital-stay-arthritis-frailty-what-to-pack-uk","copd-arthritis-frailty-breathlessness-uk","Hospital stays with arthritis and frailty: what to pack and ask (UK)","shared cluster: exercise-movement"
"falls-response-service-arthritis-uk","copd-arthritis-frailty-breathlessness-uk","Community falls response if you live with arthritis (UK)","shared cluster: daily-living"
"two-walking-aids-arthritis-frailty-uk","copd-arthritis-frailty-breathlessness-uk","Two walking aids in the house: arthritis and frailty (UK)","shared cluster: exercise-movement|daily-living"
"walking-aids-arthritis-uk","copd-arthritis-frailty-breathlessness-uk","Walking Aids for Arthritis UK – Sticks & Daily Aids","shared cluster: exercise-movement|daily-living"
"bone-protection-steroids-arthritis-frailty-uk","diabetes-arthritis-frailty-feet-uk","Bone protection on steroids when you also have arthritis and frailty (UK)","shared cluster: daily-living"
"shingles-vaccine-arthritis-frailty-uk","diabetes-arthritis-frailty-feet-uk","Shingles vaccination if you have arthritis and frailty (UK)","shared cluster: daily-living"
"rockwood-clinical-frailty-scale-arthritis-uk","diabetes-arthritis-frailty-feet-uk","What the Rockwood Clinical Frailty Scale means if you also have arthritis (UK)","shared cluster: daily-living"
"multimorbidity-arthritis-frailty-whole-picture-uk","diabetes-arthritis-frailty-feet-uk","Multimorbidity, arthritis and frailty: looking at the whole picture (UK)","shared cluster: daily-living"
"painkillers-older-adults-arthritis-caution-uk","ckd-nsaids-arthritis-frailty-uk","Painkillers in older adults with arthritis: caution, not dosing (UK)","shared cluster: medication-safety|pain-management"
"methotrexate-older-frail-adults-uk","ckd-nsaids-arthritis-frailty-uk","Methotrexate in older frail adults with rheumatoid arthritis (UK)","shared cluster: medication-safety"
"pharmacist-medication-review-frail-arthritis-uk","ckd-nsaids-arthritis-frailty-uk","Pharmacist medication reviews for frail adults with arthritis (UK)","shared cluster: medication-safety|pain-management"
"arthritis-pain-relief-natural","ckd-nsaids-arthritis-frailty-uk","Natural Pain Relief for Arthritis – Home Remedies UK","shared cluster: medication-safety|pain-management"
"sleeping-tablets-falls-arthritis-frailty-uk","blood-pressure-tablets-falls-arthritis-uk","Sleeping tablets, night falls and arthritis (UK)","shared cluster: daily-living"
"anaesthetic-risk-arthritis-frailty-uk","blood-pressure-tablets-falls-arthritis-uk","Anaesthetic conversations for frail adults with arthritis (UK)","shared cluster: daily-living"
"community-physio-wait-frail-arthritis-uk","blood-pressure-tablets-falls-arthritis-uk","Community physiotherapy waits when you are frail with arthritis (UK)","shared cluster: daily-living"
"nsaids-kidneys-heart-frail-arthritis-uk","blood-pressure-tablets-falls-arthritis-uk","NSAIDs, kidneys and heart problems in frail arthritis (UK)","shared cluster: daily-living"
"codeine-drowsiness-falls-arthritis-uk","sleeping-tablets-falls-arthritis-frailty-uk","Codeine, drowsiness and falls when you have arthritis (UK)","shared cluster: fatigue-management"
"steroid-emergency-card-frail-arthritis-uk","sleeping-tablets-falls-arthritis-frailty-uk","Steroid emergency cards when arthritis treatment meets frailty (UK)","shared cluster: daily-living"
"blood-pressure-tablets-falls-arthritis-uk","sleeping-tablets-falls-arthritis-frailty-uk","Blood pressure tablets, standing up and arthritic joints (UK)","shared cluster: daily-living"
"anaesthetic-risk-arthritis-frailty-uk","sleeping-tablets-falls-arthritis-frailty-uk","Anaesthetic conversations for frail adults with arthritis (UK)","shared cluster: daily-living"
"polypharmacy-arthritis-frailty-review-uk","anticholinergic-load-arthritis-frailty-uk","Polypharmacy, arthritis and frailty: asking for a medicines review (UK)","shared cluster: daily-living"
"alcohol-arthritis-uk-guidance","anticholinergic-load-arthritis-frailty-uk","Alcohol and Arthritis: What the UK Evidence Says","shared cluster: daily-living"
"ra-monitoring-older-frail-adults-uk","anticholinergic-load-arthritis-frailty-uk","Blood monitoring for RA in older frail adults (UK)","shared cluster: daily-living"
"post-hip-replacement-frailty-home-uk","anticholinergic-load-arthritis-frailty-uk","After hip replacement: coming home frail (UK)","shared cluster: daily-living"
"grab-rails-arthritis-frailty-home-uk","direct-payments-arthritis-frailty-uk","Grab rails at home: arthritis, frailty and safer rooms (UK)","shared cluster: daily-living"
"extra-care-housing-arthritis-frailty-uk","direct-payments-arthritis-frailty-uk","Extra-care housing, arthritis and frailty (UK)","shared cluster: pain-management|daily-living"
"toilet-frame-arthritis-frailty-uk","direct-payments-arthritis-frailty-uk","Toilet frames and raised seats for arthritis and frailty (UK)","shared cluster: pain-management|daily-living"
"garden-raised-beds-arthritis-frailty-uk","direct-payments-arthritis-frailty-uk","Raised beds and perch seating for frail gardeners with arthritis (UK)","shared cluster: pain-management|daily-living"
"attendance-allowance-arthritis-frailty-uk","respite-care-arthritis-frailty-carers-uk","Attendance Allowance, arthritis and frailty (UK)","shared cluster: daily-living"
"carers-assessment-arthritis-frailty-uk","respite-care-arthritis-frailty-carers-uk","Carer's assessments when arthritis and frailty share a home (UK)","shared cluster: caregiver-support|daily-living"
"holiday-at-home-arthritis-frailty-uk","respite-care-arthritis-frailty-carers-uk","A holiday-at-home with arthritis and frailty (UK)","shared cluster: daily-living"
"hand-osteoarthritis-frailty-dressing-cooking-uk","respite-care-arthritis-frailty-carers-uk","Hand osteoarthritis and frailty: dressing, cooking and grip (UK)","shared cluster: daily-living"
"stairlifts-arthritis-frailty-uk-home","extra-care-housing-arthritis-frailty-uk","Stairlifts, arthritis and frailty: questions before you buy (UK)","shared cluster: pain-management|daily-living"
"faith-groups-arthritis-frailty-access-uk","extra-care-housing-arthritis-frailty-uk","Faith groups, access and arthritis-related frailty (UK)","shared cluster: pain-management|daily-living"
"toilet-frame-arthritis-frailty-uk","extra-care-housing-arthritis-frailty-uk","Toilet frames and raised seats for arthritis and frailty (UK)","shared cluster: pain-management|daily-living"
"garden-raised-beds-arthritis-frailty-uk","extra-care-housing-arthritis-frailty-uk","Raised beds and perch seating for frail gardeners with arthritis (UK)","shared cluster: pain-management|daily-living"
"care-home-life-arthritis-pain-frailty-uk","nursing-home-arthritis-pain-review-uk","Life in a care home with arthritis, pain and frailty (UK)","shared cluster: exercise-movement|pain-management"
"pain-clinic-older-frail-arthritis-uk","nursing-home-arthritis-pain-review-uk","Pain clinics for older frail adults with arthritis (UK)","shared cluster: pain-management"
"paracetamol-for-arthritis-pain-what-the-evidence-says","nursing-home-arthritis-pain-review-uk","Paracetamol for Arthritis Pain: What the Evidence Says","shared cluster: pain-management"
"hospital-parking-walking-frail-arthritis-uk","nursing-home-arthritis-pain-review-uk","Hospital parking, walking distance and frail arthritis (UK)","shared cluster: exercise-movement|pain-management"
"sit-to-stand-practice-frail-arthritis-uk","reablement-team-arthritis-home-practice-uk","Sit-to-stand practice for frail adults with arthritis (UK)","shared cluster: exercise-movement|daily-living"
"community-physio-wait-frail-arthritis-uk","reablement-team-arthritis-home-practice-uk","Community physiotherapy waits when you are frail with arthritis (UK)","shared cluster: exercise-movement|daily-living"
"physiotherapy-home-visit-frail-oa-uk","reablement-team-arthritis-home-practice-uk","Home-visit physiotherapy for frail osteoarthritis (UK)","shared cluster: exercise-movement|daily-living"
"nordic-poles-arthritis-frailty-uk","reablement-team-arthritis-home-practice-uk","Nordic poles, arthritis and frailty (UK)","shared cluster: exercise-movement|daily-living"
"care-home-life-arthritis-pain-frailty-uk","community-ot-waiting-arthritis-frailty-uk","Life in a care home with arthritis, pain and frailty (UK)","shared cluster: pain-management"
"activity-diary-arthritis-frailty-uk","community-ot-waiting-arthritis-frailty-uk","A simple activity diary for arthritis and frailty (UK)","shared cluster: pain-management"
"pressure-cushion-arthritis-frailty-uk","community-ot-waiting-arthritis-frailty-uk","Pressure cushions when arthritis keeps you sitting (UK)","shared cluster: pain-management"
"hip-oa-frailty-bed-mobility-uk","community-ot-waiting-arthritis-frailty-uk","Hip osteoarthritis and frailty: turning in bed and getting up (UK)","shared cluster: pain-management"
"falls-clinic-arthritis-what-to-expect-uk","falls-response-service-arthritis-uk","Falls clinic with arthritis: what to expect (UK)","shared cluster: daily-living"
"community-matron-arthritis-frailty-uk","falls-response-service-arthritis-uk","Community matrons, arthritis and frailty (UK)","shared cluster: daily-living"
"rockwood-clinical-frailty-scale-arthritis-uk","falls-response-service-arthritis-uk","What the Rockwood Clinical Frailty Scale means if you also have arthritis (UK)","shared cluster: daily-living"
"flare-versus-frailty-arthritis-uk","falls-response-service-arthritis-uk","Flare versus frailty: telling a bad joint week from a slower body (UK)","shared cluster: daily-living"
"constipation-pain-medicines-frailty-arthritis-uk","nine-nine-nine-vs-111-arthritis-frailty-uk","Constipation, pain medicines and frailty in arthritis (UK)","shared cluster: pain-management"
"delirium-hospital-arthritis-frailty-uk","nine-nine-nine-vs-111-arthritis-frailty-uk","Delirium in hospital when you also have arthritis (UK)","shared cluster: pain-management"
"wound-care-reaching-arthritis-frailty-uk","nine-nine-nine-vs-111-arthritis-frailty-uk","Wound care you cannot reach: arthritis and frailty (UK)","shared cluster: pain-management"
"gout-winter-dehydration-frailty-uk","nine-nine-nine-vs-111-arthritis-frailty-uk","Winter gout, dehydration and frailty (UK)","shared cluster: pain-management"
"hospital-deconditioning-arthritis-stay-uk","gp-home-visit-arthritis-frailty-uk","Hospital deconditioning when you live with arthritis (UK)","shared cluster: pain-management|daily-living"
"hearing-balance-arthritis-frailty-uk","gp-home-visit-arthritis-frailty-uk","Hearing, balance and arthritis in frail adults (UK)","shared cluster: pain-management|daily-living"
"advance-care-planning-arthritis-frailty-uk","gp-home-visit-arthritis-frailty-uk","Advance care planning if arthritis and frailty are both progressing (UK)","shared cluster: daily-living|pain-management"
"fried-frailty-phenotype-painful-joints-uk","gp-home-visit-arthritis-frailty-uk","The Fried frailty phenotype when joints are painful (UK)","shared cluster: pain-management|daily-living"
"pmr-frailty-morning-stiffness-uk","paramedic-fall-lift-arthritis-uk","Polymyalgia rheumatica and frailty: morning stiffness versus muscle loss (UK)","shared cluster: pain-management|daily-living"
"hearing-balance-arthritis-frailty-uk","paramedic-fall-lift-arthritis-uk","Hearing, balance and arthritis in frail adults (UK)","shared cluster: pain-management|daily-living"
"end-of-life-joint-pain-frailty-uk","paramedic-fall-lift-arthritis-uk","Joint pain, frailty and comfort-focused care (UK)","shared cluster: pain-management|daily-living"
"eye-clinic-day-arthritis-frailty-uk","paramedic-fall-lift-arthritis-uk","Eye clinic days with arthritis and frailty (UK)","shared cluster: pain-management|daily-living"
"libraries-arthritis-frailty-getting-out-uk","occupational-therapist-kitchen-visit-frailty-uk","Libraries as a gentle outing with arthritis and frailty (UK)","shared cluster: daily-living"
"bed-lever-arthritis-frailty-uk","occupational-therapist-kitchen-visit-frailty-uk","Bed levers and arthritis: turning without hauling on a partner (UK)","shared cluster: daily-living"
"holiday-at-home-arthritis-frailty-uk","occupational-therapist-kitchen-visit-frailty-uk","A holiday-at-home with arthritis and frailty (UK)","shared cluster: daily-living"
"hand-osteoarthritis-frailty-dressing-cooking-uk","occupational-therapist-kitchen-visit-frailty-uk","Hand osteoarthritis and frailty: dressing, cooking and grip (UK)","shared cluster: daily-living"
"sit-to-stand-practice-frail-arthritis-uk","physiotherapy-home-visit-frail-oa-uk","Sit-to-stand practice for frail adults with arthritis (UK)","shared cluster: exercise-movement|daily-living"
"swimming-frail-arthritis-changing-rooms-uk","physiotherapy-home-visit-frail-oa-uk","Swimming with frail arthritis: the changing-room problem (UK)","shared cluster: exercise-movement"
"nordic-poles-arthritis-frailty-uk","physiotherapy-home-visit-frail-oa-uk","Nordic poles, arthritis and frailty (UK)","shared cluster: exercise-movement|daily-living"
"arthritis-and-pets-uk","physiotherapy-home-visit-frail-oa-uk","Arthritis & Pets UK – Benefits, Challenges & Practical Tips","shared cluster: exercise-movement|daily-living"
"mediterranean-eating-frail-osteoarthritis-uk","speech-swallowing-meals-arthritis-frailty-uk","Mediterranean-style eating for frail osteoarthritis (UK)","shared cluster: nutrition"
"meal-times-care-home-arthritis-uk","speech-swallowing-meals-arthritis-frailty-uk","Meal times in a care home when arthritis makes eating slow (UK)","shared cluster: nutrition"
"meal-delivery-arthritis-frailty-uk","speech-swallowing-meals-arthritis-frailty-uk","Meal delivery services when arthritis and frailty shrink cooking (UK)","shared cluster: daily-living|nutrition"
"widowhood-meals-arthritis-frailty-uk","speech-swallowing-meals-arthritis-frailty-uk","Cooking for one after loss when arthritis and frailty remain (UK)","shared cluster: daily-living|nutrition"
"protein-painful-joints-frailty-uk","vitamin-d-and-falls-arthritis-uk","Protein, painful joints and frailty (UK)","shared cluster: nutrition|pain-management"
"calcium-foods-arthritis-frailty-uk","vitamin-d-and-falls-arthritis-uk","Calcium-rich foods when arthritis and frailty share the plate (UK)","shared cluster: nutrition|pain-management"
"vitamin-d-winter-arthritis-frailty-uk","vitamin-d-and-falls-arthritis-uk","Vitamin D in winter: arthritis, bone and frailty (UK)","shared cluster: nutrition"
"appetite-loss-arthritis-frailty-uk","vitamin-d-and-falls-arthritis-uk","Appetite loss, arthritis pain and frailty (UK)","shared cluster: pain-management"
"protein-painful-joints-frailty-uk","calcium-foods-arthritis-frailty-uk","Protein, painful joints and frailty (UK)","shared cluster: nutrition|pain-management"
"appetite-loss-arthritis-frailty-uk","calcium-foods-arthritis-frailty-uk","Appetite loss, arthritis pain and frailty (UK)","shared cluster: pain-management"
"vitamin-d-and-falls-arthritis-uk","calcium-foods-arthritis-frailty-uk","Vitamin D, falls conversations and arthritis (UK)","shared cluster: nutrition|pain-management"
"foods-to-avoid-with-arthritis","calcium-foods-arthritis-frailty-uk","Foods to Avoid With Arthritis: A Complete UK Guide","shared cluster: nutrition|pain-management"
"mediterranean-eating-frail-osteoarthritis-uk","oily-fish-arthritis-frailty-simple-meals-uk","Mediterranean-style eating for frail osteoarthritis (UK)","shared cluster: fatigue-management"
"sleep-apnoea-arthritis-frailty-uk","oily-fish-arthritis-frailty-simple-meals-uk","Sleep apnoea, arthritis and daytime frailty (UK)","shared cluster: fatigue-management|pain-management"
"weekend-plan-arthritis-frailty-uk","oily-fish-arthritis-frailty-simple-meals-uk","Weekend plans when arthritis and frailty make days uneven (UK)","shared cluster: fatigue-management|pain-management"
"protein-painful-joints-frailty-uk","oily-fish-arthritis-frailty-simple-meals-uk","Protein, painful joints and frailty (UK)","shared cluster: pain-management"
"meal-times-care-home-arthritis-uk","soft-foods-jaw-arthritis-frailty-uk","Meal times in a care home when arthritis makes eating slow (UK)","shared cluster: nutrition"
"nutrition-strategies-reduce-frailty-risk","soft-foods-jaw-arthritis-frailty-uk","Nutrition Strategies to Reduce Frailty Risk","shared cluster: nutrition"
"preventing-knee-osteoarthritis-uk","soft-foods-jaw-arthritis-frailty-uk","Can You Prevent Knee Osteoarthritis? UK Evidence Review","shared cluster: condition-specific|nutrition"
"hand-oa-frailty-opening-packaging-uk","soft-foods-jaw-arthritis-frailty-uk","Hand osteoarthritis and frailty: opening packaging without giving up cooking (UK)","shared cluster: condition-specific"
"vitamin-d-winter-arthritis-frailty-uk","shopping-online-arthritis-frailty-uk","Vitamin D in winter: arthritis, bone and frailty (UK)","shared cluster: nutrition"
"kitchen-adaptations-arthritis-frailty-uk","shopping-online-arthritis-frailty-uk","Kitchen adaptations when arthritis and frailty share the house (UK)","shared cluster: nutrition"
"widowhood-meals-arthritis-frailty-uk","shopping-online-arthritis-frailty-uk","Cooking for one after loss when arthritis and frailty remain (UK)","shared cluster: daily-living|nutrition"
"mediterranean-diet-shopping-list-arthritis","shopping-online-arthritis-frailty-uk","Mediterranean Diet Shopping List for Arthritis UK","shared cluster: nutrition|daily-living"
"mediterranean-eating-frail-osteoarthritis-uk","meal-delivery-arthritis-frailty-uk","Mediterranean-style eating for frail osteoarthritis (UK)","shared cluster: nutrition"
"speech-swallowing-meals-arthritis-frailty-uk","meal-delivery-arthritis-frailty-uk","Slow meals, sore hands and frailty: keeping eating safe (UK)","shared cluster: nutrition|daily-living"
"widowhood-meals-arthritis-frailty-uk","meal-delivery-arthritis-frailty-uk","Cooking for one after loss when arthritis and frailty remain (UK)","shared cluster: daily-living|nutrition"
"mediterranean-diet-shopping-list-arthritis","meal-delivery-arthritis-frailty-uk","Mediterranean Diet Shopping List for Arthritis UK","shared cluster: nutrition|daily-living"
"pip-arthritis-frailty-honest-uk","kettle-safety-arthritis-frailty-uk","PIP, arthritis and frailty: an honest UK overview","shared cluster: pain-management"
"activity-diary-arthritis-frailty-uk","kettle-safety-arthritis-frailty-uk","A simple activity diary for arthritis and frailty (UK)","shared cluster: pain-management"
"footwear-indoor-slippers-frailty-arthritis-uk","kettle-safety-arthritis-frailty-uk","Indoor footwear: slippers, frailty and arthritis (UK)","shared cluster: pain-management"
"hip-oa-frailty-bed-mobility-uk","kettle-safety-arthritis-frailty-uk","Hip osteoarthritis and frailty: turning in bed and getting up (UK)","shared cluster: pain-management"
"stairlifts-arthritis-frailty-uk-home","toilet-frame-arthritis-frailty-uk","Stairlifts, arthritis and frailty: questions before you buy (UK)","shared cluster: pain-management|daily-living"
"direct-payments-arthritis-frailty-uk","toilet-frame-arthritis-frailty-uk","Direct Payments for care when arthritis and frailty overlap (UK)","shared cluster: pain-management|daily-living"
"footwear-indoor-slippers-frailty-arthritis-uk","toilet-frame-arthritis-frailty-uk","Indoor footwear: slippers, frailty and arthritis (UK)","shared cluster: pain-management"
"extra-care-housing-arthritis-frailty-uk","toilet-frame-arthritis-frailty-uk","Extra-care housing, arthritis and frailty (UK)","shared cluster: pain-management|daily-living"
"rise-recline-chair-arthritis-frailty-uk","commode-night-arthritis-frailty-uk","Rise-recline chairs for arthritis and frailty (UK)","shared cluster: daily-living"
"lasting-power-of-attorney-arthritis-frailty-uk","commode-night-arthritis-frailty-uk","Lasting power of attorney conversations in arthritis and frailty (UK)","shared cluster: daily-living"
"downstairs-living-arthritis-frailty-uk","commode-night-arthritis-frailty-uk","Temporary downstairs living with arthritis and frailty (UK)","shared cluster: daily-living"
"high-rise-flat-arthritis-frailty-lifts-uk","commode-night-arthritis-frailty-uk","High-rise flats, lifts and arthritis-related frailty (UK)","shared cluster: daily-living"
"occupational-therapist-kitchen-visit-frailty-uk","bed-lever-arthritis-frailty-uk","An OT kitchen visit for frail arthritis (UK)","shared cluster: daily-living"
"wrist-osteoarthritis-frailty-walking-aids-uk","bed-lever-arthritis-frailty-uk","Wrist osteoarthritis and frailty: choosing a walking aid that does not hurt (UK)","shared cluster: daily-living"
"reablement-after-discharge-arthritis-uk","bed-lever-arthritis-frailty-uk","Reablement after hospital if arthritis slowed the admission (UK)","shared cluster: daily-living"
"wet-rooms-arthritis-frailty-washing-uk","bed-lever-arthritis-frailty-uk","Wet rooms and arthritis: washing when you are frail (UK)","shared cluster: daily-living"
"wrist-osteoarthritis-frailty-walking-aids-uk","sofa-height-arthritis-frailty-uk","Wrist osteoarthritis and frailty: choosing a walking aid that does not hurt (UK)","shared cluster: daily-living|condition-specific"
"osteoporosis-arthritis-frailty-bone-joint-uk","sofa-height-arthritis-frailty-uk","Osteoporosis, arthritis and frailty: protecting bone and joint together (UK)","shared cluster: condition-specific|daily-living"
"cooking-with-hand-oa-frailty-uk","sofa-height-arthritis-frailty-uk","Cooking with hand osteoarthritis when you are becoming frailer (UK)","shared cluster: daily-living|condition-specific"
"joint-replacement-decision-frailty-uk","sofa-height-arthritis-frailty-uk","Joint replacement decisions when frailty is already present (UK)","shared cluster: condition-specific|daily-living"
"libraries-arthritis-frailty-getting-out-uk","threshold-ramps-arthritis-frailty-uk","Libraries as a gentle outing with arthritis and frailty (UK)","shared cluster: daily-living"
"outdoor-steps-handrails-arthritis-uk","threshold-ramps-arthritis-frailty-uk","Outdoor steps and handrails when arthritis meets frailty (UK)","shared cluster: daily-living"
"mobility-scooter-arthritis-frailty-uk","threshold-ramps-arthritis-frailty-uk","Mobility scooters, arthritis and frailty (UK)","shared cluster: daily-living"
"hand-osteoarthritis-frailty-dressing-cooking-uk","threshold-ramps-arthritis-frailty-uk","Hand osteoarthritis and frailty: dressing, cooking and grip (UK)","shared cluster: daily-living"
"carers-assessment-arthritis-frailty-uk","outdoor-steps-handrails-arthritis-uk","Carer's assessments when arthritis and frailty share a home (UK)","shared cluster: daily-living"
"threshold-ramps-arthritis-frailty-uk","outdoor-steps-handrails-arthritis-uk","Threshold ramps for frail adults with arthritis (UK)","shared cluster: daily-living"
"mobility-scooter-arthritis-frailty-uk","outdoor-steps-handrails-arthritis-uk","Mobility scooters, arthritis and frailty (UK)","shared cluster: daily-living"
"hand-osteoarthritis-frailty-dressing-cooking-uk","outdoor-steps-handrails-arthritis-uk","Hand osteoarthritis and frailty: dressing, cooking and grip (UK)","shared cluster: daily-living"
"disabled-facilities-grant-arthritis-frailty-uk","ice-snow-arthritis-frailty-uk","Disabled Facilities Grants, arthritis and frailty (UK)","shared cluster: daily-living|pain-management"
"community-alarm-arthritis-frailty-uk","ice-snow-arthritis-frailty-uk","Community alarms when arthritis and frailty raise falls risk (UK)","shared cluster: pain-management|daily-living"
"short-breaks-accessible-arthritis-frailty-uk","ice-snow-arthritis-frailty-uk","Short accessible breaks for frail adults with arthritis (UK)","shared cluster: pain-management|daily-living"
"reablement-after-discharge-arthritis-uk","ice-snow-arthritis-frailty-uk","Reablement after hospital if arthritis slowed the admission (UK)","shared cluster: daily-living|pain-management"
"night-lights-arthritis-falls-frailty-uk","heat-packs-frail-arthritis-uk","Night lights, joint stiffness and frailty (UK)","shared cluster: pain-management"
"pendant-alarm-arthritis-swollen-fingers-uk","heat-packs-frail-arthritis-uk","Pendant alarms when fingers are swollen from arthritis (UK)","shared cluster: pain-management"
"footwear-indoor-slippers-frailty-arthritis-uk","heat-packs-frail-arthritis-uk","Indoor footwear: slippers, frailty and arthritis (UK)","shared cluster: pain-management"
"hip-oa-frailty-bed-mobility-uk","heat-packs-frail-arthritis-uk","Hip osteoarthritis and frailty: turning in bed and getting up (UK)","shared cluster: pain-management"
"polyarticular-oa-frailty-pacing-several-joints-uk","pacing-housework-arthritis-frailty-uk","Polyarticular osteoarthritis and frailty: pacing several painful joints (UK)","shared cluster: fatigue-management"
"naps-versus-inactivity-arthritis-frailty-uk","pacing-housework-arthritis-frailty-uk","Naps versus inactivity in arthritis and frailty (UK)","shared cluster: fatigue-management|daily-living"
"social-prescribing-arthritis-frailty-uk","pacing-housework-arthritis-frailty-uk","Social prescribing for arthritis and frailty (UK)","shared cluster: daily-living"
"exam-adjustments-for-students-with-arthritis","pacing-housework-arthritis-frailty-uk","Exam Adjustments for Students With Arthritis","shared cluster: fatigue-management|daily-living"
"heart-failure-arthritis-frailty-overlap-uk","pacing-visitors-arthritis-frailty-uk","Heart failure, arthritis and frailty: pacing two conditions (UK)","shared cluster: fatigue-management"
"family-meetings-arthritis-frailty-uk","pacing-visitors-arthritis-frailty-uk","Family meetings about arthritis, frailty and staying at home (UK)","shared cluster: caregiver-support"
"ra-fatigue-frailty-energy-envelope-uk","pacing-visitors-arthritis-frailty-uk","RA fatigue and frailty: protecting your energy envelope (UK)","shared cluster: fatigue-management"
"sleep-arthritis-frailty-night-pain-uk","pacing-visitors-arthritis-frailty-uk","Sleep, night pain and frailty in arthritis (UK)","shared cluster: fatigue-management"
"day-centres-arthritis-frailty-uk","activity-diary-arthritis-frailty-uk","Day centres for people with arthritis and frailty (UK)","shared cluster: pain-management"
"pendant-alarm-arthritis-swollen-fingers-uk","activity-diary-arthritis-frailty-uk","Pendant alarms when fingers are swollen from arthritis (UK)","shared cluster: pain-management"
"stair-assessments-arthritis-frailty-uk","activity-diary-arthritis-frailty-uk","Stair assessments for frail adults with arthritis (UK)","shared cluster: pain-management"
"inflammatory-arthritis-frailty-flare-week-uk","activity-diary-arthritis-frailty-uk","Inflammatory arthritis and frailty: surviving a flare week (UK)","shared cluster: pain-management"
"confidence-after-fall-arthritis-frailty-uk","goal-setting-tiny-wins-arthritis-frailty-uk","Rebuilding confidence after a fall if you have arthritis (UK)","shared cluster: mental-health|pain-management"
"motivation-after-setback-arthritis-frailty-uk","goal-setting-tiny-wins-arthritis-frailty-uk","Motivation after a setback: arthritis, frailty and starting again (UK)","shared cluster: mental-health|pain-management"
"mindfulness-pain-arthritis-frailty-uk","goal-setting-tiny-wins-arthritis-frailty-uk","Mindfulness for pain when arthritis and frailty overlap (UK)","shared cluster: mental-health"
"talking-therapies-pain-older-arthritis-uk","goal-setting-tiny-wins-arthritis-frailty-uk","Talking therapies for pain in older adults with arthritis (UK)","shared cluster: mental-health|pain-management"
"fear-of-falling-hip-oa-frailty-uk","motivation-after-setback-arthritis-frailty-uk","Fear of falling with hip osteoarthritis and frailty (UK)","shared cluster: mental-health"
"confidence-after-fall-arthritis-frailty-uk","motivation-after-setback-arthritis-frailty-uk","Rebuilding confidence after a fall if you have arthritis (UK)","shared cluster: mental-health|pain-management"
"talking-therapies-pain-older-arthritis-uk","motivation-after-setback-arthritis-frailty-uk","Talking therapies for pain in older adults with arthritis (UK)","shared cluster: mental-health|pain-management"
"allotment-identity-arthritis-frailty-uk","motivation-after-setback-arthritis-frailty-uk","Allotments, identity and frailty if arthritis takes the digging (UK)","shared cluster: mental-health|pain-management"
"grandparenting-arthritis-frailty-uk","carers-how-to-help-without-taking-over-uk","Grandparenting with arthritis and frailty (UK)","shared cluster: pain-management"
"hoist-conversations-family-carers-uk","carers-how-to-help-without-taking-over-uk","Hoist conversations for family carers of people with arthritis (UK)","shared cluster: caregiver-support|pain-management"
"elbow-osteoarthritis-frailty-kitchen-tasks-uk","carers-how-to-help-without-taking-over-uk","Elbow osteoarthritis and frailty: kitchen tasks without a flare spiral (UK)","shared cluster: pain-management"
"ra-frailty-older-adults-daily-rhythm-uk","carers-how-to-help-without-taking-over-uk","Rheumatoid arthritis and frailty in older adults: a gentler daily rhythm (UK)","shared cluster: pain-management"
"pacing-visitors-arthritis-frailty-uk","carer-burnout-arthritis-frailty-uk","Pacing visitors and family days with arthritis and frailty (UK)","shared cluster: caregiver-support"
"family-meetings-arthritis-frailty-uk","carer-burnout-arthritis-frailty-uk","Family meetings about arthritis, frailty and staying at home (UK)","shared cluster: caregiver-support|mental-health"
"caregiver-burnout-warning-signs-prevention","carer-burnout-arthritis-frailty-uk","Caregiver","shared cluster: caregiver-support|mental-health"
"depression-osteoarthritis-frailty-uk","carer-burnout-arthritis-frailty-uk","Depression, osteoarthritis and frailty (UK)","shared cluster: mental-health"
"befriending-arthritis-frailty-uk","family-meetings-arthritis-frailty-uk","Befriending services when arthritis and frailty isolate you (UK)","shared cluster: mental-health"
"pacing-visitors-arthritis-frailty-uk","family-meetings-arthritis-frailty-uk","Pacing visitors and family days with arthritis and frailty (UK)","shared cluster: caregiver-support"
"carer-burnout-arthritis-frailty-uk","family-meetings-arthritis-frailty-uk","Carer burnout when arthritis and frailty fill the week (UK)","shared cluster: mental-health|caregiver-support"
"rise-recline-chair-arthritis-frailty-uk","lasting-power-of-attorney-arthritis-frailty-uk","Rise-recline chairs for arthritis and frailty (UK)","shared cluster: daily-living"
"smart-speakers-arthritis-frailty-uk","lasting-power-of-attorney-arthritis-frailty-uk","Smart speakers for frail adults with arthritis (UK)","shared cluster: daily-living"
"downstairs-living-arthritis-frailty-uk","lasting-power-of-attorney-arthritis-frailty-uk","Temporary downstairs living with arthritis and frailty (UK)","shared cluster: daily-living"
"high-rise-flat-arthritis-frailty-lifts-uk","lasting-power-of-attorney-arthritis-frailty-uk","High-rise flats, lifts and arthritis-related frailty (UK)","shared cluster: daily-living"
"older-adults-arthritis-frailty-northern-ireland-uk","advance-care-planning-arthritis-frailty-uk","Arthritis and frailty support for older adults in Northern Ireland (UK)","shared cluster: pain-management|daily-living"
"intermediate-care-arthritis-frailty-uk","advance-care-planning-arthritis-frailty-uk","Intermediate care beds after arthritis-related deconditioning (UK)","shared cluster: daily-living"
"end-of-life-joint-pain-frailty-uk","advance-care-planning-arthritis-frailty-uk","Joint pain, frailty and comfort-focused care (UK)","shared cluster: pain-management|daily-living"
"eye-clinic-day-arthritis-frailty-uk","advance-care-planning-arthritis-frailty-uk","Eye clinic days with arthritis and frailty (UK)","shared cluster: pain-management|daily-living"
"gp-frailty-register-arthritis-uk","dnacpr-conversations-arthritis-frailty-uk","GP frailty registers if you also live with arthritis (UK)","shared cluster: pain-management"
"nine-nine-nine-vs-111-arthritis-frailty-uk","dnacpr-conversations-arthritis-frailty-uk","999 versus NHS 111 when arthritis, frailty and a crisis collide (UK)","shared cluster: pain-management"
"gout-winter-dehydration-frailty-uk","dnacpr-conversations-arthritis-frailty-uk","Winter gout, dehydration and frailty (UK)","shared cluster: pain-management"
"psoriatic-arthritis-later-life-frailty-uk","dnacpr-conversations-arthritis-frailty-uk","Psoriatic arthritis in later life: joints, skin and frailty (UK)","shared cluster: pain-management"
"flare-versus-frailty-arthritis-uk","end-of-life-joint-pain-frailty-uk","Flare versus frailty: telling a bad joint week from a slower body (UK)","shared cluster: pain-management|daily-living"
"gp-home-visit-arthritis-frailty-uk","end-of-life-joint-pain-frailty-uk","Asking for a GP home visit if arthritis and frailty trap you indoors (UK)","shared cluster: daily-living|pain-management"
"blood-test-transport-arthritis-frailty-uk","end-of-life-joint-pain-frailty-uk","Getting to blood tests when you are frail with arthritis (UK)","shared cluster: daily-living"
"pmr-frailty-morning-stiffness-uk","end-of-life-joint-pain-frailty-uk","Polymyalgia rheumatica and frailty: morning stiffness versus muscle loss (UK)","shared cluster: pain-management|daily-living"
"carer-burnout-arthritis-frailty-uk","spiritual-care-arthritis-frailty-uk","Carer burnout when arthritis and frailty fill the week (UK)","shared cluster: mental-health"
"bereavement-arthritis-frailty-living-alone-uk","spiritual-care-arthritis-frailty-uk","Bereavement, living alone, arthritis and frailty (UK)","shared cluster: mental-health"
"allotment-identity-arthritis-frailty-uk","spiritual-care-arthritis-frailty-uk","Allotments, identity and frailty if arthritis takes the digging (UK)","shared cluster: mental-health"
"depression-osteoarthritis-frailty-uk","spiritual-care-arthritis-frailty-uk","Depression, osteoarthritis and frailty (UK)","shared cluster: mental-health"
"loneliness-arthritis-frailty-social-contact-uk","bereavement-arthritis-frailty-living-alone-uk","Loneliness, arthritis and frailty: rebuilding social contact (UK)","shared cluster: mental-health"
"spiritual-care-arthritis-frailty-uk","bereavement-arthritis-frailty-living-alone-uk","Spiritual care, arthritis and frailty (UK)","shared cluster: mental-health"
"ra-fatigue-frailty-energy-envelope-uk","bereavement-arthritis-frailty-living-alone-uk","RA fatigue and frailty: protecting your energy envelope (UK)","shared cluster: mental-health"
"depression-osteoarthritis-frailty-uk","bereavement-arthritis-frailty-living-alone-uk","Depression, osteoarthritis and frailty (UK)","shared cluster: mental-health"
"vitamin-d-winter-arthritis-frailty-uk","widowhood-meals-arthritis-frailty-uk","Vitamin D in winter: arthritis, bone and frailty (UK)","shared cluster: nutrition"
"kitchen-adaptations-arthritis-frailty-uk","widowhood-meals-arthritis-frailty-uk","Kitchen adaptations when arthritis and frailty share the house (UK)","shared cluster: nutrition"
"speech-swallowing-meals-arthritis-frailty-uk","widowhood-meals-arthritis-frailty-uk","Slow meals, sore hands and frailty: keeping eating safe (UK)","shared cluster: nutrition|daily-living"
"shopping-online-arthritis-frailty-uk","widowhood-meals-arthritis-frailty-uk","Online food shops for frail adults with arthritis (UK)","shared cluster: nutrition|daily-living"
"frailty-services-arthritis-scotland-uk","living-alone-falls-plan-arthritis-uk","Frailty services and arthritis in Scotland (UK)","shared cluster: daily-living"
"uti-confusion-arthritis-frailty-uk","living-alone-falls-plan-arthritis-uk","UTIs, confusion and frailty in people with arthritis (UK)","shared cluster: daily-living"
"blood-test-transport-arthritis-frailty-uk","living-alone-falls-plan-arthritis-uk","Getting to blood tests when you are frail with arthritis (UK)","shared cluster: daily-living"
"late-onset-ra-frailty-first-months-uk","living-alone-falls-plan-arthritis-uk","Late-onset rheumatoid arthritis and frailty: the first months (UK)","shared cluster: daily-living"
"day-centres-arthritis-frailty-uk","pendant-alarm-arthritis-swollen-fingers-uk","Day centres for people with arthritis and frailty (UK)","shared cluster: pain-management"
"repeat-prescriptions-arthritis-frailty-uk","pendant-alarm-arthritis-swollen-fingers-uk","Repeat prescriptions when leaving the house is the hard part (UK)","shared cluster: pain-management"
"stair-assessments-arthritis-frailty-uk","pendant-alarm-arthritis-swollen-fingers-uk","Stair assessments for frail adults with arthritis (UK)","shared cluster: pain-management"
"hip-oa-frailty-bed-mobility-uk","pendant-alarm-arthritis-swollen-fingers-uk","Hip osteoarthritis and frailty: turning in bed and getting up (UK)","shared cluster: pain-management"
"high-rise-flat-arthritis-frailty-lifts-uk","smart-speakers-arthritis-frailty-uk","High-rise flats, lifts and arthritis-related frailty (UK)","shared cluster: daily-living"
"lasting-power-of-attorney-arthritis-frailty-uk","smart-speakers-arthritis-frailty-uk","Lasting power of attorney conversations in arthritis and frailty (UK)","shared cluster: daily-living"
"volunteering-seated-arthritis-frailty-uk","smart-speakers-arthritis-frailty-uk","Seated volunteering with arthritis and frailty (UK)","shared cluster: daily-living"
"rise-recline-chair-arthritis-frailty-uk","smart-speakers-arthritis-frailty-uk","Rise-recline chairs for arthritis and frailty (UK)","shared cluster: daily-living"
"bone-protection-steroids-arthritis-frailty-uk","remote-gp-apps-arthritis-frailty-uk","Bone protection on steroids when you also have arthritis and frailty (UK)","shared cluster: daily-living"
"covid-winter-arthritis-frailty-uk","remote-gp-apps-arthritis-frailty-uk","Winter viruses, arthritis medicines and frailty (UK)","shared cluster: daily-living"
"hobbies-arthritis-friendly-uk","remote-gp-apps-arthritis-frailty-uk","10 Arthritis-Friendly Hobbies UK Patients Love","shared cluster: daily-living"
"rockwood-clinical-frailty-scale-arthritis-uk","remote-gp-apps-arthritis-frailty-uk","What the Rockwood Clinical Frailty Scale means if you also have arthritis (UK)","shared cluster: daily-living"
"night-lights-arthritis-falls-frailty-uk","repeat-prescriptions-arthritis-frailty-uk","Night lights, joint stiffness and frailty (UK)","shared cluster: pain-management"
"pendant-alarm-arthritis-swollen-fingers-uk","repeat-prescriptions-arthritis-frailty-uk","Pendant alarms when fingers are swollen from arthritis (UK)","shared cluster: pain-management"
"stair-assessments-arthritis-frailty-uk","repeat-prescriptions-arthritis-frailty-uk","Stair assessments for frail adults with arthritis (UK)","shared cluster: pain-management"
"hip-oa-frailty-bed-mobility-uk","repeat-prescriptions-arthritis-frailty-uk","Hip osteoarthritis and frailty: turning in bed and getting up (UK)","shared cluster: pain-management"
"frailty-services-arthritis-scotland-uk","blood-test-transport-arthritis-frailty-uk","Frailty services and arthritis in Scotland (UK)","shared cluster: daily-living"
"living-alone-falls-plan-arthritis-uk","blood-test-transport-arthritis-frailty-uk","A falls plan if you live alone with arthritis (UK)","shared cluster: daily-living"
"rheumatology-waiting-times-uk","blood-test-transport-arthritis-frailty-uk","Rheumatology Waiting Times UK – How to Cope While Waiting","shared cluster: daily-living"
"late-onset-ra-frailty-first-months-uk","blood-test-transport-arthritis-frailty-uk","Late-onset rheumatoid arthritis and frailty: the first months (UK)","shared cluster: daily-living"
"falls-clinic-arthritis-what-to-expect-uk","eye-clinic-day-arthritis-frailty-uk","Falls clinic with arthritis: what to expect (UK)","shared cluster: daily-living"
"nine-nine-nine-vs-111-arthritis-frailty-uk","eye-clinic-day-arthritis-frailty-uk","999 versus NHS 111 when arthritis, frailty and a crisis collide (UK)","shared cluster: pain-management"
"expert-qa-returning-to-work-after-a-bad-flare","eye-clinic-day-arthritis-frailty-uk","Expert Q&A: Returning to Work After a Bad Flare","shared cluster: pain-management|daily-living"
"flare-versus-frailty-arthritis-uk","eye-clinic-day-arthritis-frailty-uk","Flare versus frailty: telling a bad joint week from a slower body (UK)","shared cluster: pain-management|daily-living"
"ra-steroids-frailty-infection-watch-uk","rheumatology-clinic-frail-older-adult-uk","Steroids, rheumatoid arthritis and frailty: watching for infection (UK)","shared cluster: condition-specific|pain-management"
"prefrailty-osteoarthritis-early-action-uk","rheumatology-clinic-frail-older-adult-uk","Prefrailty and osteoarthritis: early action before a crisis (UK)","shared cluster: condition-specific|pain-management"
"orthotics-insoles-arthritis-frailty-uk","rheumatology-clinic-frail-older-adult-uk","Insoles and orthotics for frail adults with arthritis (UK)","shared cluster: condition-specific"
"hand-therapy-frail-ra-uk","rheumatology-clinic-frail-older-adult-uk","Hand therapy for frail adults with rheumatoid arthritis (UK)","shared cluster: condition-specific|pain-management"
"older-adults-arthritis-frailty-northern-ireland-uk","geriatric-clinic-plus-arthritis-uk","Arthritis and frailty support for older adults in Northern Ireland (UK)","shared cluster: pain-management|daily-living"
"cognition-arthritis-frailty-remembering-tablets-uk","geriatric-clinic-plus-arthritis-uk","Cognition, arthritis and remembering tablets (UK)","shared cluster: pain-management|daily-living"
"end-of-life-joint-pain-frailty-uk","geriatric-clinic-plus-arthritis-uk","Joint pain, frailty and comfort-focused care (UK)","shared cluster: pain-management|daily-living"
"fried-frailty-phenotype-painful-joints-uk","geriatric-clinic-plus-arthritis-uk","The Fried frailty phenotype when joints are painful (UK)","shared cluster: pain-management|daily-living"
"neck-osteoarthritis-frailty-balance-looking-down-uk","bone-clinic-arthritis-frailty-uk","Neck osteoarthritis and frailty: looking down, dizziness and balance (UK)","shared cluster: condition-specific"
"calluses-pressure-spots-frail-arthritis-uk","bone-clinic-arthritis-frailty-uk","Calluses and pressure spots in frail arthritic feet (UK)","shared cluster: condition-specific"
"osteoporosis-arthritis-frailty-bone-joint-uk","bone-clinic-arthritis-frailty-uk","Osteoporosis, arthritis and frailty: protecting bone and joint together (UK)","shared cluster: condition-specific"
"spinal-osteoarthritis-frailty-standing-pacing-uk","bone-clinic-arthritis-frailty-uk","Spinal osteoarthritis and frailty: standing tall without overdoing it (UK)","shared cluster: condition-specific"
"gabapentinoids-unsteadiness-arthritis-frailty-uk","pain-clinic-older-frail-arthritis-uk","Gabapentinoids, unsteadiness and arthritis in later life (UK)","shared cluster: pain-management"
"nursing-home-arthritis-pain-review-uk","pain-clinic-older-frail-arthritis-uk","Nursing homes and arthritis: asking for a pain and movement review (UK)","shared cluster: pain-management"
"tens-machine-older-frail-arthritis-uk","pain-clinic-older-frail-arthritis-uk","TENS machines for older frail adults with arthritis (UK)","shared cluster: pain-management"
"painkillers-older-adults-arthritis-caution-uk","pain-clinic-older-frail-arthritis-uk","Painkillers in older adults with arthritis: caution, not dosing (UK)","shared cluster: pain-management"
"gout-older-people-frailty-hydration-uk","injections-knee-frail-adults-uk","Gout in older people and frailty: hydration, feet and falls (UK)","shared cluster: condition-specific|exercise-movement"
"methotrexate-older-frail-adults-uk","injections-knee-frail-adults-uk","Methotrexate in older frail adults with rheumatoid arthritis (UK)","shared cluster: condition-specific"
"orthotics-insoles-arthritis-frailty-uk","injections-knee-frail-adults-uk","Insoles and orthotics for frail adults with arthritis (UK)","shared cluster: condition-specific"
"hip-osteoarthritis-frailty-chair-rise-uk","injections-knee-frail-adults-uk","Hip osteoarthritis and frailty: getting out of a chair more safely (UK)","shared cluster: condition-specific|exercise-movement"
"ra-monitoring-older-frail-adults-uk","joint-replacement-decision-frailty-uk","Blood monitoring for RA in older frail adults (UK)","shared cluster: condition-specific|daily-living"
"post-hip-replacement-frailty-home-uk","joint-replacement-decision-frailty-uk","After hip replacement: coming home frail (UK)","shared cluster: condition-specific|daily-living"
"anticholinergic-load-arthritis-frailty-uk","joint-replacement-decision-frailty-uk","Anticholinergic load, arthritis medicines and frailty (UK)","shared cluster: daily-living"
"pip-osteoarthritis-both-knees","joint-replacement-decision-frailty-uk","How to Claim PIP for Osteoarthritis in Both Knees","shared cluster: condition-specific|daily-living"
"steroid-emergency-card-frail-arthritis-uk","anaesthetic-risk-arthritis-frailty-uk","Steroid emergency cards when arthritis treatment meets frailty (UK)","shared cluster: daily-living"
"blood-pressure-tablets-falls-arthritis-uk","anaesthetic-risk-arthritis-frailty-uk","Blood pressure tablets, standing up and arthritic joints (UK)","shared cluster: daily-living"
"ra-monitoring-older-frail-adults-uk","anaesthetic-risk-arthritis-frailty-uk","Blood monitoring for RA in older frail adults (UK)","shared cluster: daily-living"
"free-arthritis-exercise-classes-england","prehabilitation-frail-arthritis-before-surgery-uk","Free Arthritis Exercise Classes Near Me England","shared cluster: exercise-movement"
"prehabilitation-how-pre-op-exercise-speeds-recovery","prehabilitation-frail-arthritis-before-surgery-uk","Prehabilitation: How Pre-Op Exercise Speeds Recovery","shared cluster: exercise-movement"
"hip-osteoarthritis-frailty-chair-rise-uk","prehabilitation-frail-arthritis-before-surgery-uk","Hip osteoarthritis and frailty: getting out of a chair more safely (UK)","shared cluster: exercise-movement"
"sit-to-stand-practice-frail-arthritis-uk","prehabilitation-frail-arthritis-before-surgery-uk","Sit-to-stand practice for frail adults with arthritis (UK)","shared cluster: exercise-movement"
"older-adults-arthritis-frailty-northern-ireland-uk","post-op-constipation-arthritis-frailty-uk","Arthritis and frailty support for older adults in Northern Ireland (UK)","shared cluster: pain-management|daily-living"
"cognition-arthritis-frailty-remembering-tablets-uk","post-op-constipation-arthritis-frailty-uk","Cognition, arthritis and remembering tablets (UK)","shared cluster: pain-management|daily-living"
"geriatric-clinic-plus-arthritis-uk","post-op-constipation-arthritis-frailty-uk","Geriatric clinics that also take arthritis seriously (UK)","shared cluster: pain-management|daily-living"
"expert-qa-returning-to-work-after-a-bad-flare","post-op-constipation-arthritis-frailty-uk","Expert Q&A: Returning to Work After a Bad Flare","shared cluster: pain-management|daily-living"
"gp-frailty-register-arthritis-uk","wound-care-reaching-arthritis-frailty-uk","GP frailty registers if you also live with arthritis (UK)","shared cluster: pain-management"
"dnacpr-conversations-arthritis-frailty-uk","wound-care-reaching-arthritis-frailty-uk","DNACPR conversations: arthritis, frailty and being heard (UK)","shared cluster: pain-management"
"gout-winter-dehydration-frailty-uk","wound-care-reaching-arthritis-frailty-uk","Winter gout, dehydration and frailty (UK)","shared cluster: pain-management"
"prefrailty-osteoarthritis-early-action-uk","wound-care-reaching-arthritis-frailty-uk","Prefrailty and osteoarthritis: early action before a crisis (UK)","shared cluster: pain-management"
"elbow-osteoarthritis-frailty-kitchen-tasks-uk","compression-stockings-hand-oa-frailty-uk","Elbow osteoarthritis and frailty: kitchen tasks without a flare spiral (UK)","shared cluster: pain-management|condition-specific"
"hip-oa-frailty-bed-mobility-uk","compression-stockings-hand-oa-frailty-uk","Hip osteoarthritis and frailty: turning in bed and getting up (UK)","shared cluster: condition-specific|pain-management"
"rheumatology-clinic-frail-older-adult-uk","compression-stockings-hand-oa-frailty-uk","Rheumatology clinics for frail older adults (UK)","shared cluster: condition-specific|pain-management"
"dosette-boxes-arthritis-frailty-hands-uk","compression-stockings-hand-oa-frailty-uk","Dosette boxes and blister packs when arthritis affects the hands (UK)","shared cluster: condition-specific|pain-management"
"chest-infection-arthritis-frailty-uk","swelling-legs-arthritis-frailty-uk","Chest infections, arthritis pain and frailty (UK)","shared cluster: pain-management"
"inflammatory-arthritis-frailty-flare-week-uk","swelling-legs-arthritis-frailty-uk","Inflammatory arthritis and frailty: surviving a flare week (UK)","shared cluster: pain-management"
"appetite-loss-arthritis-frailty-uk","swelling-legs-arthritis-frailty-uk","Appetite loss, arthritis pain and frailty (UK)","shared cluster: pain-management"
"cppd-pseudogout-frailty-sudden-hot-joint-uk","swelling-legs-arthritis-frailty-uk","CPPD (pseudogout) and frailty: a sudden hot joint in later life (UK)","shared cluster: pain-management"
"copd-arthritis-frailty-breathlessness-uk","lymphoedema-arthritis-frailty-uk","COPD, arthritis and frailty: breathlessness plus sore joints (UK)","shared cluster: exercise-movement"
"hospital-parking-walking-frail-arthritis-uk","lymphoedema-arthritis-frailty-uk","Hospital parking, walking distance and frail arthritis (UK)","shared cluster: exercise-movement|pain-management"
"packing-list-arthritis-traveller","lymphoedema-arthritis-frailty-uk","The Ultimate Packing List for an Arthritis Traveller","shared cluster: exercise-movement|pain-management"
"slow-walking-groups-arthritis-frailty-uk","lymphoedema-arthritis-frailty-uk","Slow walking groups for arthritis and frailty (UK)","shared cluster: exercise-movement|pain-management"
"codeine-drowsiness-falls-arthritis-uk","sleep-apnoea-arthritis-frailty-uk","Codeine, drowsiness and falls when you have arthritis (UK)","shared cluster: fatigue-management|pain-management"
"chest-infection-arthritis-frailty-uk","sleep-apnoea-arthritis-frailty-uk","Chest infections, arthritis pain and frailty (UK)","shared cluster: fatigue-management|pain-management"
"oily-fish-arthritis-frailty-simple-meals-uk","sleep-apnoea-arthritis-frailty-uk","Oily fish, arthritis and frailty: simple meals (UK)","shared cluster: fatigue-management|pain-management"
"longevity-habits-arthritis-patients","sleep-apnoea-arthritis-frailty-uk","5 Longevity Habits That Help People With Arthritis Live Long","shared cluster: fatigue-management"
"ra-fatigue-frailty-energy-envelope-uk","restless-nights-joint-pain-frailty-uk","RA fatigue and frailty: protecting your energy envelope (UK)","shared cluster: fatigue-management|mental-health"
"sleep-arthritis-frailty-night-pain-uk","restless-nights-joint-pain-frailty-uk","Sleep, night pain and frailty in arthritis (UK)","shared cluster: fatigue-management|mental-health"
"arthritis-fatigue-explained","restless-nights-joint-pain-frailty-uk","Arthritis Fatigue Explained: Why It Happens and What Helps","shared cluster: fatigue-management|mental-health"
"longevity-habits-arthritis-patients","restless-nights-joint-pain-frailty-uk","5 Longevity Habits That Help People With Arthritis Live Long","shared cluster: fatigue-management|mental-health"
"carers-assessment-arthritis-frailty-uk","naps-versus-inactivity-arthritis-frailty-uk","Carer's assessments when arthritis and frailty share a home (UK)","shared cluster: daily-living"
"sleeping-tablets-falls-arthritis-frailty-uk","naps-versus-inactivity-arthritis-frailty-uk","Sleeping tablets, night falls and arthritis (UK)","shared cluster: fatigue-management|daily-living"
"pacing-housework-arthritis-frailty-uk","naps-versus-inactivity-arthritis-frailty-uk","Pacing housework when arthritis and frailty share the chores (UK)","shared cluster: fatigue-management|daily-living"
"exam-adjustments-for-students-with-arthritis","naps-versus-inactivity-arthritis-frailty-uk","Exam Adjustments for Students With Arthritis","shared cluster: fatigue-management|daily-living"
"sheltered-housing-arthritis-frailty-uk","morning-stiffness-frailty-routine-uk","Sheltered housing, arthritis and frailty (UK)","shared cluster: pain-management|daily-living"
"faith-groups-arthritis-frailty-access-uk","morning-stiffness-frailty-routine-uk","Faith groups, access and arthritis-related frailty (UK)","shared cluster: pain-management|daily-living"
"short-breaks-accessible-arthritis-frailty-uk","morning-stiffness-frailty-routine-uk","Short accessible breaks for frail adults with arthritis (UK)","shared cluster: pain-management|daily-living"
"reablement-after-discharge-arthritis-uk","morning-stiffness-frailty-routine-uk","Reablement after hospital if arthritis slowed the admission (UK)","shared cluster: daily-living|pain-management"
"community-transport-arthritis-frailty-uk","evening-routine-arthritis-frailty-uk","Community transport for arthritis and frailty (UK)","shared cluster: daily-living"
"threshold-ramps-arthritis-frailty-uk","evening-routine-arthritis-frailty-uk","Threshold ramps for frail adults with arthritis (UK)","shared cluster: daily-living"
"mobility-scooter-arthritis-frailty-uk","evening-routine-arthritis-frailty-uk","Mobility scooters, arthritis and frailty (UK)","shared cluster: daily-living"
"hand-osteoarthritis-frailty-dressing-cooking-uk","evening-routine-arthritis-frailty-uk","Hand osteoarthritis and frailty: dressing, cooking and grip (UK)","shared cluster: daily-living"
"day-centres-arthritis-frailty-uk","weekend-plan-arthritis-frailty-uk","Day centres for people with arthritis and frailty (UK)","shared cluster: pain-management"
"grandparenting-arthritis-frailty-uk","weekend-plan-arthritis-frailty-uk","Grandparenting with arthritis and frailty (UK)","shared cluster: fatigue-management|pain-management"
"chest-infection-arthritis-frailty-uk","weekend-plan-arthritis-frailty-uk","Chest infections, arthritis pain and frailty (UK)","shared cluster: fatigue-management|pain-management"
"oily-fish-arthritis-frailty-simple-meals-uk","weekend-plan-arthritis-frailty-uk","Oily fish, arthritis and frailty: simple meals (UK)","shared cluster: fatigue-management|pain-management"
"community-transport-arthritis-frailty-uk","holiday-at-home-arthritis-frailty-uk","Community transport for arthritis and frailty (UK)","shared cluster: daily-living"
"outdoor-steps-handrails-arthritis-uk","holiday-at-home-arthritis-frailty-uk","Outdoor steps and handrails when arthritis meets frailty (UK)","shared cluster: daily-living"
"second-hand-equipment-arthritis-frailty-uk","holiday-at-home-arthritis-frailty-uk","Second-hand equipment for arthritis and frailty: safety checks (UK)","shared cluster: daily-living"
"hand-osteoarthritis-frailty-dressing-cooking-uk","holiday-at-home-arthritis-frailty-uk","Hand osteoarthritis and frailty: dressing, cooking and grip (UK)","shared cluster: daily-living"
"sheltered-housing-arthritis-frailty-uk","short-breaks-accessible-arthritis-frailty-uk","Sheltered housing, arthritis and frailty (UK)","shared cluster: pain-management|daily-living"
"faith-groups-arthritis-frailty-access-uk","short-breaks-accessible-arthritis-frailty-uk","Faith groups, access and arthritis-related frailty (UK)","shared cluster: pain-management|daily-living"
"wheelchair-for-distance-arthritis-frailty-uk","short-breaks-accessible-arthritis-frailty-uk","A wheelchair for distance, not for giving up: arthritis and frailty (UK)","shared cluster: pain-management|daily-living"
"travelling-with-arthritis-uk","short-breaks-accessible-arthritis-frailty-uk","Travelling with Arthritis UK – Tips for Comfortable Holidays","shared cluster: pain-management|daily-living"
"care-home-life-arthritis-pain-frailty-uk","hospital-parking-walking-frail-arthritis-uk","Life in a care home with arthritis, pain and frailty (UK)","shared cluster: exercise-movement|pain-management"
"blue-badge-frailty-arthritis-uk","hospital-parking-walking-frail-arthritis-uk","Blue Badge, frailty and arthritis: walking distance in real life (UK)","shared cluster: exercise-movement"
"nursing-home-arthritis-pain-review-uk","hospital-parking-walking-frail-arthritis-uk","Nursing homes and arthritis: asking for a pain and movement review (UK)","shared cluster: pain-management|exercise-movement"
"lymphoedema-arthritis-frailty-uk","hospital-parking-walking-frail-arthritis-uk","Lymphoedema, arthritis and frailty: heavy limbs (UK)","shared cluster: exercise-movement|pain-management"
"sheltered-housing-arthritis-frailty-uk","wheelchair-for-distance-arthritis-frailty-uk","Sheltered housing, arthritis and frailty (UK)","shared cluster: pain-management|daily-living"
"hospital-appointments-frailty-arthritis-uk","wheelchair-for-distance-arthritis-frailty-uk","Hospital appointments when frailty and arthritis make the day huge (UK)","shared cluster: pain-management|daily-living"
"transfer-board-arthritis-frailty-uk","wheelchair-for-distance-arthritis-frailty-uk","Transfer boards for frail adults with arthritis (UK)","shared cluster: pain-management|daily-living"
"reablement-after-discharge-arthritis-uk","wheelchair-for-distance-arthritis-frailty-uk","Reablement after hospital if arthritis slowed the admission (UK)","shared cluster: daily-living|pain-management"
"community-transport-arthritis-frailty-uk","mobility-scooter-arthritis-frailty-uk","Community transport for arthritis and frailty (UK)","shared cluster: daily-living"
"outdoor-steps-handrails-arthritis-uk","mobility-scooter-arthritis-frailty-uk","Outdoor steps and handrails when arthritis meets frailty (UK)","shared cluster: daily-living"
"second-hand-equipment-arthritis-frailty-uk","mobility-scooter-arthritis-frailty-uk","Second-hand equipment for arthritis and frailty: safety checks (UK)","shared cluster: daily-living"
"hand-osteoarthritis-frailty-dressing-cooking-uk","mobility-scooter-arthritis-frailty-uk","Hand osteoarthritis and frailty: dressing, cooking and grip (UK)","shared cluster: daily-living"
"social-care-needs-assessment-arthritis-uk","transfer-board-arthritis-frailty-uk","Social care needs assessments for arthritis and frailty (UK)","shared cluster: pain-management|daily-living"
"hospital-appointments-frailty-arthritis-uk","transfer-board-arthritis-frailty-uk","Hospital appointments when frailty and arthritis make the day huge (UK)","shared cluster: pain-management|daily-living"
"wheelchair-for-distance-arthritis-frailty-uk","transfer-board-arthritis-frailty-uk","A wheelchair for distance, not for giving up: arthritis and frailty (UK)","shared cluster: pain-management|daily-living"
"reablement-after-discharge-arthritis-uk","transfer-board-arthritis-frailty-uk","Reablement after hospital if arthritis slowed the admission (UK)","shared cluster: daily-living|pain-management"
"community-ot-waiting-arthritis-frailty-uk","hoist-conversations-family-carers-uk","Waiting for community OT with arthritis and frailty (UK)","shared cluster: pain-management"
"carers-how-to-help-without-taking-over-uk","hoist-conversations-family-carers-uk","How carers can help with arthritis and frailty without taking over (UK)","shared cluster: caregiver-support|pain-management"
"short-term-equipment-loans-arthritis-uk","hoist-conversations-family-carers-uk","Short-term equipment loans for arthritis and frailty (UK)","shared cluster: pain-management"
"elbow-osteoarthritis-frailty-kitchen-tasks-uk","hoist-conversations-family-carers-uk","Elbow osteoarthritis and frailty: kitchen tasks without a flare spiral (UK)","shared cluster: pain-management"
"community-ot-waiting-arthritis-frailty-uk","pressure-cushion-arthritis-frailty-uk","Waiting for community OT with arthritis and frailty (UK)","shared cluster: pain-management"
"repeat-prescriptions-arthritis-frailty-uk","pressure-cushion-arthritis-frailty-uk","Repeat prescriptions when leaving the house is the hard part (UK)","shared cluster: pain-management"
"short-term-equipment-loans-arthritis-uk","pressure-cushion-arthritis-frailty-uk","Short-term equipment loans for arthritis and frailty (UK)","shared cluster: pain-management"
"hip-oa-frailty-bed-mobility-uk","pressure-cushion-arthritis-frailty-uk","Hip osteoarthritis and frailty: turning in bed and getting up (UK)","shared cluster: pain-management"
"community-ot-waiting-arthritis-frailty-uk","footwear-indoor-slippers-frailty-arthritis-uk","Waiting for community OT with arthritis and frailty (UK)","shared cluster: pain-management"
"repeat-prescriptions-arthritis-frailty-uk","footwear-indoor-slippers-frailty-arthritis-uk","Repeat prescriptions when leaving the house is the hard part (UK)","shared cluster: pain-management"
"short-term-equipment-loans-arthritis-uk","footwear-indoor-slippers-frailty-arthritis-uk","Short-term equipment loans for arthritis and frailty (UK)","shared cluster: pain-management"
"hip-oa-frailty-bed-mobility-uk","footwear-indoor-slippers-frailty-arthritis-uk","Hip osteoarthritis and frailty: turning in bed and getting up (UK)","shared cluster: pain-management"
"topical-nsaids-frail-hand-knee-oa-uk","orthotics-insoles-arthritis-frailty-uk","Topical NSAIDs for frail adults with hand or knee osteoarthritis (UK)","shared cluster: condition-specific"
"post-hip-replacement-frailty-home-uk","orthotics-insoles-arthritis-frailty-uk","After hip replacement: coming home frail (UK)","shared cluster: condition-specific"
"rheumatology-clinic-frail-older-adult-uk","orthotics-insoles-arthritis-frailty-uk","Rheumatology clinics for frail older adults (UK)","shared cluster: condition-specific"
"injections-knee-frail-adults-uk","orthotics-insoles-arthritis-frailty-uk","Knee injections in frail adults: questions worth asking (UK)","shared cluster: condition-specific"
"falls-clinic-arthritis-what-to-expect-uk","podiatry-nails-diabetes-arthritis-uk","Falls clinic with arthritis: what to expect (UK)","shared cluster: daily-living"
"uti-confusion-arthritis-frailty-uk","podiatry-nails-diabetes-arthritis-uk","UTIs, confusion and frailty in people with arthritis (UK)","shared cluster: daily-living"
"comprehensive-geriatric-assessment-arthritis-uk","podiatry-nails-diabetes-arthritis-uk","Comprehensive geriatric assessment in plain English if you have arthritis (UK)","shared cluster: daily-living"
"nhs-frailty-pathway-arthritis-england","podiatry-nails-diabetes-arthritis-uk","The NHS frailty pathway and arthritis in England","shared cluster: daily-living"
"shoulder-osteoarthritis-frailty-washing-dressing-uk","bunions-arthritis-frailty-shoes-uk","Shoulder osteoarthritis and frailty: reaching, washing and dressing (UK)","shared cluster: condition-specific"
"big-toe-osteoarthritis-frailty-shoes-balance-uk","bunions-arthritis-frailty-shoes-uk","Big-toe osteoarthritis and frailty: shoes, push-off and balance (UK)","shared cluster: condition-specific"
"hip-oa-frailty-getting-into-car-uk","bunions-arthritis-frailty-shoes-uk","Hip osteoarthritis and frailty: getting into a car without a jolt (UK)","shared cluster: condition-specific"
"generalised-oa-frailty-whole-body-day-uk","bunions-arthritis-frailty-shoes-uk","Generalised osteoarthritis and frailty: planning a whole-body day (UK)","shared cluster: condition-specific"
"neck-osteoarthritis-frailty-balance-looking-down-uk","calluses-pressure-spots-frail-arthritis-uk","Neck osteoarthritis and frailty: looking down, dizziness and balance (UK)","shared cluster: condition-specific"
"podiatry-footcare-arthritis-frailty-uk","calluses-pressure-spots-frail-arthritis-uk","Podiatry and footcare for frail adults with arthritis (UK)","shared cluster: condition-specific"
"bone-clinic-arthritis-frailty-uk","calluses-pressure-spots-frail-arthritis-uk","Bone clinics, arthritis and frailty (UK)","shared cluster: condition-specific"
"psoriatic-arthritis-later-life-frailty-uk","calluses-pressure-spots-frail-arthritis-uk","Psoriatic arthritis in later life: joints, skin and frailty (UK)","shared cluster: condition-specific"
"indoor-walking-frame-arthritis-frailty-uk","two-walking-aids-arthritis-frailty-uk","Indoor walking with a frame when arthritis and frailty overlap (UK)","shared cluster: exercise-movement|daily-living"
"walking-stick-vs-frame-arthritis-frailty-uk","two-walking-aids-arthritis-frailty-uk","Walking stick versus frame: arthritis, wrists and frailty (UK)","shared cluster: exercise-movement"
"copd-arthritis-frailty-breathlessness-uk","two-walking-aids-arthritis-frailty-uk","COPD, arthritis and frailty: breathlessness plus sore joints (UK)","shared cluster: daily-living|exercise-movement"
"walking-aids-arthritis-uk","two-walking-aids-arthritis-frailty-uk","Walking Aids for Arthritis UK – Sticks & Daily Aids","shared cluster: exercise-movement|daily-living"
"kettle-safety-arthritis-frailty-uk","stair-assessments-arthritis-frailty-uk","Kettle safety with arthritis and frailty (UK)","shared cluster: pain-management"
"weekend-plan-arthritis-frailty-uk","stair-assessments-arthritis-frailty-uk","Weekend plans when arthritis and frailty make days uneven (UK)","shared cluster: pain-management"
"heat-versus-ice-frail-arthritis-uk","stair-assessments-arthritis-frailty-uk","Heat versus ice for frail adults with arthritis (UK)","shared cluster: pain-management"
"hip-oa-frailty-bed-mobility-uk","stair-assessments-arthritis-frailty-uk","Hip osteoarthritis and frailty: turning in bed and getting up (UK)","shared cluster: pain-management"
"high-rise-flat-arthritis-frailty-lifts-uk","downstairs-living-arthritis-frailty-uk","High-rise flats, lifts and arthritis-related frailty (UK)","shared cluster: daily-living"
"lasting-power-of-attorney-arthritis-frailty-uk","downstairs-living-arthritis-frailty-uk","Lasting power of attorney conversations in arthritis and frailty (UK)","shared cluster: daily-living"
"volunteering-seated-arthritis-frailty-uk","downstairs-living-arthritis-frailty-uk","Seated volunteering with arthritis and frailty (UK)","shared cluster: daily-living"
"rise-recline-chair-arthritis-frailty-uk","downstairs-living-arthritis-frailty-uk","Rise-recline chairs for arthritis and frailty (UK)","shared cluster: daily-living"
"respite-care-arthritis-frailty-carers-uk","second-hand-equipment-arthritis-frailty-uk","Respite care for families living with arthritis and frailty (UK)","shared cluster: daily-living"
"naps-versus-inactivity-arthritis-frailty-uk","second-hand-equipment-arthritis-frailty-uk","Naps versus inactivity in arthritis and frailty (UK)","shared cluster: daily-living"
"local-wheelchair-service-arthritis-uk","second-hand-equipment-arthritis-frailty-uk","Local wheelchair services for frail adults with arthritis (UK)","shared cluster: daily-living"
"hand-osteoarthritis-frailty-dressing-cooking-uk","second-hand-equipment-arthritis-frailty-uk","Hand osteoarthritis and frailty: dressing, cooking and grip (UK)","shared cluster: daily-living"
"kettle-safety-arthritis-frailty-uk","short-term-equipment-loans-arthritis-uk","Kettle safety with arthritis and frailty (UK)","shared cluster: pain-management"
"hoist-conversations-family-carers-uk","short-term-equipment-loans-arthritis-uk","Hoist conversations for family carers of people with arthritis (UK)","shared cluster: pain-management"
"heat-versus-ice-frail-arthritis-uk","short-term-equipment-loans-arthritis-uk","Heat versus ice for frail adults with arthritis (UK)","shared cluster: pain-management"
"inflammatory-arthritis-frailty-flare-week-uk","short-term-equipment-loans-arthritis-uk","Inflammatory arthritis and frailty: surviving a flare week (UK)","shared cluster: pain-management"
"respite-care-arthritis-frailty-carers-uk","local-wheelchair-service-arthritis-uk","Respite care for families living with arthritis and frailty (UK)","shared cluster: daily-living"
"naps-versus-inactivity-arthritis-frailty-uk","local-wheelchair-service-arthritis-uk","Naps versus inactivity in arthritis and frailty (UK)","shared cluster: daily-living"
"second-hand-equipment-arthritis-frailty-uk","local-wheelchair-service-arthritis-uk","Second-hand equipment for arthritis and frailty: safety checks (UK)","shared cluster: daily-living"
"hand-osteoarthritis-frailty-dressing-cooking-uk","local-wheelchair-service-arthritis-uk","Hand osteoarthritis and frailty: dressing, cooking and grip (UK)","shared cluster: daily-living"
"ra-steroids-frailty-infection-watch-uk","hand-therapy-frail-ra-uk","Steroids, rheumatoid arthritis and frailty: watching for infection (UK)","shared cluster: condition-specific|pain-management"
"rheumatology-clinic-frail-older-adult-uk","hand-therapy-frail-ra-uk","Rheumatology clinics for frail older adults (UK)","shared cluster: condition-specific|pain-management"
"splints-night-hand-oa-frailty-uk","hand-therapy-frail-ra-uk","Night splints for hand osteoarthritis in frail adults (UK)","shared cluster: condition-specific"
"compression-stockings-hand-oa-frailty-uk","hand-therapy-frail-ra-uk","Compression stockings when hand osteoarthritis is severe (UK)","shared cluster: condition-specific|pain-management"
"polyarticular-oa-frailty-pacing-several-joints-uk","splints-night-hand-oa-frailty-uk","Polyarticular osteoarthritis and frailty: pacing several painful joints (UK)","shared cluster: fatigue-management|condition-specific"
"spine-oa-frailty-gardening-pacing-uk","splints-night-hand-oa-frailty-uk","Spinal osteoarthritis and frailty: short spells in the garden (UK)","shared cluster: fatigue-management|condition-specific"
"ra-steroids-frailty-infection-watch-uk","splints-night-hand-oa-frailty-uk","Steroids, rheumatoid arthritis and frailty: watching for infection (UK)","shared cluster: condition-specific"
"topical-nsaids-frail-hand-knee-oa-uk","splints-night-hand-oa-frailty-uk","Topical NSAIDs for frail adults with hand or knee osteoarthritis (UK)","shared cluster: condition-specific"
"kettle-safety-arthritis-frailty-uk","heat-versus-ice-frail-arthritis-uk","Kettle safety with arthritis and frailty (UK)","shared cluster: pain-management"
"hoist-conversations-family-carers-uk","heat-versus-ice-frail-arthritis-uk","Hoist conversations for family carers of people with arthritis (UK)","shared cluster: pain-management"
"inflammatory-arthritis-frailty-flare-week-uk","heat-versus-ice-frail-arthritis-uk","Inflammatory arthritis and frailty: surviving a flare week (UK)","shared cluster: pain-management"
"hip-oa-frailty-bed-mobility-uk","heat-versus-ice-frail-arthritis-uk","Hip osteoarthritis and frailty: turning in bed and getting up (UK)","shared cluster: pain-management"
"gabapentinoids-unsteadiness-arthritis-frailty-uk","tens-machine-older-frail-arthritis-uk","Gabapentinoids, unsteadiness and arthritis in later life (UK)","shared cluster: pain-management"
"ra-steroids-frailty-infection-watch-uk","tens-machine-older-frail-arthritis-uk","Steroids, rheumatoid arthritis and frailty: watching for infection (UK)","shared cluster: pain-management"
"painkillers-older-adults-arthritis-caution-uk","tens-machine-older-frail-arthritis-uk","Painkillers in older adults with arthritis: caution, not dosing (UK)","shared cluster: pain-management"
"paracetamol-older-frail-arthritis-uk","tens-machine-older-frail-arthritis-uk","Paracetamol for frail older adults with arthritis: what to check (UK)","shared cluster: pain-management"
"loneliness-arthritis-frailty-social-contact-uk","mindfulness-pain-arthritis-frailty-uk","Loneliness, arthritis and frailty: rebuilding social contact (UK)","shared cluster: mental-health|exercise-movement"
"spiritual-care-arthritis-frailty-uk","mindfulness-pain-arthritis-frailty-uk","Spiritual care, arthritis and frailty (UK)","shared cluster: mental-health"
"ra-fatigue-frailty-energy-envelope-uk","mindfulness-pain-arthritis-frailty-uk","RA fatigue and frailty: protecting your energy envelope (UK)","shared cluster: mental-health"
"fear-of-falling-hip-oa-frailty-uk","mindfulness-pain-arthritis-frailty-uk","Fear of falling with hip osteoarthritis and frailty (UK)","shared cluster: mental-health"
"appetite-loss-arthritis-frailty-uk","talking-therapies-pain-older-arthritis-uk","Appetite loss, arthritis pain and frailty (UK)","shared cluster: mental-health|pain-management"
"goal-setting-tiny-wins-arthritis-frailty-uk","talking-therapies-pain-older-arthritis-uk","Tiny goals for frail adults with arthritis (UK)","shared cluster: mental-health|pain-management"
"allotment-identity-arthritis-frailty-uk","talking-therapies-pain-older-arthritis-uk","Allotments, identity and frailty if arthritis takes the digging (UK)","shared cluster: mental-health|pain-management"
"cbt-chronic-pain-arthritis","talking-therapies-pain-older-arthritis-uk","How Cognitive Behavioural Therapy (CBT) Helps Arthritis Pain","shared cluster: mental-health|pain-management"
"ot-assessment-arthritis-frailty-uk","social-prescribing-arthritis-frailty-uk","Occupational therapy assessment for arthritis and frailty (UK)","shared cluster: daily-living"
"two-walking-aids-arthritis-frailty-uk","social-prescribing-arthritis-frailty-uk","Two walking aids in the house: arthritis and frailty (UK)","shared cluster: daily-living"
"grab-rails-arthritis-frailty-home-uk","social-prescribing-arthritis-frailty-uk","Grab rails at home: arthritis, frailty and safer rooms (UK)","shared cluster: daily-living"
"sheltered-housing-arthritis-frailty-uk","social-prescribing-arthritis-frailty-uk","Sheltered housing, arthritis and frailty (UK)","shared cluster: daily-living"
"tai-chi-balance-arthritis-frailty-uk","walking-sport-too-much-frail-arthritis-uk","Tai Chi for balance when arthritis and frailty overlap (UK)","shared cluster: exercise-movement|pain-management"
"slow-walking-groups-arthritis-frailty-uk","walking-sport-too-much-frail-arthritis-uk","Slow walking groups for arthritis and frailty (UK)","shared cluster: exercise-movement|pain-management"
"hospital-parking-walking-frail-arthritis-uk","walking-sport-too-much-frail-arthritis-uk","Hospital parking, walking distance and frail arthritis (UK)","shared cluster: exercise-movement|pain-management"
"swimming-frail-arthritis-changing-rooms-uk","walking-sport-too-much-frail-arthritis-uk","Swimming with frail arthritis: the changing-room problem (UK)","shared cluster: exercise-movement|pain-management"
"hydrotherapy-frail-arthritis-uk","swimming-frail-arthritis-changing-rooms-uk","Hydrotherapy for frail adults with arthritis (UK)","shared cluster: exercise-movement|pain-management"
"physiotherapy-home-visit-frail-oa-uk","swimming-frail-arthritis-changing-rooms-uk","Home-visit physiotherapy for frail osteoarthritis (UK)","shared cluster: exercise-movement"
"walking-sport-too-much-frail-arthritis-uk","swimming-frail-arthritis-changing-rooms-uk","When walking sport is too much: frail arthritis alternatives (UK)","shared cluster: exercise-movement|pain-management"
"tai-chi-balance-arthritis-frailty-uk","swimming-frail-arthritis-changing-rooms-uk","Tai Chi for balance when arthritis and frailty overlap (UK)","shared cluster: exercise-movement|pain-management"
"hip-and-knee-oa-frailty-transfers-uk","static-bike-frail-osteoarthritis-uk","Hip and knee osteoarthritis together: frailty-friendly transfers (UK)","shared cluster: condition-specific|exercise-movement"
"spinal-stenosis-oa-frailty-walking-stops-uk","static-bike-frail-osteoarthritis-uk","Spinal stenosis, osteoarthritis and frailty: walking with planned stops (UK)","shared cluster: exercise-movement|condition-specific"
"resistance-bands-seated-frail-oa-uk","static-bike-frail-osteoarthritis-uk","Seated resistance bands for frail osteoarthritis (UK)","shared cluster: condition-specific|exercise-movement"
"knee-osteoarthritis-frailty-staying-steady-home-uk","static-bike-frail-osteoarthritis-uk","Knee osteoarthritis and frailty: staying steady at home (UK)","shared cluster: exercise-movement|condition-specific"
"sit-to-stand-practice-frail-arthritis-uk","nordic-poles-arthritis-frailty-uk","Sit-to-stand practice for frail adults with arthritis (UK)","shared cluster: exercise-movement|daily-living"
"community-physio-wait-frail-arthritis-uk","nordic-poles-arthritis-frailty-uk","Community physiotherapy waits when you are frail with arthritis (UK)","shared cluster: exercise-movement|daily-living"
"reablement-team-arthritis-home-practice-uk","nordic-poles-arthritis-frailty-uk","Working with a reablement team when arthritis flares at home (UK)","shared cluster: daily-living|exercise-movement"
"physiotherapy-home-visit-frail-oa-uk","nordic-poles-arthritis-frailty-uk","Home-visit physiotherapy for frail osteoarthritis (UK)","shared cluster: exercise-movement|daily-living"
"stairlifts-arthritis-frailty-uk-home","garden-raised-beds-arthritis-frailty-uk","Stairlifts, arthritis and frailty: questions before you buy (UK)","shared cluster: pain-management|daily-living"
"direct-payments-arthritis-frailty-uk","garden-raised-beds-arthritis-frailty-uk","Direct Payments for care when arthritis and frailty overlap (UK)","shared cluster: pain-management|daily-living"
"toilet-frame-arthritis-frailty-uk","garden-raised-beds-arthritis-frailty-uk","Toilet frames and raised seats for arthritis and frailty (UK)","shared cluster: pain-management|daily-living"
"disabled-facilities-grant-arthritis-frailty-uk","garden-raised-beds-arthritis-frailty-uk","Disabled Facilities Grants, arthritis and frailty (UK)","shared cluster: daily-living|pain-management"
"confidence-after-fall-arthritis-frailty-uk","allotment-identity-arthritis-frailty-uk","Rebuilding confidence after a fall if you have arthritis (UK)","shared cluster: mental-health|pain-management"
"goal-setting-tiny-wins-arthritis-frailty-uk","allotment-identity-arthritis-frailty-uk","Tiny goals for frail adults with arthritis (UK)","shared cluster: mental-health|pain-management"
"motivation-after-setback-arthritis-frailty-uk","allotment-identity-arthritis-frailty-uk","Motivation after a setback: arthritis, frailty and starting again (UK)","shared cluster: mental-health|pain-management"
"talking-therapies-pain-older-arthritis-uk","allotment-identity-arthritis-frailty-uk","Talking therapies for pain in older adults with arthritis (UK)","shared cluster: mental-health|pain-management"
"commode-night-arthritis-frailty-uk","volunteering-seated-arthritis-frailty-uk","Commodes at night for arthritis and frailty (UK)","shared cluster: daily-living"
"smart-speakers-arthritis-frailty-uk","volunteering-seated-arthritis-frailty-uk","Smart speakers for frail adults with arthritis (UK)","shared cluster: daily-living"
"rise-recline-chair-arthritis-frailty-uk","volunteering-seated-arthritis-frailty-uk","Rise-recline chairs for arthritis and frailty (UK)","shared cluster: daily-living"
"high-rise-flat-arthritis-frailty-lifts-uk","volunteering-seated-arthritis-frailty-uk","High-rise flats, lifts and arthritis-related frailty (UK)","shared cluster: daily-living"
"pregnancy-and-arthritis-what-uk-guidelines-recommend","sex-and-intimacy-with-arthritis","Pregnancy and Arthritis: What UK Guidelines Recommend","shared cluster: sexual-health"
"rebuilding-intimacy-after-arthritis-diagnosis","sex-and-intimacy-with-arthritis","Rebuilding Intimacy After an Arthritis","shared cluster: sexual-health"
"arthritis-medications-and-sexual-function","sex-and-intimacy-with-arthritis","How Arthritis Medications Affect Sexual","shared cluster: sexual-health"
"sex-and-intimacy-with-arthritis","arthritis-medications-and-sexual-function","Sex and Intimacy With","shared cluster: sexual-health"
"pregnancy-and-arthritis-what-uk-guidelines-recommend","arthritis-medications-and-sexual-function","Pregnancy and Arthritis: What UK Guidelines Recommend","shared cluster: medication-safety|sexual-health"
"tapering-biologics-what-the-latest-trials-show","arthritis-medications-and-sexual-function","Tapering Biologics: What the Latest Trials Show","shared cluster: medication-safety"
"topical-nsaids-often-overlooked-often-effective","arthritis-medications-and-sexual-function","Topical NSAIDs: Often Overlooked, Often Effective","shared cluster: medication-safety"
"sex-and-intimacy-with-arthritis","rebuilding-intimacy-after-arthritis-diagnosis","Sex and Intimacy With","shared cluster: sexual-health"
"parenting-with-arthritis-hacks-for-babies-and-toddlers","rebuilding-intimacy-after-arthritis-diagnosis","Parenting With Arthritis: Hacks for Babies and Toddlers","shared cluster: sexual-health|caregiver-support"
"rebuilding-intimacy-after-arthritis-diagnosis","talking-to-your-partner-about-arthritis","Rebuilding Intimacy After an Arthritis","shared cluster: sexual-health|caregiver-support"
"explain-juvenile-arthritis-school-teachers","talking-to-your-partner-about-arthritis","How to Explain Juvenile Arthritis to School Teachers UK","shared cluster: sexual-health|caregiver-support"
"talking-to-children-about-your-arthritis","talking-to-your-partner-about-arthritis","Talking to Children About Your Arthritis","shared cluster: caregiver-support|sexual-health"
"supporting-a-partner-with-arthritis-strategies","talking-to-your-partner-about-arthritis","Supporting a Partner With","shared cluster: caregiver-support|sexual-health"
"rebuilding-intimacy-after-arthritis-diagnosis","supporting-a-partner-with-arthritis-strategies","Rebuilding Intimacy After an Arthritis","shared cluster: sexual-health|caregiver-support"
"talking-to-your-partner-about-arthritis","supporting-a-partner-with-arthritis-strategies","Talking to Your Partner About","shared cluster: sexual-health|caregiver-support"
"caregiver-burnout-warning-signs-prevention","supporting-a-partner-with-arthritis-strategies","Caregiver","shared cluster: caregiver-support"
"adult-children-as-caregivers-arthritis","supporting-a-partner-with-arthritis-strategies","Adult Children as","shared cluster: caregiver-support|sexual-health"
"caregiver-burnout-in-arthritis-families-spot-it-early","caregiver-burnout-warning-signs-prevention","Caregiver Burnout in Arthritis Families: Spot It Early","shared cluster: caregiver-support"
"supporting-a-partner-with-arthritis-strategies","caregiver-burnout-warning-signs-prevention","Supporting a Partner With","shared cluster: caregiver-support"
"carer-burnout-arthritis-frailty-uk","caregiver-burnout-warning-signs-prevention","Carer burnout when arthritis and frailty fill the week (UK)","shared cluster: mental-health|caregiver-support"
"rebuilding-intimacy-after-arthritis-diagnosis","caregiver-burnout-warning-signs-prevention","Rebuilding Intimacy After an Arthritis","shared cluster: caregiver-support"
"supporting-a-partner-with-arthritis-strategies","adult-children-as-caregivers-arthritis","Supporting a Partner With","shared cluster: caregiver-support|sexual-health"
"expert-qa-will-my-children-inherit-my-arthritis","adult-children-as-caregivers-arthritis","Expert Q&A: Will My Children Inherit My Arthritis?","shared cluster: caregiver-support"
"caregiver-burnout-in-arthritis-families-spot-it-early","adult-children-as-caregivers-arthritis","Caregiver Burnout in Arthritis Families: Spot It Early","shared cluster: caregiver-support|sexual-health"
"sleep-and-pain-management-arthritis","arthritis-fatigue-explained","Sleep and Pain","shared cluster: fatigue-management"
"occupational-therapy-arthritis-uk","arthritis-fatigue-explained","Occupational Therapy for Arthritis UK – What OTs Do","shared cluster: fatigue-management"
"longevity-habits-arthritis-patients","arthritis-fatigue-explained","5 Longevity Habits That Help People With Arthritis Live Long","shared cluster: fatigue-management|mental-health"
"ra-fatigue-frailty-energy-envelope-uk","arthritis-fatigue-explained","RA fatigue and frailty: protecting your energy envelope (UK)","shared cluster: fatigue-management|mental-health"
"arthritis-fatigue-explained","energy-management-and-pacing-arthritis","Arthritis Fatigue Explained: Why It Happens and What Helps","shared cluster: fatigue-management"
"mindfulness-for-arthritis-pain","energy-management-and-pacing-arthritis","Mindfulness and Meditation for Arthritis Pain Management","shared cluster: pain-management"
"occupational-therapy-arthritis-uk","energy-management-and-pacing-arthritis","Occupational Therapy for Arthritis UK – What OTs Do","shared cluster: fatigue-management"
"fibromyalgia-flare-ups-without-medication","energy-management-and-pacing-arthritis","How to Manage Fibromyalgia Flare Ups Without Medication","shared cluster: fatigue-management"
"arthritis-fatigue-explained","sleep-and-pain-management-arthritis","Arthritis Fatigue Explained: Why It Happens and What Helps","shared cluster: fatigue-management"
"seasonal-arthritis-guide-uk","sleep-and-pain-management-arthritis","Seasonal Arthritis Guide: UK Symptom Management Year-Round","shared cluster: condition-specific"
"sleep-arthritis-frailty-night-pain-uk","sleep-and-pain-management-arthritis","Sleep, night pain and frailty in arthritis (UK)","shared cluster: fatigue-management"
"energy-management-and-pacing-arthritis","sleep-and-pain-management-arthritis","Energy Management and","shared cluster: fatigue-management"
"free-arthritis-exercise-classes-england","exercise-for-energy-arthritis-fatigue","Free Arthritis Exercise Classes Near Me England","shared cluster: exercise-movement"
"expert-qa-exercising-through-a-flare-up","exercise-for-energy-arthritis-fatigue","Expert Q&A: Exercising Through a Flare-Up","shared cluster: fatigue-management|exercise-movement"
"deconditioning-after-arthritis-flare-uk","exercise-for-energy-arthritis-fatigue","Deconditioning after an arthritis flare: getting moving again (UK)","shared cluster: exercise-movement|fatigue-management"
"medication-supplement-interactions-arthritis","turmeric-and-methotrexate-interaction","Medication and Supplement","shared cluster: medication-safety"
"ginger-vs-turmeric-for-arthritis","turmeric-and-methotrexate-interaction","Ginger vs Turmeric for Arthritis: UK Clinician Guide","shared cluster: nutrition|medication-safety"
"anti-inflammatory-diet","turmeric-and-methotrexate-interaction","Anti-Inflammatory Diet for Arthritis — Best Foods to Eat","shared cluster: nutrition|medication-safety"
"arthritis-medications-and-sexual-function","medication-supplement-interactions-arthritis","How Arthritis Medications Affect Sexual","shared cluster: medication-safety"
"turmeric-and-methotrexate-interaction","medication-supplement-interactions-arthritis","Turmeric and","shared cluster: medication-safety"
"arthritis-and-pregnancy-uk","medication-supplement-interactions-arthritis","Arthritis & Pregnancy UK – Medication Safety & Planning","shared cluster: medication-safety|condition-specific"
"grief-and-loss-after-arthritis-diagnosis","anxiety-and-arthritis-management","Grief and Loss After an Arthritis","shared cluster: mental-health|condition-specific"
"seasonal-arthritis-guide-uk","anxiety-and-arthritis-management","Seasonal Arthritis Guide: UK Symptom Management Year-Round","shared cluster: condition-specific"
"tai-chi-arthritis-joint-pain","anxiety-and-arthritis-management","Tai Chi for Arthritis Joint Pain: Benefits and Evidence","shared cluster: mental-health|condition-specific"
"sleep-and-pain-management-arthritis","anxiety-and-arthritis-management","Sleep and Pain","shared cluster: condition-specific"
"anxiety-and-arthritis-management","grief-and-loss-after-arthritis-diagnosis","Anxiety and Arthritis: Why It Happens and How to Manage It","shared cluster: mental-health|condition-specific"
"fear-of-falling-hip-oa-frailty-uk","grief-and-loss-after-arthritis-diagnosis","Fear of falling with hip osteoarthritis and frailty (UK)","shared cluster: mental-health|condition-specific"
"loneliness-arthritis-frailty-social-contact-uk","grief-and-loss-after-arthritis-diagnosis","Loneliness, arthritis and frailty: rebuilding social contact (UK)","shared cluster: mental-health"
"confidence-after-fall-arthritis-frailty-uk","grief-and-loss-after-arthritis-diagnosis","Rebuilding confidence after a fall if you have arthritis (UK)","shared cluster: mental-health"
"oa-vs-ra-comparison","psoriatic-arthritis-vs-rheumatoid-arthritis-tests-treatments","Osteoarthritis vs Rheumatoid Arthritis — Key Differences","shared cluster: condition-specific"
"late-onset-ra-frailty-first-months-uk","psoriatic-arthritis-vs-rheumatoid-arthritis-tests-treatments","Late-onset rheumatoid arthritis and frailty: the first months (UK)","shared cluster: condition-specific"
"psoriatic-arthritis-later-life-frailty-uk","psoriatic-arthritis-vs-rheumatoid-arthritis-tests-treatments","Psoriatic arthritis in later life: joints, skin and frailty (UK)","shared cluster: condition-specific"
"signs-rheumatoid-arthritis-early-stages","psoriatic-arthritis-vs-rheumatoid-arthritis-tests-treatments","Signs of Rheumatoid Arthritis in Early Stages","shared cluster: condition-specific"
"assistive-devices-arthritis-uk","access-to-work-scheme-arthritis-guide","Assistive Devices for Arthritis UK – Best Aids Guide","shared cluster: daily-living"
"apprenticeships-and-arthritis-a-realistic-look","access-to-work-scheme-arthritis-guide","Apprenticeships and Arthritis: A Realistic Look","shared cluster: daily-living"
"university-with-arthritis-disability-support-and-dsa","access-to-work-scheme-arthritis-guide","University With Arthritis: Disability Support and DSA","shared cluster: daily-living"
"depression-arthritis-when-to-seek-help","access-to-work-scheme-arthritis-guide","Depression and Arthritis: When to Ask for Help","shared cluster: mental-health|daily-living"
"joint-replacement-surgery","physiotherapy-arthritis","Joint Replacement Surgery for Arthritis — UK Guide","shared cluster: daily-living"
"prehabilitation-how-pre-op-exercise-speeds-recovery","physiotherapy-arthritis","Prehabilitation: How Pre-Op Exercise Speeds Recovery","shared cluster: exercise-movement|daily-living"
"community-physio-wait-frail-arthritis-uk","physiotherapy-arthritis","Community physiotherapy waits when you are frail with arthritis (UK)","shared cluster: exercise-movement|daily-living"
"fibromyalgia-flare-ups-without-medication","arthritis-pain-management","How to Manage Fibromyalgia Flare Ups Without Medication","shared cluster: fatigue-management|medication-safety"
"expert-qa-how-to-talk-to-your-gp-about-medication-worries","arthritis-pain-management","Expert Q&A: How to Talk to Your GP About Medication Worries","shared cluster: medication-safety"
"gout-flare-up-diet-foods-avoid","anti-inflammatory-diet","Gout Flare Up Diet: What Foods to Avoid","shared cluster: nutrition|medication-safety"
"foods-to-avoid-with-arthritis","anti-inflammatory-diet","Foods to Avoid With Arthritis: A Complete UK Guide","shared cluster: nutrition"
"arthritis-meal-planning-uk","anti-inflammatory-diet","Arthritis Meal Planning UK – Anti-Inflammatory Menus","shared cluster: nutrition"
"psoriatic-arthritis-vs-rheumatoid-arthritis-tests-treatments","oa-vs-ra-comparison","Psoriatic Arthritis vs Rheumatoid","shared cluster: condition-specific"
"osteoarthritis-symptoms-uk","oa-vs-ra-comparison","Osteoarthritis Symptoms UK – Signs & When to See a GP","shared cluster: condition-specific"
"arthritis-and-alcohol-uk","arthritis-flare-management","Arthritis & Alcohol UK – Safe Limits & Interactions","shared cluster: medication-safety|pain-management"
"stopping-arthritis-medication-safely-a-step-by-step-guide","arthritis-flare-management","Stopping Arthritis Medication Safely: A Step-By-Step Guide","shared cluster: medication-safety|pain-management"
"glucosamine-vs-collagen","best-supplement-for-knee-joint","Glucosamine vs Collagen: Which Is Better for Joints?","shared cluster: medication-safety"
"tens-machines-arthritis-uk","best-supplement-for-knee-joint","TENS Machines for Arthritis UK – Do They Work? Guide","shared cluster: pain-management|medication-safety"
"best-supplements-joint-pain","best-supplement-for-knee-joint","Best Supplements for Joint Pain: What Actually Works","shared cluster: medication-safety|pain-management"
"medication-supplement-interactions-arthritis","gout-medication-uk","Medication and Supplement","shared cluster: medication-safety|condition-specific"
"topical-nsaids-frail-hand-knee-oa-uk","gout-medication-uk","Topical NSAIDs for frail adults with hand or knee osteoarthritis (UK)","shared cluster: medication-safety|condition-specific"
"methotrexate-older-frail-adults-uk","gout-medication-uk","Methotrexate in older frail adults with rheumatoid arthritis (UK)","shared cluster: medication-safety|condition-specific"
"physiotherapy-arthritis","joint-replacement-surgery","Physiotherapy for Arthritis — How It Helps & Access","shared cluster: daily-living"
"universal-credit-and-arthritis-limited-capability-for-work","joint-replacement-surgery","Universal Credit and Arthritis: Limited Capability for Work","shared cluster: daily-living"
"expert-qa-how-do-i-know-if-surgery-is-right-for-me","joint-replacement-surgery","Expert Q&A: How Do I Know If Surgery Is Right for Me?","shared cluster: daily-living"
"total-knee-replacement-a-uk-patients-guide-for-2026","joint-replacement-surgery","Total Knee Replacement: A UK Patient's Guide for 2026","shared cluster: daily-living"
"foods-to-avoid-with-arthritis","best-foods-to-eat-for-arthritis","Foods to Avoid With Arthritis: A Complete UK Guide","shared cluster: nutrition|pain-management"
"arthritis-friendly-recipes-uk","best-foods-to-eat-for-arthritis","Anti-Inflammatory Recipes: Easy UK Meals for Joint Health","shared cluster: nutrition|pain-management"
"best-diet-for-joint-pain-uk","best-foods-to-eat-for-arthritis","Best Diet for Joint Pain UK – Anti-Inflammatory Foods","shared cluster: nutrition|pain-management"
"omega-3-foods-for-joints","best-foods-to-eat-for-arthritis","Best Omega-3 Foods for Joint Health | Living with Arthritis","shared cluster: nutrition|pain-management"
"arthritis-medications-and-sexual-function","arthritis-medication-guide","How Arthritis Medications Affect Sexual","shared cluster: medication-safety"
"nhs-access-to-biologics-how-the-approval-pathway-works","arthritis-medication-guide","NHS Access to Biologics: How the Approval Pathway Works","shared cluster: medication-safety|daily-living"
"medication-management-travel-arthritis","arthritis-medication-guide","Travelling Abroad With Arthritis Medication: A UK Checklist","shared cluster: medication-safety|daily-living"
"strength-training-on-biologics-is-it-safe","arthritis-treatment-hub","Strength Training on Biologics: Is It Safe?","shared cluster: exercise-movement|medication-safety"
"walking-30-minutes-a-day-while-on-dmards-a-practical-plan","arthritis-treatment-hub","Walking 30 Minutes a Day While on DMARDs: A Practical Plan","shared cluster: exercise-movement|medication-safety"
"knee-arthritis-exercises-uk","arthritis-treatment-hub","Best Knee Exercises for Arthritis UK – OA & RA Guide","shared cluster: exercise-movement"
"foot-and-ankle-arthritis-uk","arthritis-treatment-hub","Foot & Ankle Arthritis UK – Symptoms & Footwear Guide","shared cluster: exercise-movement"
"anti-inflammatory-diet","foods-to-avoid-with-arthritis","Anti-Inflammatory Diet for Arthritis — Best Foods to Eat","shared cluster: nutrition"
"best-diet-for-joint-pain-uk","foods-to-avoid-with-arthritis","Best Diet for Joint Pain UK – Anti-Inflammatory Foods","shared cluster: nutrition|pain-management"
"arthritis-and-diet-myths-uk","foods-to-avoid-with-arthritis","Arthritis Diet Myths UK – 10 Common Myths Debunked","shared cluster: nutrition|pain-management"
"gout-flare-up-diet-foods-avoid","foods-to-avoid-with-arthritis","Gout Flare Up Diet: What Foods to Avoid","shared cluster: nutrition"
"energy-management-and-pacing-arthritis","managing-arthritis-flare-ups-at-home","Energy Management and","shared cluster: fatigue-management|pain-management"
"expert-qa-exercising-through-a-flare-up","managing-arthritis-flare-ups-at-home","Expert Q&A: Exercising Through a Flare-Up","shared cluster: fatigue-management"
"bedtime-routine-arthritis-relief","sleep-quality-arthritis-pain","A Bedtime Routine Designed for Arthritis Sufferers","shared cluster: pain-management|fatigue-management"
"anti-inflammatory-diet","rheumatoid-arthritis-diet-uk","Anti-Inflammatory Diet for Arthritis — Best Foods to Eat","shared cluster: nutrition|medication-safety"
"arthritis-meal-planning-uk","rheumatoid-arthritis-diet-uk","Arthritis Meal Planning UK – Anti-Inflammatory Menus","shared cluster: nutrition"
"ginger-vs-turmeric-for-arthritis","rheumatoid-arthritis-diet-uk","Ginger vs Turmeric for Arthritis: UK Clinician Guide","shared cluster: nutrition|medication-safety"
"gout-flare-up-diet-foods-avoid","rheumatoid-arthritis-diet-uk","Gout Flare Up Diet: What Foods to Avoid","shared cluster: nutrition|medication-safety"
"best-foods-to-eat-for-arthritis","mediterranean-diet-arthritis-14-day-plan","Best Foods to Eat for Arthritis: UK Anti-Inflammatory Guide","shared cluster: nutrition|pain-management"
"gut-joint-connection-microbiome-arthritis","mediterranean-diet-arthritis-14-day-plan","Gut-Joint Connection: Microbiome and Arthritis Explained","shared cluster: pain-management"
"arthritis-friendly-recipes-uk","mediterranean-diet-arthritis-14-day-plan","Anti-Inflammatory Recipes: Easy UK Meals for Joint Health","shared cluster: nutrition|pain-management"
"omega-3-foods-for-joints","mediterranean-diet-arthritis-14-day-plan","Best Omega-3 Foods for Joint Health | Living with Arthritis","shared cluster: nutrition|pain-management"
"cycling-with-arthritis","strength-training-arthritis-beginners","Cycling with Arthritis: A Low-Impact Way to Keep Moving","shared cluster: exercise-movement"
"sarcopenia-muscle-loss-how-to-combat","strength-training-arthritis-beginners","Sarcopenia: Muscle Loss and How to Combat It","shared cluster: exercise-movement"
"resistance-training-arthritis-longevity","strength-training-arthritis-beginners","Resistance Training: The Best-Kept Secret for Arthritis Long","shared cluster: exercise-movement"
"arthritis-and-alcohol-uk","gut-joint-connection-microbiome-arthritis","Arthritis & Alcohol UK – Safe Limits & Interactions","shared cluster: pain-management"
"gut-health-arthritis-connection","gut-joint-connection-microbiome-arthritis","Gut Health & Arthritis – The Microbiome Connection UK Guide","shared cluster: pain-management"
"arthritis-friendly-recipes-uk","gut-joint-connection-microbiome-arthritis","Anti-Inflammatory Recipes: Easy UK Meals for Joint Health","shared cluster: pain-management"
"mindfulness-for-arthritis-pain","mindfulness-chronic-pain-arthritis-guide","Mindfulness and Meditation for Arthritis Pain Management","shared cluster: pain-management"
"seasonal-affective-disorder-arthritis","mindfulness-chronic-pain-arthritis-guide","SAD and Arthritis: A Hidden UK Connection","shared cluster: mental-health|pain-management"
"cbt-chronic-pain-arthritis","mindfulness-chronic-pain-arthritis-guide","How Cognitive Behavioural Therapy (CBT) Helps Arthritis Pain","shared cluster: mental-health|pain-management"
"mindfulness-arthritis-beginners","mindfulness-chronic-pain-arthritis-guide","Mindfulness for Arthritis: A 10-Minute Daily Practice","shared cluster: mental-health|pain-management"
"medication-supplement-interactions-arthritis","arthritis-and-pregnancy-uk","Medication and Supplement","shared cluster: medication-safety|condition-specific"
"arthritis-and-travel-uk","arthritis-and-pregnancy-uk","Travelling with Arthritis UK – Planning Tips & Accessibility","shared cluster: medication-safety"
"methotrexate-older-frail-adults-uk","arthritis-and-pregnancy-uk","Methotrexate in older frail adults with rheumatoid arthritis (UK)","shared cluster: medication-safety|condition-specific"
"universal-credit-and-arthritis-limited-capability-for-work","working-with-arthritis-uk-rights","Universal Credit and Arthritis: Limited Capability for Work","shared cluster: daily-living"
"blue-badge-arthritis-scotland","driving-with-arthritis-uk","How to Get a Blue Badge for Arthritis in Scotland","shared cluster: daily-living"
"pip-for-arthritis-uk","driving-with-arthritis-uk","PIP for Arthritis UK – Eligibility, Application & Tips","shared cluster: daily-living"
"occupational-therapy-arthritis-uk","driving-with-arthritis-uk","Occupational Therapy for Arthritis UK – What OTs Do","shared cluster: daily-living"
"arthritis-and-pets-uk","driving-with-arthritis-uk","Arthritis & Pets UK – Benefits, Challenges & Practical Tips","shared cluster: daily-living"
"turmeric-and-methotrexate-interaction","best-supplements-arthritis-uk","Turmeric and","shared cluster: medication-safety|nutrition"
"ginger-vs-turmeric-for-arthritis","best-supplements-arthritis-uk","Ginger vs Turmeric for Arthritis: UK Clinician Guide","shared cluster: nutrition|medication-safety"
"glucosamine-vs-collagen","best-supplements-arthritis-uk","Glucosamine vs Collagen: Which Is Better for Joints?","shared cluster: medication-safety"
"mindfulness-chronic-pain-arthritis-guide","arthritis-and-mental-health-uk","Mindfulness for Chronic Arthritis Pain: A Practical Guide","shared cluster: mental-health|pain-management"
"seasonal-affective-disorder-arthritis","arthritis-and-mental-health-uk","SAD and Arthritis: A Hidden UK Connection","shared cluster: mental-health|pain-management"
"mindfulness-arthritis-beginners","arthritis-and-mental-health-uk","Mindfulness for Arthritis: A 10-Minute Daily Practice","shared cluster: mental-health|pain-management"
"motivation-after-setback-arthritis-frailty-uk","arthritis-and-mental-health-uk","Motivation after a setback: arthritis, frailty and starting again (UK)","shared cluster: mental-health|pain-management"
"physiotherapy-arthritis","aquatic-therapy-arthritis-guide","Physiotherapy for Arthritis — How It Helps & Access","shared cluster: exercise-movement|daily-living"
"arthritis-and-pets-uk","aquatic-therapy-arthritis-guide","Arthritis & Pets UK – Benefits, Challenges & Practical Tips","shared cluster: exercise-movement|daily-living"
"free-arthritis-exercise-classes-england","aquatic-therapy-arthritis-guide","Free Arthritis Exercise Classes Near Me England","shared cluster: exercise-movement"
"bedtime-routine-arthritis-relief","how-to-sleep-with-arthritis-uk","A Bedtime Routine Designed for Arthritis Sufferers","shared cluster: pain-management|fatigue-management"
"circadian-rhythm-arthritis-inflammation","how-to-sleep-with-arthritis-uk","Your Circadian Rhythm and Arthritis Inflammation","shared cluster: pain-management|fatigue-management"
"arthritis-friendly-recipes-uk","anti-inflammatory-smoothie-recipes","Anti-Inflammatory Recipes: Easy UK Meals for Joint Health","shared cluster: nutrition|pain-management"
"vitamin-d-arthritis-uk","anti-inflammatory-smoothie-recipes","Vitamin D and Arthritis: Why Every UK Patient Should Test","shared cluster: pain-management|nutrition"
"cycling-with-arthritis","arthritis-exercises-uk-clinical","Cycling with Arthritis: A Low-Impact Way to Keep Moving","shared cluster: exercise-movement"
"tai-chi-for-arthritis-uk","arthritis-exercises-uk-clinical","Tai Chi for Arthritis UK – A Beginner's Guide","shared cluster: exercise-movement|pain-management"
"staying-active-arthritis-winter-uk","arthritis-exercises-uk-clinical","Staying Active with Arthritis in Winter – UK Guide","shared cluster: exercise-movement|pain-management"
"exercise-for-hip-arthritis","arthritis-exercises-uk-clinical","Best Hip Exercises for Arthritis UK – OA & RA Guide","shared cluster: exercise-movement"
"anxiety-and-arthritis-management","arthritis-flare-up-what-to-do","Anxiety and Arthritis: Why It Happens and How to Manage It","shared cluster: condition-specific"
"osteoarthritis-symptoms-uk","arthritis-flare-up-what-to-do","Osteoarthritis Symptoms UK – Signs & When to See a GP","shared cluster: condition-specific|pain-management"
"cppd-pseudogout-frailty-sudden-hot-joint-uk","arthritis-flare-up-what-to-do","CPPD (pseudogout) and frailty: a sudden hot joint in later life (UK)","shared cluster: condition-specific|pain-management"
"gut-joint-connection-microbiome-arthritis","arthritis-friendly-recipes-uk","Gut-Joint Connection: Microbiome and Arthritis Explained","shared cluster: pain-management"
"best-foods-to-eat-for-arthritis","arthritis-friendly-recipes-uk","Best Foods to Eat for Arthritis: UK Anti-Inflammatory Guide","shared cluster: nutrition|pain-management"
"best-foods-to-eat-for-arthritis","best-diet-for-joint-pain-uk","Best Foods to Eat for Arthritis: UK Anti-Inflammatory Guide","shared cluster: nutrition|pain-management"
"foods-to-avoid-with-arthritis","best-diet-for-joint-pain-uk","Foods to Avoid With Arthritis: A Complete UK Guide","shared cluster: nutrition|pain-management"
"arthritis-and-diet-myths-uk","best-diet-for-joint-pain-uk","Arthritis Diet Myths UK – 10 Common Myths Debunked","shared cluster: nutrition|pain-management"
"anti-inflammatory-shopping-list-uk","best-diet-for-joint-pain-uk","An Anti-Inflammatory Shopping List for UK Supermarkets","shared cluster: nutrition|pain-management"
"sarcopenia-muscle-loss-how-to-combat","cycling-with-arthritis","Sarcopenia: Muscle Loss and How to Combat It","shared cluster: exercise-movement"
"arthritis-and-cycling-uk","cycling-with-arthritis","Cycling with Arthritis: Pain-Free Riding Guide 2024","shared cluster: exercise-movement"
"deconditioning-after-arthritis-flare-uk","cycling-with-arthritis","Deconditioning after an arthritis flare: getting moving again (UK)","shared cluster: exercise-movement"
"arthritis-exercises-uk-clinical","exercise-for-hip-arthritis","Arthritis Exercises – Best Low-Impact Workouts UK","shared cluster: exercise-movement"
"knee-arthritis-exercises-uk","exercise-for-hip-arthritis","Best Knee Exercises for Arthritis UK – OA & RA Guide","shared cluster: exercise-movement|condition-specific"
"shoulder-arthritis-exercises-uk","exercise-for-hip-arthritis","Best Shoulder Exercises for Arthritis UK – OA & RA","shared cluster: exercise-movement|condition-specific"
"best-exercises-osteoarthritis-knee-pain-home","exercise-for-hip-arthritis","Best Exercises for Osteoarthritis Knee Pain at Home","shared cluster: condition-specific|exercise-movement"
"assistive-devices-arthritis-uk","gadgets-aids-arthritis-uk","Assistive Devices for Arthritis UK – Best Aids Guide","shared cluster: daily-living"
"two-walking-aids-arthritis-frailty-uk","gadgets-aids-arthritis-uk","Two walking aids in the house: arthritis and frailty (UK)","shared cluster: daily-living"
"walking-aids-arthritis-uk","gadgets-aids-arthritis-uk","Walking Aids for Arthritis UK – Sticks & Daily Aids","shared cluster: daily-living"
"wrist-osteoarthritis-frailty-walking-aids-uk","gadgets-aids-arthritis-uk","Wrist osteoarthritis and frailty: choosing a walking aid that does not hurt (UK)","shared cluster: daily-living"
"best-supplement-for-knee-joint","glucosamine-vs-collagen","Best Supplement for Knee Joint Health: UK Evidence Guide","shared cluster: medication-safety"
"medication-management-travel-arthritis","glucosamine-vs-collagen","Travelling Abroad With Arthritis Medication: A UK Checklist","shared cluster: medication-safety|daily-living"
"knee-exercises-for-arthritis","hand-exercises-for-arthritis","Best Knee Exercises for Arthritis | Living with Arthritis","shared cluster: exercise-movement|pain-management"
"swimming-for-arthritis","hand-exercises-for-arthritis","Swimming for Arthritis: A Complete Guide","shared cluster: exercise-movement|pain-management"
"yoga-for-arthritis","hand-exercises-for-arthritis","Yoga for Arthritis: Gentle Poses That Help","shared cluster: exercise-movement|pain-management"
"grip-strength-exercises-hand-oa","hand-exercises-for-arthritis","Grip Strength Exercises: A Gentle Progression for Hand OA","shared cluster: exercise-movement|pain-management"
"hand-exercises-for-arthritis","knee-exercises-for-arthritis","Hand Exercises for Arthritis – Complete Guide","shared cluster: exercise-movement|pain-management"
"swimming-for-arthritis","knee-exercises-for-arthritis","Swimming for Arthritis: A Complete Guide","shared cluster: exercise-movement|pain-management"
"chair-yoga-elderly-arthritis-stiffness","knee-exercises-for-arthritis","Chair Yoga for Elderly Arthritis Stiffness Beginners","shared cluster: exercise-movement|pain-management"
"arthritis-exercises-uk-clinical","knee-exercises-for-arthritis","Arthritis Exercises – Best Low-Impact Workouts UK","shared cluster: exercise-movement|pain-management"
"seasonal-arthritis-guide-uk","managing-arthritis-at-work","Seasonal Arthritis Guide: UK Symptom Management Year-Round","shared cluster: condition-specific"
"foot-and-ankle-arthritis-uk","managing-arthritis-at-work","Foot & Ankle Arthritis UK – Symptoms & Footwear Guide","shared cluster: condition-specific|exercise-movement"
"exercise-for-hip-arthritis","managing-arthritis-at-work","Best Hip Exercises for Arthritis UK – OA & RA Guide","shared cluster: exercise-movement|condition-specific"
"paracetamol-for-arthritis-pain-what-the-evidence-says","mindfulness-for-arthritis-pain","Paracetamol for Arthritis Pain: What the Evidence Says","shared cluster: pain-management"
"mindfulness-chronic-pain-arthritis-guide","mindfulness-for-arthritis-pain","Mindfulness for Chronic Arthritis Pain: A Practical Guide","shared cluster: pain-management"
"energy-management-and-pacing-arthritis","mindfulness-for-arthritis-pain","Energy Management and","shared cluster: pain-management"
"best-foods-to-eat-for-arthritis","omega-3-foods-for-joints","Best Foods to Eat for Arthritis: UK Anti-Inflammatory Guide","shared cluster: nutrition|pain-management"
"gut-health-arthritis-connection","omega-3-foods-for-joints","Gut Health & Arthritis – The Microbiome Connection UK Guide","shared cluster: pain-management|nutrition"
"foods-to-avoid-with-arthritis","omega-3-foods-for-joints","Foods to Avoid With Arthritis: A Complete UK Guide","shared cluster: nutrition|pain-management"
"managing-arthritis-at-work","seasonal-arthritis-guide-uk","Managing Arthritis at Work: Practical Tips","shared cluster: condition-specific"
"anxiety-and-arthritis-management","seasonal-arthritis-guide-uk","Anxiety and Arthritis: Why It Happens and How to Manage It","shared cluster: condition-specific"
"sleep-and-pain-management-arthritis","seasonal-arthritis-guide-uk","Sleep and Pain","shared cluster: condition-specific"
"hand-exercises-for-arthritis","swimming-for-arthritis","Hand Exercises for Arthritis – Complete Guide","shared cluster: exercise-movement|pain-management"
"knee-exercises-for-arthritis","swimming-for-arthritis","Best Knee Exercises for Arthritis | Living with Arthritis","shared cluster: exercise-movement|pain-management"
"chair-yoga-elderly-arthritis-stiffness","swimming-for-arthritis","Chair Yoga for Elderly Arthritis Stiffness Beginners","shared cluster: exercise-movement|pain-management"
"yoga-for-arthritis","swimming-for-arthritis","Yoga for Arthritis: Gentle Poses That Help","shared cluster: exercise-movement|pain-management"
"arthritis-exercises-uk-clinical","tai-chi-for-arthritis-uk","Arthritis Exercises – Best Low-Impact Workouts UK","shared cluster: exercise-movement|pain-management"
"arthritis-and-cycling-uk","tai-chi-for-arthritis-uk","Cycling with Arthritis: Pain-Free Riding Guide 2024","shared cluster: exercise-movement|pain-management"
"hip-pain-climbing-stairs-causes-relief","tai-chi-for-arthritis-uk","Hip Pain When Climbing Stairs: Causes and Relief","shared cluster: exercise-movement|pain-management"
"arthritis-and-gardening-uk","travelling-with-arthritis-uk","Gardening with Arthritis UK – Tools & Adapted Techniques","shared cluster: pain-management|daily-living"
"arthritis-and-travel-uk","travelling-with-arthritis-uk","Travelling with Arthritis UK – Planning Tips & Accessibility","shared cluster: daily-living"
"hotel-rooms-accessibility-arthritis","travelling-with-arthritis-uk","Booking Accessible Hotel Rooms with Arthritis","shared cluster: daily-living"
"hospital-appointments-frailty-arthritis-uk","travelling-with-arthritis-uk","Hospital appointments when frailty and arthritis make the day huge (UK)","shared cluster: pain-management|daily-living"
"glucosamine-vs-collagen","turmeric-for-arthritis","Glucosamine vs Collagen: Which Is Better for Joints?","shared cluster: daily-living"
"best-supplements-joint-pain","turmeric-for-arthritis","Best Supplements for Joint Pain: What Actually Works","shared cluster: pain-management"
"nsaids-and-arthritis-benefits-risks-and-safer-use","turmeric-for-arthritis","NSAIDs and Arthritis: Benefits, Risks and Safer Use","shared cluster: pain-management|daily-living"
"knee-exercises-for-arthritis","yoga-for-arthritis","Best Knee Exercises for Arthritis | Living with Arthritis","shared cluster: exercise-movement|pain-management"
"chair-yoga-elderly-arthritis-stiffness","yoga-for-arthritis","Chair Yoga for Elderly Arthritis Stiffness Beginners","shared cluster: exercise-movement|pain-management"
"hand-exercises-for-arthritis","yoga-for-arthritis","Hand Exercises for Arthritis – Complete Guide","shared cluster: exercise-movement|pain-management"
"hydrotherapy-pools-uk","arthritis-in-young-people-uk","Hydrotherapy Pools UK – Find Warm Water Therapy Near You","shared cluster: daily-living"
"older-adults-arthritis-frailty-northern-ireland-uk","arthritis-in-young-people-uk","Arthritis and frailty support for older adults in Northern Ireland (UK)","shared cluster: daily-living"
"frailty-older-people-arthritis-wales-uk","arthritis-in-young-people-uk","Older people, arthritis and frailty services in Wales (UK)","shared cluster: daily-living"
"ra-monitoring-older-frail-adults-uk","arthritis-in-young-people-uk","Blood monitoring for RA in older frail adults (UK)","shared cluster: daily-living"
"gene-therapy-and-arthritis-where-are-we-in-2026","arthritis-relationships-honest-conversations","Gene Therapy and Arthritis: Where Are We in 2026?","shared cluster: mental-health"
"family-meetings-arthritis-frailty-uk","arthritis-relationships-honest-conversations","Family meetings about arthritis, frailty and staying at home (UK)","shared cluster: mental-health"
"motivation-after-setback-arthritis-frailty-uk","arthritis-relationships-honest-conversations","Motivation after a setback: arthritis, frailty and starting again (UK)","shared cluster: mental-health"
"ra-fatigue-frailty-energy-envelope-uk","arthritis-relationships-honest-conversations","RA fatigue and frailty: protecting your energy envelope (UK)","shared cluster: mental-health"
"best-plantar-fasciitis-shoes-women-uk","best-walking-shoes-arthritis-uk","Best Plantar Fasciitis Shoes for Women (UK, 2026)","shared cluster: exercise-movement|pain-management"
"expert-qa-how-to-ask-for-help-without-feeling-guilty","best-walking-shoes-arthritis-uk","Expert Q&A: How to Ask for Help Without Feeling Guilty","shared cluster: exercise-movement"
"packing-list-arthritis-traveller","best-walking-shoes-arthritis-uk","The Ultimate Packing List for an Arthritis Traveller","shared cluster: exercise-movement|pain-management"
"slow-walking-groups-arthritis-frailty-uk","best-walking-shoes-arthritis-uk","Slow walking groups for arthritis and frailty (UK)","shared cluster: exercise-movement|pain-management"
"driving-with-arthritis-uk","pip-for-arthritis-uk","Driving with Arthritis UK – DVLA Rules, Adaptations & Tips","shared cluster: daily-living"
"blue-badge-arthritis-scotland","pip-for-arthritis-uk","How to Get a Blue Badge for Arthritis in Scotland","shared cluster: daily-living"
"pip-fibromyalgia-uk-apply","pip-for-arthritis-uk","How to Apply for PIP With Fibromyalgia UK","shared cluster: daily-living"
"hydrotherapy-pools-uk","pip-for-arthritis-uk","Hydrotherapy Pools UK – Find Warm Water Therapy Near You","shared cluster: daily-living"
"anti-inflammatory-diet-rheumatoid-arthritis","arthritis-and-diet-myths-uk","Anti-Inflammatory Diet Plan for Rheumatoid Arthritis UK","shared cluster: nutrition"
"best-foods-to-eat-for-arthritis","arthritis-and-diet-myths-uk","Best Foods to Eat for Arthritis: UK Anti-Inflammatory Guide","shared cluster: nutrition|pain-management"
"best-diet-for-joint-pain-uk","arthritis-and-diet-myths-uk","Best Diet for Joint Pain UK – Anti-Inflammatory Foods","shared cluster: nutrition|pain-management"
"foods-to-avoid-with-arthritis","arthritis-and-diet-myths-uk","Foods to Avoid With Arthritis: A Complete UK Guide","shared cluster: nutrition|pain-management"
"arthritis-in-young-people-uk","hydrotherapy-pools-uk","Arthritis in Young People UK – Types, Symptoms & Support","shared cluster: daily-living"
"pip-for-arthritis-uk","hydrotherapy-pools-uk","PIP for Arthritis UK – Eligibility, Application & Tips","shared cluster: daily-living"
"nhs-rheumatologist-northern-ireland","hydrotherapy-pools-uk","How to Find an NHS Rheumatologist Near Me Northern Ireland","shared cluster: daily-living"
"stopping-arthritis-medication-safely-a-step-by-step-guide","arthritis-and-alcohol-uk","Stopping Arthritis Medication Safely: A Step-By-Step Guide","shared cluster: medication-safety|pain-management"
"painkillers-older-adults-arthritis-caution-uk","arthritis-and-alcohol-uk","Painkillers in older adults with arthritis: caution, not dosing (UK)","shared cluster: medication-safety|pain-management"
"pharmacist-medication-review-frail-arthritis-uk","arthritis-and-alcohol-uk","Pharmacist medication reviews for frail adults with arthritis (UK)","shared cluster: medication-safety|pain-management"
"ckd-nsaids-arthritis-frailty-uk","arthritis-and-alcohol-uk","Kidney disease, NSAIDs and frail arthritis (UK)","shared cluster: medication-safety|pain-management"
"driving-with-arthritis-uk","occupational-therapy-arthritis-uk","Driving with Arthritis UK – DVLA Rules, Adaptations & Tips","shared cluster: daily-living"
"grants-for-adapting-your-home-with-arthritis","occupational-therapy-arthritis-uk","Grants for Adapting Your Home With Arthritis","shared cluster: daily-living"
"expert-qa-choosing-a-career-friendly-to-arthritis","occupational-therapy-arthritis-uk","Expert Q&A: Choosing a Career-Friendly to Arthritis","shared cluster: fatigue-management|daily-living"
"arthritis-fatigue-explained","occupational-therapy-arthritis-uk","Arthritis Fatigue Explained: Why It Happens and What Helps","shared cluster: fatigue-management"
"sleep-and-pain-management-arthritis","arthritis-and-sleep-problems","Sleep and Pain","shared cluster: fatigue-management"
"exercise-for-energy-arthritis-fatigue","yoga-for-arthritis-beginners","Exercise for Energy: Why Movement Eases Arthritis Fatigue","shared cluster: exercise-movement"
"tai-chi-for-arthritis-uk","yoga-for-arthritis-beginners","Tai Chi for Arthritis UK – A Beginner's Guide","shared cluster: exercise-movement|pain-management"
"yoga-for-arthritis","yoga-for-arthritis-beginners","Yoga for Arthritis: Gentle Poses That Help","shared cluster: exercise-movement|pain-management"
"arthritis-and-cycling-uk","yoga-for-arthritis-beginners","Cycling with Arthritis: Pain-Free Riding Guide 2024","shared cluster: exercise-movement|pain-management"
"energy-management-and-pacing-arthritis","arthritis-fatigue-management-uk","Energy Management and","shared cluster: fatigue-management"
"fibromyalgia-flare-ups-without-medication","arthritis-fatigue-management-uk","How to Manage Fibromyalgia Flare Ups Without Medication","shared cluster: fatigue-management"
"arthritis-fatigue-explained","arthritis-fatigue-management-uk","Arthritis Fatigue Explained: Why It Happens and What Helps","shared cluster: fatigue-management"
"oa-vs-ra-comparison","osteoarthritis-symptoms-uk","Osteoarthritis vs Rheumatoid Arthritis — Key Differences","shared cluster: condition-specific"
"spinal-arthritis-back-pain-uk","osteoarthritis-symptoms-uk","Spinal Arthritis UK – Back Pain Symptoms & Self-Help","shared cluster: condition-specific|pain-management"
"signs-rheumatoid-arthritis-early-stages","osteoarthritis-symptoms-uk","Signs of Rheumatoid Arthritis in Early Stages","shared cluster: condition-specific"
"early-signs-gout-big-toe","osteoarthritis-symptoms-uk","Early Signs of Gout in the Big Toe UK","shared cluster: condition-specific"
"cycling-with-arthritis","arthritis-and-cycling-uk","Cycling with Arthritis: A Low-Impact Way to Keep Moving","shared cluster: exercise-movement"
"tai-chi-for-arthritis-uk","arthritis-and-cycling-uk","Tai Chi for Arthritis UK – A Beginner's Guide","shared cluster: exercise-movement|pain-management"
"best-plantar-fasciitis-shoes-women-uk","arthritis-and-cycling-uk","Best Plantar Fasciitis Shoes for Women (UK, 2026)","shared cluster: exercise-movement|pain-management"
"nhs-rheumatologist-northern-ireland","rheumatology-waiting-times-uk","How to Find an NHS Rheumatologist Near Me Northern Ireland","shared cluster: daily-living"
"late-onset-ra-frailty-first-months-uk","rheumatology-waiting-times-uk","Late-onset rheumatoid arthritis and frailty: the first months (UK)","shared cluster: daily-living"
"pmr-frailty-morning-stiffness-uk","rheumatology-waiting-times-uk","Polymyalgia rheumatica and frailty: morning stiffness versus muscle loss (UK)","shared cluster: daily-living"
"osteoporosis-arthritis-frailty-bone-joint-uk","rheumatology-waiting-times-uk","Osteoporosis, arthritis and frailty: protecting bone and joint together (UK)","shared cluster: daily-living"
"glucosamine-vs-collagen","arthritis-and-omega-3-fish-oil","Glucosamine vs Collagen: Which Is Better for Joints?","shared cluster: medication-safety"
"fatty-fish-omega-3-arthritis-evidence","arthritis-and-omega-3-fish-oil","Fatty Fish and Omega-3s: The Evidence for Arthritis Pain","shared cluster: nutrition"
"best-supplement-for-knee-joint","arthritis-and-omega-3-fish-oil","Best Supplement for Knee Joint Health: UK Evidence Guide","shared cluster: medication-safety"
"anti-inflammatory-diet-rheumatoid-arthritis","arthritis-and-weight-loss-uk","Anti-Inflammatory Diet Plan for Rheumatoid Arthritis UK","shared cluster: nutrition"
"weight-management-arthritis-evidence","arthritis-and-weight-loss-uk","Weight Management and Arthritis: The Evidence","shared cluster: nutrition"
"best-foods-to-eat-for-arthritis","arthritis-and-weight-loss-uk","Best Foods to Eat for Arthritis: UK Anti-Inflammatory Guide","shared cluster: nutrition"
"best-diet-for-joint-pain-uk","arthritis-and-weight-loss-uk","Best Diet for Joint Pain UK – Anti-Inflammatory Foods","shared cluster: nutrition"
"access-to-work-scheme-arthritis-guide","arthritis-and-work-uk","Access to Work","shared cluster: daily-living"
"managing-arthritis-at-work","arthritis-and-work-uk","Managing Arthritis at Work: Practical Tips","shared cluster: topical overlap"
"your-workplace-rights-with-arthritis-the-equality-act-2010","arthritis-and-work-uk","Your Workplace Rights With Arthritis: The Equality Act 2010","shared cluster: daily-living"
"exercise-for-hip-arthritis","knee-arthritis-exercises-uk","Best Hip Exercises for Arthritis UK – OA & RA Guide","shared cluster: exercise-movement|condition-specific"
"shoulder-arthritis-exercises-uk","knee-arthritis-exercises-uk","Best Shoulder Exercises for Arthritis UK – OA & RA","shared cluster: exercise-movement|condition-specific"
"foot-and-ankle-arthritis-uk","knee-arthritis-exercises-uk","Foot & Ankle Arthritis UK – Symptoms & Footwear Guide","shared cluster: condition-specific|exercise-movement"
"tai-chi-arthritis-joint-pain","knee-arthritis-exercises-uk","Tai Chi for Arthritis Joint Pain: Benefits and Evidence","shared cluster: condition-specific"
"pharmacist-medication-review-frail-arthritis-uk","arthritis-pain-relief-natural","Pharmacist medication reviews for frail adults with arthritis (UK)","shared cluster: medication-safety|pain-management"
"tens-machines-arthritis-uk","arthritis-pain-relief-natural","TENS Machines for Arthritis UK – Do They Work? Guide","shared cluster: pain-management|medication-safety"
"topical-nsaids-often-overlooked-often-effective","arthritis-pain-relief-natural","Topical NSAIDs: Often Overlooked, Often Effective","shared cluster: pain-management|medication-safety"
"painkillers-older-adults-arthritis-caution-uk","arthritis-pain-relief-natural","Painkillers in older adults with arthritis: caution, not dosing (UK)","shared cluster: medication-safety|pain-management"
"pip-for-arthritis-how-to-build-a-strong-application","assistive-devices-arthritis-uk","PIP for Arthritis: How to Build a Strong Application","shared cluster: daily-living"
"copd-arthritis-frailty-breathlessness-uk","assistive-devices-arthritis-uk","COPD, arthritis and frailty: breathlessness plus sore joints (UK)","shared cluster: daily-living"
"pip-for-arthritis-uk","assistive-devices-arthritis-uk","PIP for Arthritis UK – Eligibility, Application & Tips","shared cluster: daily-living"
"arthritis-and-pets-uk","assistive-devices-arthritis-uk","Arthritis & Pets UK – Benefits, Challenges & Practical Tips","shared cluster: daily-living"
"managing-arthritis-at-work","hip-arthritis-symptoms-uk","Managing Arthritis at Work: Practical Tips","shared cluster: condition-specific|exercise-movement"
"osteoarthritis-symptoms-uk","hip-arthritis-symptoms-uk","Osteoarthritis Symptoms UK – Signs & When to See a GP","shared cluster: condition-specific"
"hip-replacement-arthritis-uk","hip-arthritis-symptoms-uk","Hip Replacement UK Guide, Recovery & What to Expect","shared cluster: exercise-movement"
"early-signs-gout-big-toe","hip-arthritis-symptoms-uk","Early Signs of Gout in the Big Toe UK","shared cluster: condition-specific"
"hip-replacement-arthritis-uk","knee-replacement-arthritis-uk","Hip Replacement UK Guide, Recovery & What to Expect","shared cluster: exercise-movement"
"arthritis-physiotherapy-nhs-waiting-list","knee-replacement-arthritis-uk","How to Get Arthritis Physiotherapy on the NHS Waiting List","shared cluster: exercise-movement"
"prehabilitation-how-pre-op-exercise-speeds-recovery","knee-replacement-arthritis-uk","Prehabilitation: How Pre-Op Exercise Speeds Recovery","shared cluster: exercise-movement"
"gadgets-aids-arthritis-uk","walking-aids-arthritis-uk","Best Gadgets and Daily Living Aids for Arthritis in the UK","shared cluster: daily-living"
"arthritis-and-pets-uk","walking-aids-arthritis-uk","Arthritis & Pets UK – Benefits, Challenges & Practical Tips","shared cluster: exercise-movement|daily-living"
"two-walking-aids-arthritis-frailty-uk","walking-aids-arthritis-uk","Two walking aids in the house: arthritis and frailty (UK)","shared cluster: exercise-movement|daily-living"
"arthritis-in-young-people-uk","juvenile-arthritis-uk","Arthritis in Young People UK – Types, Symptoms & Support","shared cluster: topical overlap"
"osteoarthritis-symptoms-uk","juvenile-arthritis-uk","Osteoarthritis Symptoms UK – Signs & When to See a GP","shared cluster: condition-specific"
"exercise-for-hip-arthritis","shoulder-arthritis-exercises-uk","Best Hip Exercises for Arthritis UK – OA & RA Guide","shared cluster: exercise-movement|condition-specific"
"knee-arthritis-exercises-uk","shoulder-arthritis-exercises-uk","Best Knee Exercises for Arthritis UK – OA & RA Guide","shared cluster: exercise-movement|condition-specific"
"foot-and-ankle-arthritis-uk","shoulder-arthritis-exercises-uk","Foot & Ankle Arthritis UK – Symptoms & Footwear Guide","shared cluster: condition-specific|exercise-movement"
"exercises-rheumatoid-arthritis-hands-wrists","shoulder-arthritis-exercises-uk","Best Exercises for Rheumatoid Arthritis in Hands and Wrists","shared cluster: condition-specific|exercise-movement"
"managing-arthritis-at-work","foot-and-ankle-arthritis-uk","Managing Arthritis at Work: Practical Tips","shared cluster: condition-specific|exercise-movement"
"back-arthritis-exercises-uk","foot-and-ankle-arthritis-uk","Best Back Exercises for Arthritis UK – Spondylosis & RA","shared cluster: exercise-movement|condition-specific"
"knee-arthritis-exercises-uk","foot-and-ankle-arthritis-uk","Best Knee Exercises for Arthritis UK – OA & RA Guide","shared cluster: exercise-movement|condition-specific"
"knee-replacement-arthritis-uk","hip-replacement-arthritis-uk","Knee Replacement UK – What to Expect, Wait Times & Recovery","shared cluster: exercise-movement"
"arthritis-physiotherapy-nhs-waiting-list","hip-replacement-arthritis-uk","How to Get Arthritis Physiotherapy on the NHS Waiting List","shared cluster: exercise-movement"
"prehabilitation-how-pre-op-exercise-speeds-recovery","hip-replacement-arthritis-uk","Prehabilitation: How Pre-Op Exercise Speeds Recovery","shared cluster: exercise-movement"
"foods-to-avoid-with-arthritis","anti-inflammatory-herbs-spices-arthritis","Foods to Avoid With Arthritis: A Complete UK Guide","shared cluster: nutrition|pain-management"
"arthritis-and-diet-myths-uk","anti-inflammatory-herbs-spices-arthritis","Arthritis Diet Myths UK – 10 Common Myths Debunked","shared cluster: nutrition|pain-management"
"arthritis-and-weight-loss-uk","anti-inflammatory-herbs-spices-arthritis","Arthritis & Weight Loss UK – Ease Joint Pain","shared cluster: nutrition"
"arthritis-exercises-uk-clinical","staying-active-arthritis-winter-uk","Arthritis Exercises – Best Low-Impact Workouts UK","shared cluster: exercise-movement|pain-management"
"expert-brief-activity-safety-knee-arthritis","staying-active-arthritis-winter-uk","Expert Brief: How Much Activity Is Safe With Knee Arthritis?","shared cluster: pain-management|exercise-movement"
"cold-weather-arthritis-uk-winter","staying-active-arthritis-winter-uk","Why UK Winters Make Arthritis Worse (And What Helps)","shared cluster: pain-management"
"tai-chi-for-arthritis-uk","staying-active-arthritis-winter-uk","Tai Chi for Arthritis UK – A Beginner's Guide","shared cluster: exercise-movement|pain-management"
"best-supplement-for-knee-joint","tens-machines-arthritis-uk","Best Supplement for Knee Joint Health: UK Evidence Guide","shared cluster: medication-safety|pain-management"
"arthritis-pain-relief-natural","tens-machines-arthritis-uk","Natural Pain Relief for Arthritis – Home Remedies UK","shared cluster: medication-safety|pain-management"
"painkillers-older-adults-arthritis-caution-uk","tens-machines-arthritis-uk","Painkillers in older adults with arthritis: caution, not dosing (UK)","shared cluster: medication-safety|pain-management"
"pharmacist-medication-review-frail-arthritis-uk","tens-machines-arthritis-uk","Pharmacist medication reviews for frail adults with arthritis (UK)","shared cluster: medication-safety|pain-management"
"gadgets-aids-arthritis-uk","arthritis-and-gardening-uk","Best Gadgets and Daily Living Aids for Arthritis in the UK","shared cluster: daily-living"
"nsaids-and-arthritis-benefits-risks-and-safer-use","arthritis-and-gardening-uk","NSAIDs and Arthritis: Benefits, Risks and Safer Use","shared cluster: pain-management|daily-living"
"hobbies-arthritis-friendly-uk","arthritis-and-gardening-uk","10 Arthritis-Friendly Hobbies UK Patients Love","shared cluster: daily-living"
"desk-setup-arthritis-uk-workers","arthritis-and-gardening-uk","The Perfect Desk Setup for UK Workers with Arthritis","shared cluster: pain-management|daily-living"
"osteoarthritis-symptoms-uk","spinal-arthritis-back-pain-uk","Osteoarthritis Symptoms UK – Signs & When to See a GP","shared cluster: condition-specific|pain-management"
"lower-back-stiffness-worse-after-sitting","spinal-arthritis-back-pain-uk","Lower Back Stiffness: Why It Is Worse After Sitting","shared cluster: pain-management|condition-specific"
"gut-joint-connection-microbiome-arthritis","gut-health-arthritis-connection","Gut-Joint Connection: Microbiome and Arthritis Explained","shared cluster: pain-management"
"omega-3-foods-for-joints","gut-health-arthritis-connection","Best Omega-3 Foods for Joint Health | Living with Arthritis","shared cluster: nutrition|pain-management"
"vitamin-d-arthritis-uk","gut-health-arthritis-connection","Vitamin D and Arthritis: Why Every UK Patient Should Test","shared cluster: pain-management|nutrition"
"best-foods-to-eat-for-arthritis","gut-health-arthritis-connection","Best Foods to Eat for Arthritis: UK Anti-Inflammatory Guide","shared cluster: nutrition|pain-management"
"physiotherapy-arthritis","hydrotherapy-arthritis-uk","Physiotherapy for Arthritis — How It Helps & Access","shared cluster: exercise-movement|daily-living"
"hydrotherapy-pools-uk","hydrotherapy-arthritis-uk","Hydrotherapy Pools UK – Find Warm Water Therapy Near You","shared cluster: daily-living"
"walking-aids-arthritis-uk","hydrotherapy-arthritis-uk","Walking Aids for Arthritis UK – Sticks & Daily Aids","shared cluster: exercise-movement|daily-living"
"assistive-devices-arthritis-uk","arthritis-and-pets-uk","Assistive Devices for Arthritis UK – Best Aids Guide","shared cluster: daily-living"
"pip-for-arthritis-how-to-build-a-strong-application","arthritis-and-pets-uk","PIP for Arthritis: How to Build a Strong Application","shared cluster: daily-living"
"copd-arthritis-frailty-breathlessness-uk","arthritis-and-pets-uk","COPD, arthritis and frailty: breathlessness plus sore joints (UK)","shared cluster: daily-living|exercise-movement"
"indoor-walking-frame-arthritis-frailty-uk","arthritis-and-pets-uk","Indoor walking with a frame when arthritis and frailty overlap (UK)","shared cluster: exercise-movement|daily-living"
"meal-delivery-arthritis-frailty-uk","arthritis-meal-planning-uk","Meal delivery services when arthritis and frailty shrink cooking (UK)","shared cluster: daily-living|nutrition"
"anti-inflammatory-diet-rheumatoid-arthritis","arthritis-meal-planning-uk","Anti-Inflammatory Diet Plan for Rheumatoid Arthritis UK","shared cluster: nutrition"
"mediterranean-diet-shopping-list-arthritis","arthritis-meal-planning-uk","Mediterranean Diet Shopping List for Arthritis UK","shared cluster: nutrition|daily-living"
"best-foods-to-eat-for-arthritis","arthritis-meal-planning-uk","Best Foods to Eat for Arthritis: UK Anti-Inflammatory Guide","shared cluster: nutrition"
"arthritis-and-pregnancy-uk","arthritis-and-travel-uk","Arthritis & Pregnancy UK – Medication Safety & Planning","shared cluster: medication-safety"
"travelling-with-arthritis-uk","arthritis-and-travel-uk","Travelling with Arthritis UK – Tips for Comfortable Holidays","shared cluster: daily-living"
"hotel-rooms-accessibility-arthritis","arthritis-and-travel-uk","Booking Accessible Hotel Rooms with Arthritis","shared cluster: daily-living"
"medication-management-travel-arthritis","arthritis-and-travel-uk","Travelling Abroad With Arthritis Medication: A UK Checklist","shared cluster: medication-safety|daily-living"
"expert-brief-frozen-shoulder-vs-ra","expert-qa-track-progress-without-measuring","Expert Brief: Frozen Shoulder vs Rheumatoid Shoulder","shared cluster: pain-management|condition-specific"
"glute-bridges-hip-osteoarthritis-guide","expert-qa-track-progress-without-measuring","Glute Bridges for Hip Osteoarthritis: Complete Guide","shared cluster: pain-management|condition-specific"
"expert-qa-should-i-apply-for-pip-if-my-arthritis-is-mild","expert-qa-track-progress-without-measuring","Expert Q&A: Should I Apply for PIP If My Arthritis Is Mild?","shared cluster: condition-specific"
"expert-qa-is-it-too-soon-for-joint-replacement","expert-qa-track-progress-without-measuring","Expert Q&A: Is It Too Soon for Joint Replacement?","shared cluster: pain-management"
"arthritis-and-weight-loss-uk","weight-management-arthritis-evidence","Arthritis & Weight Loss UK – Ease Joint Pain","shared cluster: nutrition"
"olive-oil-polyphenols-pain-management","weight-management-arthritis-evidence","Olive Oil Polyphenols: A Natural Pain Management Tool","shared cluster: pain-management|nutrition"
"berries-antioxidants-inflammation","weight-management-arthritis-evidence","Berries and Antioxidants: Food Medicine for Inflammation","shared cluster: pain-management|nutrition"
"vitamin-d-arthritis-uk","weight-management-arthritis-evidence","Vitamin D and Arthritis: Why Every UK Patient Should Test","shared cluster: pain-management|nutrition"
"shoulder-pain-reaching-ra-vs-oa","pacing-techniques-arthritis-pain","Shoulder Pain When Reaching: RA vs OA Differences","shared cluster: pain-management|fatigue-management"
"glute-bridges-hip-osteoarthritis-guide","pacing-techniques-arthritis-pain","Glute Bridges for Hip Osteoarthritis: Complete Guide","shared cluster: pain-management"
"energy-management-and-pacing-arthritis","pacing-techniques-arthritis-pain","Energy Management and","shared cluster: fatigue-management|pain-management"
"shoulder-pain-reaching-ra-vs-oa","flare-management-pain-spikes","Shoulder Pain When Reaching: RA vs OA Differences","shared cluster: pain-management|fatigue-management"
"expert-qa-why-did-my-arthritis-come-back","flare-management-pain-spikes","Expert Q&A: Why Did My Arthritis Come Back?","shared cluster: fatigue-management|pain-management"
"best-walking-shoes-arthritis-uk","expert-brief-exercise-order-pain-relief","Best Walking Shoes for Arthritis UK – Comfort & Support","shared cluster: exercise-movement|pain-management"
"expert-qa-spinal-injections-vs-exercise","expert-brief-exercise-order-pain-relief","Expert Q&A: When to Consider Spinal Injections vs Exercise","shared cluster: pain-management|exercise-movement"
"expert-qa-occupational-therapy-hand-pain","expert-brief-exercise-order-pain-relief","Expert Q&A: Occupational Therapy for Daily Hand Pain","shared cluster: pain-management|exercise-movement"
"expert-brief-12-week-hip-exercise-protocol","expert-brief-exercise-order-pain-relief","Expert Brief: The 12-Week Hip Exercise Protocol","shared cluster: exercise-movement|pain-management"
"best-diet-for-joint-pain-uk","anti-inflammatory-shopping-list-uk","Best Diet for Joint Pain UK – Anti-Inflammatory Foods","shared cluster: nutrition|pain-management"
"olive-oil-polyphenols-pain-management","anti-inflammatory-shopping-list-uk","Olive Oil Polyphenols: A Natural Pain Management Tool","shared cluster: pain-management|nutrition"
"fatty-fish-omega-3-arthritis-evidence","anti-inflammatory-shopping-list-uk","Fatty Fish and Omega-3s: The Evidence for Arthritis Pain","shared cluster: nutrition|pain-management"
"best-walking-shoes-arthritis-uk","swimming-full-body-arthritis","Best Walking Shoes for Arthritis UK – Comfort & Support","shared cluster: exercise-movement|pain-management"
"morning-routine-multi-joint-arthritis","swimming-full-body-arthritis","Morning Routine for Multi-Joint Arthritis – UK Guide","shared cluster: pain-management|exercise-movement"
"pendulum-swings-wall-slides-shoulder","swimming-full-body-arthritis","Pendulum Swings and Wall Slides for Shoulder Mobility","shared cluster: exercise-movement|pain-management"
"grip-strength-exercises-hand-oa","swimming-full-body-arthritis","Grip Strength Exercises: A Gentle Progression for Hand OA","shared cluster: exercise-movement|pain-management"
"hip-pain-climbing-stairs-causes-relief","morning-routine-multi-joint-arthritis","Hip Pain When Climbing Stairs: Causes and Relief","shared cluster: exercise-movement|pain-management"
"flying-with-arthritis-uk-airports","morning-routine-multi-joint-arthritis","Flying with Arthritis: A UK Airport Survival Guide","shared cluster: exercise-movement|pain-management"
"swimming-full-body-arthritis","morning-routine-multi-joint-arthritis","Full-Body Low-Impact Workout: Swimming for Arthritis","shared cluster: exercise-movement|pain-management"
"expert-qa-spinal-injections-vs-exercise","morning-routine-multi-joint-arthritis","Expert Q&A: When to Consider Spinal Injections vs Exercise","shared cluster: pain-management|exercise-movement"
"staying-active-arthritis-winter-uk","expert-qa-spinal-injections-vs-exercise","Staying Active with Arthritis in Winter – UK Guide","shared cluster: exercise-movement|pain-management"
"expert-brief-exercise-order-pain-relief","expert-qa-spinal-injections-vs-exercise","Expert Brief: Exercise Order for Maximum Pain Relief","shared cluster: exercise-movement|pain-management"
"expert-qa-occupational-therapy-hand-pain","expert-qa-spinal-injections-vs-exercise","Expert Q&A: Occupational Therapy for Daily Hand Pain","shared cluster: pain-management|exercise-movement"
"expert-brief-12-week-hip-exercise-protocol","expert-qa-spinal-injections-vs-exercise","Expert Brief: The 12-Week Hip Exercise Protocol","shared cluster: exercise-movement|pain-management"
"arthritis-and-weight-loss-uk","olive-oil-polyphenols-pain-management","Arthritis & Weight Loss UK – Ease Joint Pain","shared cluster: nutrition"
"weight-management-arthritis-evidence","olive-oil-polyphenols-pain-management","Weight Management and Arthritis: The Evidence","shared cluster: pain-management|nutrition"
"morning-routine-multi-joint-arthritis","core-strengthening-spinal-arthritis","Morning Routine for Multi-Joint Arthritis – UK Guide","shared cluster: pain-management|exercise-movement"
"pendulum-swings-wall-slides-shoulder","core-strengthening-spinal-arthritis","Pendulum Swings and Wall Slides for Shoulder Mobility","shared cluster: exercise-movement|pain-management"
"hip-pain-climbing-stairs-causes-relief","core-strengthening-spinal-arthritis","Hip Pain When Climbing Stairs: Causes and Relief","shared cluster: exercise-movement|pain-management"
"straight-leg-raises-knee-osteoarthritis","core-strengthening-spinal-arthritis","Straight Leg Raises: The Foundation Exercise for Knee Ost...","shared cluster: exercise-movement|pain-management"
"spinal-arthritis-back-pain-uk","lower-back-stiffness-worse-after-sitting","Spinal Arthritis UK – Back Pain Symptoms & Self-Help","shared cluster: condition-specific|pain-management"
"expert-brief-frozen-shoulder-vs-ra","lower-back-stiffness-worse-after-sitting","Expert Brief: Frozen Shoulder vs Rheumatoid Shoulder","shared cluster: pain-management|condition-specific"
"thumb-base-pain-early-hand-arthritis","lower-back-stiffness-worse-after-sitting","Thumb Base Pain: Early Signs of Hand Arthritis","shared cluster: pain-management|condition-specific"
"morning-knee-stiffness-30-minutes","lower-back-stiffness-worse-after-sitting","Why Morning Knee Stiffness Lasts 30+ Minutes","shared cluster: pain-management|condition-specific"
"spinal-arthritis-back-pain-uk","expert-brief-frozen-shoulder-vs-ra","Spinal Arthritis UK – Back Pain Symptoms & Self-Help","shared cluster: condition-specific|pain-management"
"expert-qa-track-progress-without-measuring","expert-brief-frozen-shoulder-vs-ra","Expert Q&A: How to Track Progress Without Constant Measuring","shared cluster: pain-management|condition-specific"
"thumb-base-pain-early-hand-arthritis","expert-brief-frozen-shoulder-vs-ra","Thumb Base Pain: Early Signs of Hand Arthritis","shared cluster: pain-management|condition-specific"
"morning-knee-stiffness-30-minutes","expert-brief-frozen-shoulder-vs-ra","Why Morning Knee Stiffness Lasts 30+ Minutes","shared cluster: pain-management|condition-specific"
"gut-health-arthritis-connection","berries-antioxidants-inflammation","Gut Health & Arthritis – The Microbiome Connection UK Guide","shared cluster: pain-management|nutrition"
"anti-inflammatory-shopping-list-uk","berries-antioxidants-inflammation","An Anti-Inflammatory Shopping List for UK Supermarkets","shared cluster: nutrition|pain-management"
"fatty-fish-omega-3-arthritis-evidence","berries-antioxidants-inflammation","Fatty Fish and Omega-3s: The Evidence for Arthritis Pain","shared cluster: nutrition|pain-management"
"swimming-full-body-arthritis","pendulum-swings-wall-slides-shoulder","Full-Body Low-Impact Workout: Swimming for Arthritis","shared cluster: exercise-movement|pain-management"
"core-strengthening-spinal-arthritis","pendulum-swings-wall-slides-shoulder","Core Strengthening: Deep Stabilisers for Spinal Arthritis","shared cluster: exercise-movement|pain-management"
"grip-strength-exercises-hand-oa","pendulum-swings-wall-slides-shoulder","Grip Strength Exercises: A Gentle Progression for Hand OA","shared cluster: exercise-movement|pain-management"
"straight-leg-raises-knee-osteoarthritis","pendulum-swings-wall-slides-shoulder","Straight Leg Raises: The Foundation Exercise for Knee Ost...","shared cluster: exercise-movement|pain-management"
"hot-weather-arthritis-management","shoulder-pain-reaching-ra-vs-oa","Managing Arthritis in a UK Heatwave – Practical Tips","shared cluster: pain-management"
"expert-qa-track-progress-without-measuring","expert-qa-occupational-therapy-hand-pain","Expert Q&A: How to Track Progress Without Constant Measuring","shared cluster: pain-management"
"expert-brief-exercise-order-pain-relief","expert-qa-occupational-therapy-hand-pain","Expert Brief: Exercise Order for Maximum Pain Relief","shared cluster: exercise-movement|pain-management"
"expert-qa-spinal-injections-vs-exercise","expert-qa-occupational-therapy-hand-pain","Expert Q&A: When to Consider Spinal Injections vs Exercise","shared cluster: pain-management|exercise-movement"
"expert-brief-activity-safety-knee-arthritis","expert-qa-occupational-therapy-hand-pain","Expert Brief: How Much Activity Is Safe With Knee Arthritis?","shared cluster: pain-management|exercise-movement"
"gut-health-arthritis-connection","ginger-root-natural-anti-inflammatory","Gut Health & Arthritis – The Microbiome Connection UK Guide","shared cluster: pain-management|nutrition"
"anti-inflammatory-shopping-list-uk","ginger-root-natural-anti-inflammatory","An Anti-Inflammatory Shopping List for UK Supermarkets","shared cluster: nutrition|pain-management"
"olive-oil-polyphenols-pain-management","ginger-root-natural-anti-inflammatory","Olive Oil Polyphenols: A Natural Pain Management Tool","shared cluster: pain-management|nutrition"
"berries-antioxidants-inflammation","ginger-root-natural-anti-inflammatory","Berries and Antioxidants: Food Medicine for Inflammation","shared cluster: pain-management|nutrition"
"hand-exercises-for-arthritis","grip-strength-exercises-hand-oa","Hand Exercises for Arthritis – Complete Guide","shared cluster: exercise-movement|pain-management"
"swimming-full-body-arthritis","grip-strength-exercises-hand-oa","Full-Body Low-Impact Workout: Swimming for Arthritis","shared cluster: exercise-movement|pain-management"
"core-strengthening-spinal-arthritis","grip-strength-exercises-hand-oa","Core Strengthening: Deep Stabilisers for Spinal Arthritis","shared cluster: exercise-movement|pain-management"
"pendulum-swings-wall-slides-shoulder","grip-strength-exercises-hand-oa","Pendulum Swings and Wall Slides for Shoulder Mobility","shared cluster: exercise-movement|pain-management"
"lower-back-stiffness-worse-after-sitting","thumb-base-pain-early-hand-arthritis","Lower Back Stiffness: Why It Is Worse After Sitting","shared cluster: pain-management|condition-specific"
"glute-bridges-hip-osteoarthritis-guide","thumb-base-pain-early-hand-arthritis","Glute Bridges for Hip Osteoarthritis: Complete Guide","shared cluster: pain-management|condition-specific"
"morning-knee-stiffness-30-minutes","thumb-base-pain-early-hand-arthritis","Why Morning Knee Stiffness Lasts 30+ Minutes","shared cluster: pain-management|condition-specific"
"expert-brief-frozen-shoulder-vs-ra","thumb-base-pain-early-hand-arthritis","Expert Brief: Frozen Shoulder vs Rheumatoid Shoulder","shared cluster: pain-management|condition-specific"
"expert-brief-exercise-order-pain-relief","expert-brief-12-week-hip-exercise-protocol","Expert Brief: Exercise Order for Maximum Pain Relief","shared cluster: exercise-movement|pain-management"
"expert-qa-spinal-injections-vs-exercise","expert-brief-12-week-hip-exercise-protocol","Expert Q&A: When to Consider Spinal Injections vs Exercise","shared cluster: pain-management|exercise-movement"
"expert-qa-occupational-therapy-hand-pain","expert-brief-12-week-hip-exercise-protocol","Expert Q&A: Occupational Therapy for Daily Hand Pain","shared cluster: pain-management|exercise-movement"
"expert-brief-activity-safety-knee-arthritis","expert-brief-12-week-hip-exercise-protocol","Expert Brief: How Much Activity Is Safe With Knee Arthritis?","shared cluster: pain-management|exercise-movement"
"weight-management-arthritis-evidence","fatty-fish-omega-3-arthritis-evidence","Weight Management and Arthritis: The Evidence","shared cluster: pain-management|nutrition"
"anti-inflammatory-shopping-list-uk","fatty-fish-omega-3-arthritis-evidence","An Anti-Inflammatory Shopping List for UK Supermarkets","shared cluster: nutrition|pain-management"
"berries-antioxidants-inflammation","fatty-fish-omega-3-arthritis-evidence","Berries and Antioxidants: Food Medicine for Inflammation","shared cluster: pain-management|nutrition"
"tens-machines-arthritis-uk","glute-bridges-hip-osteoarthritis-guide","TENS Machines for Arthritis UK – Do They Work? Guide","shared cluster: pain-management"
"expert-qa-track-progress-without-measuring","glute-bridges-hip-osteoarthritis-guide","Expert Q&A: How to Track Progress Without Constant Measuring","shared cluster: pain-management|condition-specific"
"pendulum-swings-wall-slides-shoulder","glute-bridges-hip-osteoarthritis-guide","Pendulum Swings and Wall Slides for Shoulder Mobility","shared cluster: pain-management"
"grip-strength-exercises-hand-oa","glute-bridges-hip-osteoarthritis-guide","Grip Strength Exercises: A Gentle Progression for Hand OA","shared cluster: pain-management"
"morning-routine-multi-joint-arthritis","hip-pain-climbing-stairs-causes-relief","Morning Routine for Multi-Joint Arthritis – UK Guide","shared cluster: pain-management|exercise-movement"
"grip-strength-exercises-hand-oa","hip-pain-climbing-stairs-causes-relief","Grip Strength Exercises: A Gentle Progression for Hand OA","shared cluster: exercise-movement|pain-management"
"expert-brief-exercise-order-pain-relief","hip-pain-climbing-stairs-causes-relief","Expert Brief: Exercise Order for Maximum Pain Relief","shared cluster: exercise-movement|pain-management"
"core-strengthening-spinal-arthritis","hip-pain-climbing-stairs-causes-relief","Core Strengthening: Deep Stabilisers for Spinal Arthritis","shared cluster: exercise-movement|pain-management"
"arthritis-and-cycling-uk","expert-brief-activity-safety-knee-arthritis","Cycling with Arthritis: Pain-Free Riding Guide 2024","shared cluster: exercise-movement|pain-management"
"staying-active-arthritis-winter-uk","expert-brief-activity-safety-knee-arthritis","Staying Active with Arthritis in Winter – UK Guide","shared cluster: exercise-movement|pain-management"
"expert-brief-12-week-hip-exercise-protocol","expert-brief-activity-safety-knee-arthritis","Expert Brief: The 12-Week Hip Exercise Protocol","shared cluster: exercise-movement|pain-management"
"straight-leg-raises-knee-osteoarthritis","expert-brief-activity-safety-knee-arthritis","Straight Leg Raises: The Foundation Exercise for Knee Ost...","shared cluster: exercise-movement|pain-management"
"weight-management-arthritis-evidence","turmeric-curcumin-arthritis-evidence","Weight Management and Arthritis: The Evidence","shared cluster: pain-management|nutrition"
"fatty-fish-omega-3-arthritis-evidence","turmeric-curcumin-arthritis-evidence","Fatty Fish and Omega-3s: The Evidence for Arthritis Pain","shared cluster: nutrition|pain-management"
"anti-inflammatory-shopping-list-uk","turmeric-curcumin-arthritis-evidence","An Anti-Inflammatory Shopping List for UK Supermarkets","shared cluster: nutrition|pain-management"
"swimming-full-body-arthritis","straight-leg-raises-knee-osteoarthritis","Full-Body Low-Impact Workout: Swimming for Arthritis","shared cluster: exercise-movement|pain-management"
"core-strengthening-spinal-arthritis","straight-leg-raises-knee-osteoarthritis","Core Strengthening: Deep Stabilisers for Spinal Arthritis","shared cluster: exercise-movement|pain-management"
"grip-strength-exercises-hand-oa","straight-leg-raises-knee-osteoarthritis","Grip Strength Exercises: A Gentle Progression for Hand OA","shared cluster: exercise-movement|pain-management"
"pendulum-swings-wall-slides-shoulder","straight-leg-raises-knee-osteoarthritis","Pendulum Swings and Wall Slides for Shoulder Mobility","shared cluster: exercise-movement|pain-management"
"lower-back-stiffness-worse-after-sitting","morning-knee-stiffness-30-minutes","Lower Back Stiffness: Why It Is Worse After Sitting","shared cluster: pain-management|condition-specific"
"expert-brief-frozen-shoulder-vs-ra","morning-knee-stiffness-30-minutes","Expert Brief: Frozen Shoulder vs Rheumatoid Shoulder","shared cluster: pain-management|condition-specific"
"thumb-base-pain-early-hand-arthritis","morning-knee-stiffness-30-minutes","Thumb Base Pain: Early Signs of Hand Arthritis","shared cluster: pain-management|condition-specific"
"morning-routine-multi-joint-arthritis","morning-knee-stiffness-30-minutes","Morning Routine for Multi-Joint Arthritis – UK Guide","shared cluster: pain-management"
"nutrition-strategies-reduce-frailty-risk","building-strength-resilience-exercise-frailty-prevention","Nutrition Strategies to Reduce Frailty Risk","shared cluster: topical overlap"
"sarcopenia-muscle-loss-how-to-combat","building-strength-resilience-exercise-frailty-prevention","Sarcopenia: Muscle Loss and How to Combat It","shared cluster: exercise-movement"
"sit-to-stand-practice-frail-arthritis-uk","building-strength-resilience-exercise-frailty-prevention","Sit-to-stand practice for frail adults with arthritis (UK)","shared cluster: exercise-movement"
"knee-osteoarthritis-frailty-staying-steady-home-uk","building-strength-resilience-exercise-frailty-prevention","Knee osteoarthritis and frailty: staying steady at home (UK)","shared cluster: exercise-movement"
"preventing-falls-guide-frail-adults","nutrition-strategies-reduce-frailty-risk","Preventing Falls: A Guide for Frail and At-Risk Adults","shared cluster: topical overlap"
"speech-swallowing-meals-arthritis-frailty-uk","nutrition-strategies-reduce-frailty-risk","Slow meals, sore hands and frailty: keeping eating safe (UK)","shared cluster: nutrition"
"protein-painful-joints-frailty-uk","nutrition-strategies-reduce-frailty-risk","Protein, painful joints and frailty (UK)","shared cluster: nutrition"
"sarcopenia-knee-oa-frailty-overlap-uk","sarcopenia-muscle-loss-how-to-combat","Sarcopenia and knee osteoarthritis: the frailty overlap (UK)","shared cluster: exercise-movement"
"sit-to-stand-practice-frail-arthritis-uk","sarcopenia-muscle-loss-how-to-combat","Sit-to-stand practice for frail adults with arthritis (UK)","shared cluster: exercise-movement"
"nutrition-strategies-reduce-frailty-risk","preventing-falls-guide-frail-adults","Nutrition Strategies to Reduce Frailty Risk","shared cluster: topical overlap"
"sit-to-stand-practice-frail-arthritis-uk","preventing-falls-guide-frail-adults","Sit-to-stand practice for frail adults with arthritis (UK)","shared cluster: daily-living"
"ra-monitoring-older-frail-adults-uk","preventing-falls-guide-frail-adults","Blood monitoring for RA in older frail adults (UK)","shared cluster: daily-living"
"arthritis-in-young-people-uk","understanding-frailty-older-adults","Arthritis in Young People UK – Types, Symptoms & Support","shared cluster: daily-living"
"preventing-falls-guide-frail-adults","understanding-frailty-older-adults","Preventing Falls: A Guide for Frail and At-Risk Adults","shared cluster: daily-living"
"what-sustained-remission-means-in-ra","understanding-frailty-older-adults","What Sustained Remission Means in RA – UK Guide","shared cluster: daily-living"
"hydration-gout-frailty-older-adults-uk","understanding-frailty-older-adults","Hydration, gout and frailty in older adults (UK)","shared cluster: daily-living"
"turmeric-and-methotrexate-interaction","ginger-vs-turmeric-for-arthritis","Turmeric and","shared cluster: medication-safety|nutrition"
"best-supplements-joint-pain","ginger-vs-turmeric-for-arthritis","Best Supplements for Joint Pain: What Actually Works","shared cluster: medication-safety"
"best-walking-shoes-arthritis-uk","best-plantar-fasciitis-shoes-women-uk","Best Walking Shoes for Arthritis UK – Comfort & Support","shared cluster: exercise-movement|pain-management"
"flying-with-arthritis-uk-airports","best-plantar-fasciitis-shoes-women-uk","Flying with Arthritis: A UK Airport Survival Guide","shared cluster: exercise-movement|pain-management"
"care-home-life-arthritis-pain-frailty-uk","best-plantar-fasciitis-shoes-women-uk","Life in a care home with arthritis, pain and frailty (UK)","shared cluster: exercise-movement|pain-management"
"hospital-parking-walking-frail-arthritis-uk","best-plantar-fasciitis-shoes-women-uk","Hospital parking, walking distance and frail arthritis (UK)","shared cluster: exercise-movement|pain-management"
"signs-rheumatoid-arthritis-early-stages","inflammatory-arthritis-guide","Signs of Rheumatoid Arthritis in Early Stages","shared cluster: condition-specific"
"biologics-for-ra-a-realistic-year-one-roadmap","inflammatory-arthritis-guide","Biologics for RA: A Realistic Year-One Roadmap","shared cluster: medication-safety"
"early-arthritis-intervention-uk","arthritis-in-young-adults","Why Early Intervention Beats Late Treatment in Arthritis","shared cluster: condition-specific"
"ra-frailty-older-adults-daily-rhythm-uk","arthritis-in-young-adults","Rheumatoid arthritis and frailty in older adults: a gentler daily rhythm (UK)","shared cluster: condition-specific"
"inflammatory-arthritis-guide","arthritis-in-young-adults","Inflammatory Arthritis: Types, Causes and Treatment","shared cluster: condition-specific"
"early-signs-gout-big-toe","arthritis-in-young-adults","Early Signs of Gout in the Big Toe UK","shared cluster: condition-specific"
"arthritis-and-pregnancy-uk","arthritis-in-older-adults","Arthritis & Pregnancy UK – Medication Safety & Planning","shared cluster: medication-safety|condition-specific"
"gout-winter-dehydration-frailty-uk","arthritis-in-older-adults","Winter gout, dehydration and frailty (UK)","shared cluster: condition-specific"
"painkillers-older-adults-arthritis-caution-uk","arthritis-in-older-adults","Painkillers in older adults with arthritis: caution, not dosing (UK)","shared cluster: medication-safety"
"gadgets-aids-arthritis-uk","free-arthritis-support-northern-ireland","Best Gadgets and Daily Living Aids for Arthritis in the UK","shared cluster: daily-living"
"nhs-rheumatologist-northern-ireland","free-arthritis-support-northern-ireland","How to Find an NHS Rheumatologist Near Me Northern Ireland","shared cluster: daily-living"
"faith-groups-arthritis-frailty-access-uk","free-arthritis-support-northern-ireland","Faith groups, access and arthritis-related frailty (UK)","shared cluster: daily-living"
"social-prescribing-arthritis-frailty-uk","free-arthritis-support-northern-ireland","Social prescribing for arthritis and frailty (UK)","shared cluster: daily-living"
"rebuilding-intimacy-after-arthritis-diagnosis","caring-for-parent-with-arthritis","Rebuilding Intimacy After an Arthritis","shared cluster: sexual-health|caregiver-support"
"supporting-a-partner-with-arthritis-strategies","caring-for-parent-with-arthritis","Supporting a Partner With","shared cluster: caregiver-support|sexual-health"
"adult-children-as-caregivers-arthritis","caring-for-parent-with-arthritis","Adult Children as","shared cluster: caregiver-support|sexual-health"
"psoriatic-arthritis-vs-rheumatoid-arthritis-tests-treatments","psoriatic-vs-rheumatoid-arthritis","Psoriatic Arthritis vs Rheumatoid","shared cluster: condition-specific"
"oa-vs-ra-comparison","psoriatic-vs-rheumatoid-arthritis","Osteoarthritis vs Rheumatoid Arthritis — Key Differences","shared cluster: condition-specific"
"anxiety-and-arthritis-management","tai-chi-arthritis-joint-pain","Anxiety and Arthritis: Why It Happens and How to Manage It","shared cluster: mental-health|condition-specific"
"knee-arthroscopy-for-osteoarthritis-helpful-or-hype","tai-chi-arthritis-joint-pain","Knee Arthroscopy for Osteoarthritis: Helpful or Hype?","shared cluster: condition-specific"
"back-arthritis-exercises-uk","tai-chi-arthritis-joint-pain","Best Back Exercises for Arthritis UK – Spondylosis & RA","shared cluster: condition-specific"
"knee-arthritis-exercises-uk","tai-chi-arthritis-joint-pain","Best Knee Exercises for Arthritis UK – OA & RA Guide","shared cluster: condition-specific"
"knee-replacement-arthritis-uk","arthritis-physiotherapy-nhs-waiting-list","Knee Replacement UK – What to Expect, Wait Times & Recovery","shared cluster: exercise-movement"
"hip-replacement-arthritis-uk","arthritis-physiotherapy-nhs-waiting-list","Hip Replacement UK Guide, Recovery & What to Expect","shared cluster: exercise-movement"
"nhs-rheumatologist-northern-ireland","arthritis-physiotherapy-nhs-waiting-list","How to Find an NHS Rheumatologist Near Me Northern Ireland","shared cluster: topical overlap"
"community-physio-wait-frail-arthritis-uk","arthritis-physiotherapy-nhs-waiting-list","Community physiotherapy waits when you are frail with arthritis (UK)","shared cluster: exercise-movement"
"psoriatic-arthritis-vs-rheumatoid-arthritis-tests-treatments","signs-rheumatoid-arthritis-early-stages","Psoriatic Arthritis vs Rheumatoid","shared cluster: condition-specific"
"tai-chi-arthritis-joint-pain","signs-rheumatoid-arthritis-early-stages","Tai Chi for Arthritis Joint Pain: Benefits and Evidence","shared cluster: condition-specific"
"early-signs-gout-big-toe","signs-rheumatoid-arthritis-early-stages","Early Signs of Gout in the Big Toe UK","shared cluster: condition-specific"
"osteoarthritis-symptoms-uk","signs-rheumatoid-arthritis-early-stages","Osteoarthritis Symptoms UK – Signs & When to See a GP","shared cluster: condition-specific"
"anti-inflammatory-diet","gout-flare-up-diet-foods-avoid","Anti-Inflammatory Diet for Arthritis — Best Foods to Eat","shared cluster: nutrition|medication-safety"
"expert-qa-how-to-talk-to-your-gp-about-medication-worries","gout-flare-up-diet-foods-avoid","Expert Q&A: How to Talk to Your GP About Medication Worries","shared cluster: medication-safety"
"foods-to-avoid-with-arthritis","gout-flare-up-diet-foods-avoid","Foods to Avoid With Arthritis: A Complete UK Guide","shared cluster: nutrition"
"pip-for-arthritis-uk","pip-fibromyalgia-uk-apply","PIP for Arthritis UK – Eligibility, Application & Tips","shared cluster: daily-living"
"appeal-rejected-pip-arthritis","pip-fibromyalgia-uk-apply","How to Appeal a Rejected PIP Claim for Arthritis","shared cluster: daily-living"
"pip-osteoarthritis-both-knees","pip-fibromyalgia-uk-apply","How to Claim PIP for Osteoarthritis in Both Knees","shared cluster: condition-specific|daily-living"
"blue-badge-arthritis-scotland","pip-fibromyalgia-uk-apply","How to Get a Blue Badge for Arthritis in Scotland","shared cluster: daily-living"
"arthritis-meal-planning-uk","anti-inflammatory-diet-rheumatoid-arthritis","Arthritis Meal Planning UK – Anti-Inflammatory Menus","shared cluster: nutrition"
"preventing-knee-osteoarthritis-uk","anti-inflammatory-diet-rheumatoid-arthritis","Can You Prevent Knee Osteoarthritis? UK Evidence Review","shared cluster: condition-specific|nutrition"
"yoga-ankylosing-spondylitis-stiffness","best-exercises-osteoarthritis-knee-pain-home","Best Yoga Poses for Ankylosing Spondylitis Stiffness","shared cluster: exercise-movement|condition-specific"
"exercises-rheumatoid-arthritis-hands-wrists","best-exercises-osteoarthritis-knee-pain-home","Best Exercises for Rheumatoid Arthritis in Hands and Wrists","shared cluster: condition-specific|exercise-movement"
"exercise-for-hip-arthritis","best-exercises-osteoarthritis-knee-pain-home","Best Hip Exercises for Arthritis UK – OA & RA Guide","shared cluster: exercise-movement|condition-specific"
"knee-osteoarthritis-frailty-staying-steady-home-uk","free-arthritis-exercise-classes-england","Knee osteoarthritis and frailty: staying steady at home (UK)","shared cluster: exercise-movement"
"hip-osteoarthritis-frailty-chair-rise-uk","free-arthritis-exercise-classes-england","Hip osteoarthritis and frailty: getting out of a chair more safely (UK)","shared cluster: exercise-movement"
"foot-ankle-osteoarthritis-frailty-indoor-walking-uk","free-arthritis-exercise-classes-england","Foot and ankle osteoarthritis and frailty: safer indoor walking (UK)","shared cluster: exercise-movement"
"deconditioning-after-arthritis-flare-uk","free-arthritis-exercise-classes-england","Deconditioning after an arthritis flare: getting moving again (UK)","shared cluster: exercise-movement"
"pip-osteoarthritis-both-knees","talk-employer-rheumatoid-arthritis-work","How to Claim PIP for Osteoarthritis in Both Knees","shared cluster: condition-specific|daily-living"
"apprenticeships-and-arthritis-a-realistic-look","talk-employer-rheumatoid-arthritis-work","Apprenticeships and Arthritis: A Realistic Look","shared cluster: daily-living"
"reasonable-adjustments-that-actually-help","talk-employer-rheumatoid-arthritis-work","Reasonable Adjustments That Actually Help","shared cluster: daily-living"
"your-workplace-rights-with-arthritis-the-equality-act-2010","talk-employer-rheumatoid-arthritis-work","Your Workplace Rights With Arthritis: The Equality Act 2010","shared cluster: daily-living"
"arthritis-meal-planning-uk","mediterranean-diet-shopping-list-arthritis","Arthritis Meal Planning UK – Anti-Inflammatory Menus","shared cluster: nutrition|daily-living"
"shopping-online-arthritis-frailty-uk","mediterranean-diet-shopping-list-arthritis","Online food shops for frail adults with arthritis (UK)","shared cluster: nutrition|daily-living"
"widowhood-meals-arthritis-frailty-uk","mediterranean-diet-shopping-list-arthritis","Cooking for one after loss when arthritis and frailty remain (UK)","shared cluster: daily-living|nutrition"
"speech-swallowing-meals-arthritis-frailty-uk","mediterranean-diet-shopping-list-arthritis","Slow meals, sore hands and frailty: keeping eating safe (UK)","shared cluster: nutrition|daily-living"
"pip-fibromyalgia-denied-reapply","appeal-rejected-pip-arthritis","How to Get PIP for Fibromyalgia Denied on First Application","shared cluster: daily-living"
"grants-for-adapting-your-home-with-arthritis","appeal-rejected-pip-arthritis","Grants for Adapting Your Home With Arthritis","shared cluster: daily-living"
"pip-fibromyalgia-uk-apply","appeal-rejected-pip-arthritis","How to Apply for PIP With Fibromyalgia UK","shared cluster: daily-living"
"pip-osteoarthritis-both-knees","appeal-rejected-pip-arthritis","How to Claim PIP for Osteoarthritis in Both Knees","shared cluster: daily-living"
"adult-children-as-caregivers-arthritis","juvenile-arthritis-school-support-parents","Adult Children as","shared cluster: caregiver-support|sexual-health"
"explain-juvenile-arthritis-school-teachers","juvenile-arthritis-school-support-parents","How to Explain Juvenile Arthritis to School Teachers UK","shared cluster: sexual-health|caregiver-support"
"expert-qa-will-my-children-inherit-my-arthritis","juvenile-arthritis-school-support-parents","Expert Q&A: Will My Children Inherit My Arthritis?","shared cluster: caregiver-support"
"school-run-survival-for-parents-with-arthritis","juvenile-arthritis-school-support-parents","School-Run Survival for Parents With Arthritis","shared cluster: sexual-health|caregiver-support"
"best-supplement-for-knee-joint","best-supplements-joint-pain","Best Supplement for Knee Joint Health: UK Evidence Guide","shared cluster: medication-safety|pain-management"
"arthritis-pain-relief-natural","best-supplements-joint-pain","Natural Pain Relief for Arthritis – Home Remedies UK","shared cluster: medication-safety|pain-management"
"tens-machines-arthritis-uk","best-supplements-joint-pain","TENS Machines for Arthritis UK – Do They Work? Guide","shared cluster: pain-management|medication-safety"
"exercises-rheumatoid-arthritis-hands-wrists","yoga-ankylosing-spondylitis-stiffness","Best Exercises for Rheumatoid Arthritis in Hands and Wrists","shared cluster: condition-specific|exercise-movement"
"hip-osteoarthritis-frailty-chair-rise-uk","yoga-ankylosing-spondylitis-stiffness","Hip osteoarthritis and frailty: getting out of a chair more safely (UK)","shared cluster: condition-specific|exercise-movement"
"knee-oa-frailty-rising-from-low-sofa-uk","yoga-ankylosing-spondylitis-stiffness","Knee osteoarthritis and frailty: rising from a low sofa (UK)","shared cluster: condition-specific|exercise-movement"
"spinal-stenosis-oa-frailty-walking-stops-uk","yoga-ankylosing-spondylitis-stiffness","Spinal stenosis, osteoarthritis and frailty: walking with planned stops (UK)","shared cluster: exercise-movement|condition-specific"
"expert-qa-how-to-talk-to-your-gp-about-medication-worries","fibromyalgia-flare-ups-without-medication","Expert Q&A: How to Talk to Your GP About Medication Worries","shared cluster: medication-safety"
"supporting-a-partner-with-arthritis-strategies","support-friend-diagnosed-lupus","Supporting a Partner With","shared cluster: sexual-health"
"rebuilding-intimacy-after-arthritis-diagnosis","support-friend-diagnosed-lupus","Rebuilding Intimacy After an Arthritis","shared cluster: sexual-health"
"swimming-for-arthritis","chair-yoga-elderly-arthritis-stiffness","Swimming for Arthritis: A Complete Guide","shared cluster: exercise-movement|pain-management"
"yoga-for-arthritis","chair-yoga-elderly-arthritis-stiffness","Yoga for Arthritis: Gentle Poses That Help","shared cluster: exercise-movement|pain-management"
"tai-chi-balance-arthritis-frailty-uk","chair-yoga-elderly-arthritis-stiffness","Tai Chi for balance when arthritis and frailty overlap (UK)","shared cluster: exercise-movement|pain-management"
"pip-fibromyalgia-uk-apply","pip-osteoarthritis-both-knees","How to Apply for PIP With Fibromyalgia UK","shared cluster: condition-specific|daily-living"
"appeal-rejected-pip-arthritis","pip-osteoarthritis-both-knees","How to Appeal a Rejected PIP Claim for Arthritis","shared cluster: daily-living"
"expert-qa-should-i-apply-for-pip-if-my-arthritis-is-mild","pip-osteoarthritis-both-knees","Expert Q&A: Should I Apply for PIP If My Arthritis Is Mild?","shared cluster: condition-specific|daily-living"
"sofa-height-arthritis-frailty-uk","pip-osteoarthritis-both-knees","Sofa height, osteoarthritis and frailty (UK)","shared cluster: daily-living|condition-specific"
"energy-management-and-pacing-arthritis","manage-arthritis-pain-flare-ups-night","Energy Management and","shared cluster: fatigue-management|pain-management"
"mindfulness-for-arthritis-pain","manage-arthritis-pain-flare-ups-night","Mindfulness and Meditation for Arthritis Pain Management","shared cluster: pain-management"
"fibromyalgia-flare-ups-without-medication","manage-arthritis-pain-flare-ups-night","How to Manage Fibromyalgia Flare Ups Without Medication","shared cluster: fatigue-management"
"circadian-rhythm-arthritis-inflammation","manage-arthritis-pain-flare-ups-night","Your Circadian Rhythm and Arthritis Inflammation","shared cluster: pain-management|fatigue-management"
"hydrotherapy-pools-uk","nhs-rheumatologist-northern-ireland","Hydrotherapy Pools UK – Find Warm Water Therapy Near You","shared cluster: daily-living"
"rheumatology-waiting-times-uk","nhs-rheumatologist-northern-ireland","Rheumatology Waiting Times UK – How to Cope While Waiting","shared cluster: daily-living"
"arthritis-physiotherapy-nhs-waiting-list","nhs-rheumatologist-northern-ireland","How to Get Arthritis Physiotherapy on the NHS Waiting List","shared cluster: topical overlap"
"free-arthritis-support-northern-ireland","nhs-rheumatologist-northern-ireland","Free Arthritis Support Services Northern Ireland","shared cluster: daily-living"
"signs-rheumatoid-arthritis-early-stages","early-signs-gout-big-toe","Signs of Rheumatoid Arthritis in Early Stages","shared cluster: condition-specific"
"early-arthritis-intervention-uk","early-signs-gout-big-toe","Why Early Intervention Beats Late Treatment in Arthritis","shared cluster: condition-specific"
"osteoarthritis-symptoms-uk","early-signs-gout-big-toe","Osteoarthritis Symptoms UK – Signs & When to See a GP","shared cluster: condition-specific"
"driving-with-arthritis-uk","blue-badge-arthritis-scotland","Driving with Arthritis UK – DVLA Rules, Adaptations & Tips","shared cluster: daily-living"
"pip-for-arthritis-uk","blue-badge-arthritis-scotland","PIP for Arthritis UK – Eligibility, Application & Tips","shared cluster: daily-living"
"pip-fibromyalgia-denied-reapply","blue-badge-arthritis-scotland","How to Get PIP for Fibromyalgia Denied on First Application","shared cluster: daily-living"
"pip-fibromyalgia-uk-apply","blue-badge-arthritis-scotland","How to Apply for PIP With Fibromyalgia UK","shared cluster: daily-living"
"best-exercises-osteoarthritis-knee-pain-home","swimming-exercises-hip-osteoarthritis","Best Exercises for Osteoarthritis Knee Pain at Home","shared cluster: condition-specific|exercise-movement"
"yoga-ankylosing-spondylitis-stiffness","swimming-exercises-hip-osteoarthritis","Best Yoga Poses for Ankylosing Spondylitis Stiffness","shared cluster: exercise-movement|condition-specific"
"back-arthritis-exercises-uk","swimming-exercises-hip-osteoarthritis","Best Back Exercises for Arthritis UK – Spondylosis & RA","shared cluster: exercise-movement|condition-specific"
"talking-to-your-partner-about-arthritis","explain-juvenile-arthritis-school-teachers","Talking to Your Partner About","shared cluster: sexual-health|caregiver-support"
"supporting-a-partner-with-arthritis-strategies","explain-juvenile-arthritis-school-teachers","Supporting a Partner With","shared cluster: caregiver-support|sexual-health"
"adult-children-as-caregivers-arthritis","explain-juvenile-arthritis-school-teachers","Adult Children as","shared cluster: caregiver-support|sexual-health"
"free-arthritis-support-northern-ireland","arthritis-support-groups-scotland","Free Arthritis Support Services Northern Ireland","shared cluster: daily-living"
"arthritis-support-groups-wales","arthritis-support-groups-scotland","Arthritis Support Groups Near Me Wales","shared cluster: daily-living"
"arthritis-support-groups-glasgow","arthritis-support-groups-scotland","Arthritis Support Groups Near Me Glasgow","shared cluster: daily-living"
"arthritis-support-groups-manchester","arthritis-support-groups-scotland","Free Arthritis Support Groups Near Me Manchester","shared cluster: daily-living"
"free-arthritis-support-northern-ireland","arthritis-support-groups-wales","Free Arthritis Support Services Northern Ireland","shared cluster: daily-living"
"arthritis-support-groups-scotland","arthritis-support-groups-wales","Arthritis Support Groups Near Me Scotland","shared cluster: daily-living"
"arthritis-support-groups-glasgow","arthritis-support-groups-wales","Arthritis Support Groups Near Me Glasgow","shared cluster: daily-living"
"arthritis-support-groups-manchester","arthritis-support-groups-wales","Free Arthritis Support Groups Near Me Manchester","shared cluster: daily-living"
"arthritis-support-groups-scotland","arthritis-support-groups-glasgow","Arthritis Support Groups Near Me Scotland","shared cluster: daily-living"
"arthritis-support-groups-wales","arthritis-support-groups-glasgow","Arthritis Support Groups Near Me Wales","shared cluster: daily-living"
"arthritis-support-groups-manchester","arthritis-support-groups-glasgow","Free Arthritis Support Groups Near Me Manchester","shared cluster: daily-living"
"free-arthritis-support-northern-ireland","arthritis-support-groups-glasgow","Free Arthritis Support Services Northern Ireland","shared cluster: daily-living"
"free-arthritis-support-northern-ireland","arthritis-support-groups-manchester","Free Arthritis Support Services Northern Ireland","shared cluster: daily-living"
"arthritis-support-groups-scotland","arthritis-support-groups-manchester","Arthritis Support Groups Near Me Scotland","shared cluster: daily-living"
"arthritis-support-groups-wales","arthritis-support-groups-manchester","Arthritis Support Groups Near Me Wales","shared cluster: daily-living"
"arthritis-support-groups-glasgow","arthritis-support-groups-manchester","Arthritis Support Groups Near Me Glasgow","shared cluster: daily-living"
"pip-fibromyalgia-uk-apply","pip-fibromyalgia-denied-reapply","How to Apply for PIP With Fibromyalgia UK","shared cluster: daily-living"
"appeal-rejected-pip-arthritis","pip-fibromyalgia-denied-reapply","How to Appeal a Rejected PIP Claim for Arthritis","shared cluster: daily-living"
"blue-badge-arthritis-scotland","pip-fibromyalgia-denied-reapply","How to Get a Blue Badge for Arthritis in Scotland","shared cluster: daily-living"
"pip-osteoarthritis-both-knees","pip-fibromyalgia-denied-reapply","How to Claim PIP for Osteoarthritis in Both Knees","shared cluster: daily-living"
"yoga-ankylosing-spondylitis-stiffness","exercises-rheumatoid-arthritis-hands-wrists","Best Yoga Poses for Ankylosing Spondylitis Stiffness","shared cluster: exercise-movement|condition-specific"
"back-arthritis-exercises-uk","exercises-rheumatoid-arthritis-hands-wrists","Best Back Exercises for Arthritis UK – Spondylosis & RA","shared cluster: exercise-movement|condition-specific"
"exercise-for-hip-arthritis","exercises-rheumatoid-arthritis-hands-wrists","Best Hip Exercises for Arthritis UK – OA & RA Guide","shared cluster: exercise-movement|condition-specific"
"knee-arthritis-exercises-uk","exercises-rheumatoid-arthritis-hands-wrists","Best Knee Exercises for Arthritis UK – OA & RA Guide","shared cluster: exercise-movement|condition-specific"
"pip-fibromyalgia-uk-apply","expert-qa-should-i-apply-for-pip-if-my-arthritis-is-mild","How to Apply for PIP With Fibromyalgia UK","shared cluster: condition-specific|daily-living"
"expert-qa-is-it-worth-paying-for-a-second-opinion","expert-qa-should-i-apply-for-pip-if-my-arthritis-is-mild","Expert Q&A: Is It Worth Paying for a Second Opinion?","shared cluster: daily-living"
"late-onset-ra-frailty-first-months-uk","expert-qa-should-i-apply-for-pip-if-my-arthritis-is-mild","Late-onset rheumatoid arthritis and frailty: the first months (UK)","shared cluster: condition-specific|daily-living"
"universal-credit-and-arthritis-limited-capability-for-work","grants-for-adapting-your-home-with-arthritis","Universal Credit and Arthritis: Limited Capability for Work","shared cluster: daily-living"
"disabled-facilities-grant-arthritis-frailty-uk","grants-for-adapting-your-home-with-arthritis","Disabled Facilities Grants, arthritis and frailty (UK)","shared cluster: daily-living"
"local-wheelchair-service-arthritis-uk","grants-for-adapting-your-home-with-arthritis","Local wheelchair services for frail adults with arthritis (UK)","shared cluster: daily-living"
"occupational-therapy-arthritis-uk","grants-for-adapting-your-home-with-arthritis","Occupational Therapy for Arthritis UK – What OTs Do","shared cluster: daily-living"
"pip-fibromyalgia-denied-reapply","pip-for-arthritis-how-to-build-a-strong-application","How to Get PIP for Fibromyalgia Denied on First Application","shared cluster: daily-living"
"pip-fibromyalgia-uk-apply","pip-for-arthritis-how-to-build-a-strong-application","How to Apply for PIP With Fibromyalgia UK","shared cluster: daily-living"
"pip-osteoarthritis-both-knees","pip-for-arthritis-how-to-build-a-strong-application","How to Claim PIP for Osteoarthritis in Both Knees","shared cluster: daily-living"
"blue-badge-arthritis-scotland","pip-for-arthritis-how-to-build-a-strong-application","How to Get a Blue Badge for Arthritis in Scotland","shared cluster: daily-living"
"grants-for-adapting-your-home-with-arthritis","universal-credit-and-arthritis-limited-capability-for-work","Grants for Adapting Your Home With Arthritis","shared cluster: daily-living"
"joint-replacement-surgery","universal-credit-and-arthritis-limited-capability-for-work","Joint Replacement Surgery for Arthritis — UK Guide","shared cluster: daily-living"
"pip-fibromyalgia-uk-apply","universal-credit-and-arthritis-limited-capability-for-work","How to Apply for PIP With Fibromyalgia UK","shared cluster: daily-living"
"appeal-rejected-pip-arthritis","universal-credit-and-arthritis-limited-capability-for-work","How to Appeal a Rejected PIP Claim for Arthritis","shared cluster: daily-living"
"hip-replacement-recovery-week-by-week","apprenticeships-and-arthritis-a-realistic-look","Hip Replacement Recovery Week by Week – UK Guide","shared cluster: daily-living"
"standing-desk-arthritis-pros-cons","apprenticeships-and-arthritis-a-realistic-look","Standing Desks and Arthritis: Pros, Cons and How to Use One ","shared cluster: daily-living"
"access-to-work-scheme-arthritis-guide","apprenticeships-and-arthritis-a-realistic-look","Access to Work","shared cluster: daily-living"
"expert-qa-choosing-a-career-friendly-to-arthritis","exam-adjustments-for-students-with-arthritis","Expert Q&A: Choosing a Career-Friendly to Arthritis","shared cluster: fatigue-management|daily-living"
"university-with-arthritis-disability-support-and-dsa","exam-adjustments-for-students-with-arthritis","University With Arthritis: Disability Support and DSA","shared cluster: daily-living"
"sleeping-tablets-falls-arthritis-frailty-uk","exam-adjustments-for-students-with-arthritis","Sleeping tablets, night falls and arthritis (UK)","shared cluster: fatigue-management|daily-living"
"occupational-therapy-arthritis-uk","expert-qa-choosing-a-career-friendly-to-arthritis","Occupational Therapy for Arthritis UK – What OTs Do","shared cluster: fatigue-management|daily-living"
"expert-qa-is-it-worth-paying-for-a-second-opinion","expert-qa-choosing-a-career-friendly-to-arthritis","Expert Q&A: Is It Worth Paying for a Second Opinion?","shared cluster: daily-living"
"expert-qa-returning-to-work-after-a-bad-flare","expert-qa-choosing-a-career-friendly-to-arthritis","Expert Q&A: Returning to Work After a Bad Flare","shared cluster: daily-living"
"sleeping-tablets-falls-arthritis-frailty-uk","expert-qa-choosing-a-career-friendly-to-arthritis","Sleeping tablets, night falls and arthritis (UK)","shared cluster: fatigue-management|daily-living"
"access-to-work-scheme-arthritis-guide","university-with-arthritis-disability-support-and-dsa","Access to Work","shared cluster: daily-living"
"exam-adjustments-for-students-with-arthritis","university-with-arthritis-disability-support-and-dsa","Exam Adjustments for Students With Arthritis","shared cluster: daily-living"
"your-workplace-rights-with-arthritis-the-equality-act-2010","university-with-arthritis-disability-support-and-dsa","Your Workplace Rights With Arthritis: The Equality Act 2010","shared cluster: daily-living"
"expert-qa-choosing-a-career-friendly-to-arthritis","expert-qa-returning-to-work-after-a-bad-flare","Expert Q&A: Choosing a Career-Friendly to Arthritis","shared cluster: daily-living"
"expert-qa-why-did-my-arthritis-come-back","expert-qa-returning-to-work-after-a-bad-flare","Expert Q&A: Why Did My Arthritis Come Back?","shared cluster: pain-management"
"flare-versus-frailty-arthritis-uk","expert-qa-returning-to-work-after-a-bad-flare","Flare versus frailty: telling a bad joint week from a slower body (UK)","shared cluster: pain-management|daily-living"
"paramedic-fall-lift-arthritis-uk","expert-qa-returning-to-work-after-a-bad-flare","After paramedics lift you: arthritis pain and the next 48 hours (UK)","shared cluster: pain-management|daily-living"
"should-you-tell-your-employer-about-your-arthritis","reasonable-adjustments-that-actually-help","Should You Tell Your Employer About Your Arthritis?","shared cluster: daily-living"
"standing-desk-arthritis-pros-cons","reasonable-adjustments-that-actually-help","Standing Desks and Arthritis: Pros, Cons and How to Use One ","shared cluster: daily-living"
"standing-desk-arthritis-pros-cons","should-you-tell-your-employer-about-your-arthritis","Standing Desks and Arthritis: Pros, Cons and How to Use One ","shared cluster: daily-living"
"reasonable-adjustments-that-actually-help","should-you-tell-your-employer-about-your-arthritis","Reasonable Adjustments That Actually Help","shared cluster: daily-living"
"university-with-arthritis-disability-support-and-dsa","your-workplace-rights-with-arthritis-the-equality-act-2010","University With Arthritis: Disability Support and DSA","shared cluster: daily-living"
"reasonable-adjustments-that-actually-help","your-workplace-rights-with-arthritis-the-equality-act-2010","Reasonable Adjustments That Actually Help","shared cluster: daily-living"
"expert-qa-how-to-ask-for-help-without-feeling-guilty","expert-qa-will-my-children-inherit-my-arthritis","Expert Q&A: How to Ask for Help Without Feeling Guilty","shared cluster: caregiver-support"
"adult-children-as-caregivers-arthritis","expert-qa-will-my-children-inherit-my-arthritis","Adult Children as","shared cluster: caregiver-support"
"pacing-visitors-arthritis-frailty-uk","expert-qa-will-my-children-inherit-my-arthritis","Pacing visitors and family days with arthritis and frailty (UK)","shared cluster: caregiver-support"
"school-run-survival-for-parents-with-arthritis","parenting-with-arthritis-hacks-for-babies-and-toddlers","School-Run Survival for Parents With Arthritis","shared cluster: sexual-health|caregiver-support"
"talking-to-children-about-your-arthritis","parenting-with-arthritis-hacks-for-babies-and-toddlers","Talking to Children About Your Arthritis","shared cluster: caregiver-support|sexual-health"
"rebuilding-intimacy-after-arthritis-diagnosis","parenting-with-arthritis-hacks-for-babies-and-toddlers","Rebuilding Intimacy After an Arthritis","shared cluster: sexual-health|caregiver-support"
"talking-to-your-partner-about-arthritis","parenting-with-arthritis-hacks-for-babies-and-toddlers","Talking to Your Partner About","shared cluster: sexual-health|caregiver-support"
"arthritis-medications-and-sexual-function","pregnancy-and-arthritis-what-uk-guidelines-recommend","How Arthritis Medications Affect Sexual","shared cluster: medication-safety|sexual-health"
"arthritis-and-pregnancy-uk","pregnancy-and-arthritis-what-uk-guidelines-recommend","Arthritis & Pregnancy UK – Medication Safety & Planning","shared cluster: medication-safety"
"sex-and-intimacy-with-arthritis","pregnancy-and-arthritis-what-uk-guidelines-recommend","Sex and Intimacy With","shared cluster: sexual-health"
"explain-juvenile-arthritis-school-teachers","school-run-survival-for-parents-with-arthritis","How to Explain Juvenile Arthritis to School Teachers UK","shared cluster: sexual-health|caregiver-support"
"parenting-with-arthritis-hacks-for-babies-and-toddlers","school-run-survival-for-parents-with-arthritis","Parenting With Arthritis: Hacks for Babies and Toddlers","shared cluster: sexual-health|caregiver-support"
"talking-to-children-about-your-arthritis","school-run-survival-for-parents-with-arthritis","Talking to Children About Your Arthritis","shared cluster: caregiver-support|sexual-health"
"expert-qa-will-my-children-inherit-my-arthritis","expert-qa-how-to-ask-for-help-without-feeling-guilty","Expert Q&A: Will My Children Inherit My Arthritis?","shared cluster: caregiver-support"
"expert-brief-exercise-order-pain-relief","expert-qa-how-to-ask-for-help-without-feeling-guilty","Expert Brief: Exercise Order for Maximum Pain Relief","shared cluster: exercise-movement"
"expert-brief-activity-safety-knee-arthritis","expert-qa-how-to-ask-for-help-without-feeling-guilty","Expert Brief: How Much Activity Is Safe With Knee Arthritis?","shared cluster: exercise-movement"
"expert-qa-spinal-injections-vs-exercise","expert-qa-how-to-ask-for-help-without-feeling-guilty","Expert Q&A: When to Consider Spinal Injections vs Exercise","shared cluster: exercise-movement"
"caregiver-burnout-warning-signs-prevention","caregiver-burnout-in-arthritis-families-spot-it-early","Caregiver","shared cluster: caregiver-support"
"supporting-a-partner-with-arthritis-strategies","caregiver-burnout-in-arthritis-families-spot-it-early","Supporting a Partner With","shared cluster: caregiver-support|sexual-health"
"adult-children-as-caregivers-arthritis","caregiver-burnout-in-arthritis-families-spot-it-early","Adult Children as","shared cluster: caregiver-support|sexual-health"
"talking-to-your-partner-about-arthritis","supporting-a-partner-with-arthritis-a-practical-handbook","Talking to Your Partner About","shared cluster: sexual-health|caregiver-support"
"supporting-a-partner-with-arthritis-strategies","supporting-a-partner-with-arthritis-a-practical-handbook","Supporting a Partner With","shared cluster: caregiver-support|sexual-health"
"caregiver-burnout-in-arthritis-families-spot-it-early","supporting-a-partner-with-arthritis-a-practical-handbook","Caregiver Burnout in Arthritis Families: Spot It Early","shared cluster: caregiver-support|sexual-health"
"parenting-with-arthritis-hacks-for-babies-and-toddlers","talking-to-children-about-your-arthritis","Parenting With Arthritis: Hacks for Babies and Toddlers","shared cluster: sexual-health|caregiver-support"
"school-run-survival-for-parents-with-arthritis","talking-to-children-about-your-arthritis","School-Run Survival for Parents With Arthritis","shared cluster: sexual-health|caregiver-support"
"talking-to-your-partner-about-arthritis","talking-to-children-about-your-arthritis","Talking to Your Partner About","shared cluster: sexual-health|caregiver-support"
"supporting-a-partner-with-arthritis-strategies","talking-to-children-about-your-arthritis","Supporting a Partner With","shared cluster: caregiver-support|sexual-health"
"alcohol-arthritis-uk-guidance","shoulder-arthroscopy-and-arthritis-what-it-can-and-cant-fix","Alcohol and Arthritis: What the UK Evidence Says","shared cluster: daily-living"
"joint-fusion-vs-replacement-how-surgeons-choose","shoulder-arthroscopy-and-arthritis-what-it-can-and-cant-fix","Joint Fusion vs Replacement: How Surgeons Choose","shared cluster: daily-living"
"hip-replacement-recovery-week-by-week","shoulder-arthroscopy-and-arthritis-what-it-can-and-cant-fix","Hip Replacement Recovery Week by Week – UK Guide","shared cluster: daily-living"
"prehabilitation-how-pre-op-exercise-speeds-recovery","shoulder-arthroscopy-and-arthritis-what-it-can-and-cant-fix","Prehabilitation: How Pre-Op Exercise Speeds Recovery","shared cluster: daily-living"
"shoulder-arthroscopy-and-arthritis-what-it-can-and-cant-fix","joint-fusion-vs-replacement-how-surgeons-choose","Shoulder Arthroscopy and Arthritis: What It Can and Can't Fi","shared cluster: daily-living"
"hip-replacement-recovery-week-by-week","joint-fusion-vs-replacement-how-surgeons-choose","Hip Replacement Recovery Week by Week – UK Guide","shared cluster: daily-living"
"total-knee-replacement-a-uk-patients-guide-for-2026","joint-fusion-vs-replacement-how-surgeons-choose","Total Knee Replacement: A UK Patient's Guide for 2026","shared cluster: daily-living"
"prehabilitation-how-pre-op-exercise-speeds-recovery","joint-fusion-vs-replacement-how-surgeons-choose","Prehabilitation: How Pre-Op Exercise Speeds Recovery","shared cluster: daily-living"
"preventing-knee-osteoarthritis-uk","knee-arthroscopy-for-osteoarthritis-helpful-or-hype","Can You Prevent Knee Osteoarthritis? UK Evidence Review","shared cluster: condition-specific"
"knee-osteoarthritis-frailty-staying-steady-home-uk","knee-arthroscopy-for-osteoarthritis-helpful-or-hype","Knee osteoarthritis and frailty: staying steady at home (UK)","shared cluster: condition-specific"
"hip-and-knee-oa-frailty-transfers-uk","knee-arthroscopy-for-osteoarthritis-helpful-or-hype","Hip and knee osteoarthritis together: frailty-friendly transfers (UK)","shared cluster: condition-specific"
"knee-oa-frailty-stairs-banisters-uk","knee-arthroscopy-for-osteoarthritis-helpful-or-hype","Knee osteoarthritis and frailty: stairs, banisters and rest stops (UK)","shared cluster: condition-specific"
"joint-replacement-surgery","expert-qa-how-do-i-know-if-surgery-is-right-for-me","Joint Replacement Surgery for Arthritis — UK Guide","shared cluster: daily-living"
"expert-qa-is-it-too-soon-for-joint-replacement","expert-qa-how-do-i-know-if-surgery-is-right-for-me","Expert Q&A: Is It Too Soon for Joint Replacement?","shared cluster: topical overlap"
"joint-replacement-decision-frailty-uk","expert-qa-how-do-i-know-if-surgery-is-right-for-me","Joint replacement decisions when frailty is already present (UK)","shared cluster: daily-living"
"prehabilitation-how-pre-op-exercise-speeds-recovery","expert-qa-how-do-i-know-if-surgery-is-right-for-me","Prehabilitation: How Pre-Op Exercise Speeds Recovery","shared cluster: daily-living"
"shoulder-arthroscopy-and-arthritis-what-it-can-and-cant-fix","hip-replacement-recovery-week-by-week","Shoulder Arthroscopy and Arthritis: What It Can and Can't Fi","shared cluster: daily-living"
"joint-fusion-vs-replacement-how-surgeons-choose","hip-replacement-recovery-week-by-week","Joint Fusion vs Replacement: How Surgeons Choose","shared cluster: daily-living"
"prehabilitation-how-pre-op-exercise-speeds-recovery","hip-replacement-recovery-week-by-week","Prehabilitation: How Pre-Op Exercise Speeds Recovery","shared cluster: daily-living"
"total-knee-replacement-a-uk-patients-guide-for-2026","hip-replacement-recovery-week-by-week","Total Knee Replacement: A UK Patient's Guide for 2026","shared cluster: daily-living"
"expert-qa-how-do-i-know-if-surgery-is-right-for-me","expert-qa-is-it-too-soon-for-joint-replacement","Expert Q&A: How Do I Know If Surgery Is Right for Me?","shared cluster: topical overlap"
"expert-brief-activity-safety-knee-arthritis","expert-qa-is-it-too-soon-for-joint-replacement","Expert Brief: How Much Activity Is Safe With Knee Arthritis?","shared cluster: pain-management"
"expert-qa-track-progress-without-measuring","expert-qa-is-it-too-soon-for-joint-replacement","Expert Q&A: How to Track Progress Without Constant Measuring","shared cluster: pain-management"
"expert-brief-exercise-order-pain-relief","expert-qa-is-it-too-soon-for-joint-replacement","Expert Brief: Exercise Order for Maximum Pain Relief","shared cluster: pain-management"
"knee-replacement-arthritis-uk","prehabilitation-how-pre-op-exercise-speeds-recovery","Knee Replacement UK – What to Expect, Wait Times & Recovery","shared cluster: exercise-movement"
"shoulder-arthroscopy-and-arthritis-what-it-can-and-cant-fix","prehabilitation-how-pre-op-exercise-speeds-recovery","Shoulder Arthroscopy and Arthritis: What It Can and Can't Fi","shared cluster: daily-living"
"joint-fusion-vs-replacement-how-surgeons-choose","prehabilitation-how-pre-op-exercise-speeds-recovery","Joint Fusion vs Replacement: How Surgeons Choose","shared cluster: daily-living"
"total-knee-replacement-a-uk-patients-guide-for-2026","prehabilitation-how-pre-op-exercise-speeds-recovery","Total Knee Replacement: A UK Patient's Guide for 2026","shared cluster: daily-living"
"joint-replacement-surgery","total-knee-replacement-a-uk-patients-guide-for-2026","Joint Replacement Surgery for Arthritis — UK Guide","shared cluster: daily-living"
"joint-fusion-vs-replacement-how-surgeons-choose","total-knee-replacement-a-uk-patients-guide-for-2026","Joint Fusion vs Replacement: How Surgeons Choose","shared cluster: daily-living"
"hip-replacement-recovery-week-by-week","total-knee-replacement-a-uk-patients-guide-for-2026","Hip Replacement Recovery Week by Week – UK Guide","shared cluster: daily-living"
"prehabilitation-how-pre-op-exercise-speeds-recovery","total-knee-replacement-a-uk-patients-guide-for-2026","Prehabilitation: How Pre-Op Exercise Speeds Recovery","shared cluster: daily-living"
"expert-qa-how-to-evaluate-a-clinical-trial-invitation","clinical-trials-for-arthritis-how-to-find-and-join-one","Expert Q&A: How to Evaluate a Clinical Trial Invitation","shared cluster: daily-living"
"private-rheumatology-in-the-uk-when-its-worth-considering","clinical-trials-for-arthritis-how-to-find-and-join-one","Private Rheumatology in the UK: When It's Worth Considering","shared cluster: daily-living"
"nhs-rheumatologist-northern-ireland","clinical-trials-for-arthritis-how-to-find-and-join-one","How to Find an NHS Rheumatologist Near Me Northern Ireland","shared cluster: daily-living"
"jak-inhibitors-the-next-wave-of-ra-treatment","clinical-trials-for-arthritis-how-to-find-and-join-one","JAK Inhibitors: The Next Wave of RA Treatment","shared cluster: daily-living"
"expert-qa-how-do-i-know-if-surgery-is-right-for-me","expert-qa-how-to-evaluate-a-clinical-trial-invitation","Expert Q&A: How Do I Know If Surgery Is Right for Me?","shared cluster: daily-living"
"clinical-trials-for-arthritis-how-to-find-and-join-one","expert-qa-how-to-evaluate-a-clinical-trial-invitation","Clinical Trials for Arthritis: How to Find and Join One","shared cluster: daily-living"
"expert-qa-are-steroid-tapers-always-necessary","expert-qa-how-to-evaluate-a-clinical-trial-invitation","Expert Q&A: Are Steroid Tapers Always Necessary?","shared cluster: daily-living"
"expert-qa-should-i-apply-for-pip-if-my-arthritis-is-mild","expert-qa-how-to-evaluate-a-clinical-trial-invitation","Expert Q&A: Should I Apply for PIP If My Arthritis Is Mild?","shared cluster: daily-living"
"clinical-trials-for-arthritis-how-to-find-and-join-one","jak-inhibitors-the-next-wave-of-ra-treatment","Clinical Trials for Arthritis: How to Find and Join One","shared cluster: daily-living"
"private-rheumatology-in-the-uk-when-its-worth-considering","jak-inhibitors-the-next-wave-of-ra-treatment","Private Rheumatology in the UK: When It's Worth Considering","shared cluster: daily-living"
"nhs-access-to-biologics-how-the-approval-pathway-works","jak-inhibitors-the-next-wave-of-ra-treatment","NHS Access to Biologics: How the Approval Pathway Works","shared cluster: daily-living"
"prescription-costs-and-arthritis-nhs-prepayment-certificates","jak-inhibitors-the-next-wave-of-ra-treatment","Prescription Costs and Arthritis: NHS Prepayment Certificate","shared cluster: daily-living"
"seasonal-affective-disorder-arthritis","gene-therapy-and-arthritis-where-are-we-in-2026","SAD and Arthritis: A Hidden UK Connection","shared cluster: mental-health"
"cbt-chronic-pain-arthritis","gene-therapy-and-arthritis-where-are-we-in-2026","How Cognitive Behavioural Therapy (CBT) Helps Arthritis Pain","shared cluster: mental-health"
"ra-fatigue-frailty-energy-envelope-uk","gene-therapy-and-arthritis-where-are-we-in-2026","RA fatigue and frailty: protecting your energy envelope (UK)","shared cluster: mental-health"
"fear-of-falling-hip-oa-frailty-uk","gene-therapy-and-arthritis-where-are-we-in-2026","Fear of falling with hip osteoarthritis and frailty (UK)","shared cluster: mental-health"
"expert-qa-how-to-evaluate-a-clinical-trial-invitation","expert-qa-is-it-worth-paying-for-a-second-opinion","Expert Q&A: How to Evaluate a Clinical Trial Invitation","shared cluster: daily-living"
"private-rheumatology-in-the-uk-when-its-worth-considering","expert-qa-is-it-worth-paying-for-a-second-opinion","Private Rheumatology in the UK: When It's Worth Considering","shared cluster: daily-living"
"expert-qa-should-i-apply-for-pip-if-my-arthritis-is-mild","expert-qa-is-it-worth-paying-for-a-second-opinion","Expert Q&A: Should I Apply for PIP If My Arthritis Is Mild?","shared cluster: daily-living"
"expert-qa-choosing-a-career-friendly-to-arthritis","expert-qa-is-it-worth-paying-for-a-second-opinion","Expert Q&A: Choosing a Career-Friendly to Arthritis","shared cluster: daily-living"
"clinical-trials-for-arthritis-how-to-find-and-join-one","nhs-access-to-biologics-how-the-approval-pathway-works","Clinical Trials for Arthritis: How to Find and Join One","shared cluster: daily-living"
"jak-inhibitors-the-next-wave-of-ra-treatment","nhs-access-to-biologics-how-the-approval-pathway-works","JAK Inhibitors: The Next Wave of RA Treatment","shared cluster: daily-living"
"what-sustained-remission-means-in-ra","nhs-access-to-biologics-how-the-approval-pathway-works","What Sustained Remission Means in RA – UK Guide","shared cluster: daily-living"
"biologics-for-ra-a-realistic-year-one-roadmap","nhs-access-to-biologics-how-the-approval-pathway-works","Biologics for RA: A Realistic Year-One Roadmap","shared cluster: medication-safety"
"jak-inhibitors-the-next-wave-of-ra-treatment","prescription-costs-and-arthritis-nhs-prepayment-certificates","JAK Inhibitors: The Next Wave of RA Treatment","shared cluster: daily-living"
"what-sustained-remission-means-in-ra","prescription-costs-and-arthritis-nhs-prepayment-certificates","What Sustained Remission Means in RA – UK Guide","shared cluster: daily-living"
"clinical-trials-for-arthritis-how-to-find-and-join-one","prescription-costs-and-arthritis-nhs-prepayment-certificates","Clinical Trials for Arthritis: How to Find and Join One","shared cluster: daily-living"
"nhs-access-to-biologics-how-the-approval-pathway-works","prescription-costs-and-arthritis-nhs-prepayment-certificates","NHS Access to Biologics: How the Approval Pathway Works","shared cluster: daily-living"
"jak-inhibitors-the-next-wave-of-ra-treatment","private-rheumatology-in-the-uk-when-its-worth-considering","JAK Inhibitors: The Next Wave of RA Treatment","shared cluster: daily-living"
"expert-qa-is-it-worth-paying-for-a-second-opinion","private-rheumatology-in-the-uk-when-its-worth-considering","Expert Q&A: Is It Worth Paying for a Second Opinion?","shared cluster: daily-living"
"clinical-trials-for-arthritis-how-to-find-and-join-one","private-rheumatology-in-the-uk-when-its-worth-considering","Clinical Trials for Arthritis: How to Find and Join One","shared cluster: daily-living"
"nhs-access-to-biologics-how-the-approval-pathway-works","private-rheumatology-in-the-uk-when-its-worth-considering","NHS Access to Biologics: How the Approval Pathway Works","shared cluster: daily-living"
"exercise-for-energy-arthritis-fatigue","expert-qa-exercising-through-a-flare-up","Exercise for Energy: Why Movement Eases Arthritis Fatigue","shared cluster: fatigue-management|exercise-movement"
"expert-qa-how-to-ask-for-help-without-feeling-guilty","expert-qa-exercising-through-a-flare-up","Expert Q&A: How to Ask for Help Without Feeling Guilty","shared cluster: exercise-movement"
"deconditioning-after-arthritis-flare-uk","expert-qa-exercising-through-a-flare-up","Deconditioning after an arthritis flare: getting moving again (UK)","shared cluster: exercise-movement|fatigue-management"
"expert-brief-activity-safety-knee-arthritis","expert-qa-exercising-through-a-flare-up","Expert Brief: How Much Activity Is Safe With Knee Arthritis?","shared cluster: exercise-movement"
"walking-30-minutes-a-day-while-on-dmards-a-practical-plan","strength-training-on-biologics-is-it-safe","Walking 30 Minutes a Day While on DMARDs: A Practical Plan","shared cluster: exercise-movement|medication-safety"
"resistance-training-arthritis-longevity","strength-training-on-biologics-is-it-safe","Resistance Training: The Best-Kept Secret for Arthritis Long","shared cluster: exercise-movement"
"strength-training-on-biologics-is-it-safe","walking-30-minutes-a-day-while-on-dmards-a-practical-plan","Strength Training on Biologics: Is It Safe?","shared cluster: exercise-movement|medication-safety"
"exercise-for-energy-arthritis-fatigue","walking-30-minutes-a-day-while-on-dmards-a-practical-plan","Exercise for Energy: Why Movement Eases Arthritis Fatigue","shared cluster: exercise-movement"
"strength-training-on-biologics-is-it-safe","why-exercise-makes-your-arthritis-medication-work-better","Strength Training on Biologics: Is It Safe?","shared cluster: exercise-movement|medication-safety"
"walking-30-minutes-a-day-while-on-dmards-a-practical-plan","why-exercise-makes-your-arthritis-medication-work-better","Walking 30 Minutes a Day While on DMARDs: A Practical Plan","shared cluster: exercise-movement|medication-safety"
"seated-strength-frail-osteoarthritis-uk","why-exercise-makes-your-arthritis-medication-work-better","Seated strength training for frail adults with osteoarthritis (UK)","shared cluster: exercise-movement"
"expert-qa-returning-to-work-after-a-bad-flare","expert-qa-why-did-my-arthritis-come-back","Expert Q&A: Returning to Work After a Bad Flare","shared cluster: pain-management"
"expert-qa-exercising-through-a-flare-up","expert-qa-why-did-my-arthritis-come-back","Expert Q&A: Exercising Through a Flare-Up","shared cluster: fatigue-management"
"expert-qa-spinal-injections-vs-exercise","expert-qa-why-did-my-arthritis-come-back","Expert Q&A: When to Consider Spinal Injections vs Exercise","shared cluster: pain-management"
"codeine-drowsiness-falls-arthritis-uk","expert-qa-why-did-my-arthritis-come-back","Codeine, drowsiness and falls when you have arthritis (UK)","shared cluster: fatigue-management|pain-management"
"arthritis-and-alcohol-uk","stopping-arthritis-medication-safely-a-step-by-step-guide","Arthritis & Alcohol UK – Safe Limits & Interactions","shared cluster: medication-safety|pain-management"
"topical-nsaids-often-overlooked-often-effective","stopping-arthritis-medication-safely-a-step-by-step-guide","Topical NSAIDs: Often Overlooked, Often Effective","shared cluster: pain-management|medication-safety"
"pharmacist-medication-review-frail-arthritis-uk","stopping-arthritis-medication-safely-a-step-by-step-guide","Pharmacist medication reviews for frail adults with arthritis (UK)","shared cluster: medication-safety|pain-management"
"biologics-for-ra-a-realistic-year-one-roadmap","tapering-biologics-what-the-latest-trials-show","Biologics for RA: A Realistic Year-One Roadmap","shared cluster: medication-safety"
"arthritis-medications-and-sexual-function","tapering-biologics-what-the-latest-trials-show","How Arthritis Medications Affect Sexual","shared cluster: medication-safety"
"nhs-access-to-biologics-how-the-approval-pathway-works","tapering-biologics-what-the-latest-trials-show","NHS Access to Biologics: How the Approval Pathway Works","shared cluster: medication-safety"
"stopping-arthritis-medication-safely-a-step-by-step-guide","tapering-biologics-what-the-latest-trials-show","Stopping Arthritis Medication Safely: A Step-By-Step Guide","shared cluster: medication-safety"
"prescription-costs-and-arthritis-nhs-prepayment-certificates","what-sustained-remission-means-in-ra","Prescription Costs and Arthritis: NHS Prepayment Certificate","shared cluster: daily-living"
"steroid-injections-vs-oral-steroids-when-each-makes-sense","what-sustained-remission-means-in-ra","Steroid Injections vs Oral Steroids: When Each Makes Sense","shared cluster: daily-living"
"nhs-access-to-biologics-how-the-approval-pathway-works","what-sustained-remission-means-in-ra","NHS Access to Biologics: How the Approval Pathway Works","shared cluster: daily-living"
"tapering-biologics-what-the-latest-trials-show","biologic-side-effects-infections-injections-and-monitoring","Tapering Biologics: What the Latest Trials Show","shared cluster: medication-safety"
"nsaid-stomach-protection-when-you-need-a-ppi","biologic-side-effects-infections-injections-and-monitoring","NSAID Stomach Protection: When You Need a PPI","shared cluster: medication-safety"
"arthritis-medications-and-sexual-function","biologic-side-effects-infections-injections-and-monitoring","How Arthritis Medications Affect Sexual","shared cluster: medication-safety"
"gout-flare-up-diet-foods-avoid","expert-qa-how-to-talk-to-your-gp-about-medication-worries","Gout Flare Up Diet: What Foods to Avoid","shared cluster: medication-safety"
"fibromyalgia-flare-ups-without-medication","expert-qa-how-to-talk-to-your-gp-about-medication-worries","How to Manage Fibromyalgia Flare Ups Without Medication","shared cluster: medication-safety"
"nsaid-stomach-protection-when-you-need-a-ppi","managing-methotrexate-side-effects-practical-tips","NSAID Stomach Protection: When You Need a PPI","shared cluster: medication-safety"
"fibromyalgia-flare-ups-without-medication","managing-methotrexate-side-effects-practical-tips","How to Manage Fibromyalgia Flare Ups Without Medication","shared cluster: fatigue-management|medication-safety"
"arthritis-medications-and-sexual-function","managing-methotrexate-side-effects-practical-tips","How Arthritis Medications Affect Sexual","shared cluster: medication-safety"
"arthritis-medications-and-sexual-function","nsaid-stomach-protection-when-you-need-a-ppi","How Arthritis Medications Affect Sexual","shared cluster: medication-safety"
"topical-nsaids-often-overlooked-often-effective","nsaid-stomach-protection-when-you-need-a-ppi","Topical NSAIDs: Often Overlooked, Often Effective","shared cluster: medication-safety"
"expert-qa-how-to-evaluate-a-clinical-trial-invitation","expert-qa-are-steroid-tapers-always-necessary","Expert Q&A: How to Evaluate a Clinical Trial Invitation","shared cluster: daily-living"
"steroid-injections-vs-oral-steroids-when-each-makes-sense","expert-qa-are-steroid-tapers-always-necessary","Steroid Injections vs Oral Steroids: When Each Makes Sense","shared cluster: daily-living"
"steroid-emergency-card-frail-arthritis-uk","expert-qa-are-steroid-tapers-always-necessary","Steroid emergency cards when arthritis treatment meets frailty (UK)","shared cluster: daily-living"
"expert-qa-should-i-apply-for-pip-if-my-arthritis-is-mild","expert-qa-are-steroid-tapers-always-necessary","Expert Q&A: Should I Apply for PIP If My Arthritis Is Mild?","shared cluster: daily-living"
"prescription-costs-and-arthritis-nhs-prepayment-certificates","nsaids-and-arthritis-benefits-risks-and-safer-use","Prescription Costs and Arthritis: NHS Prepayment Certificate","shared cluster: daily-living"
"steroid-injections-vs-oral-steroids-when-each-makes-sense","nsaids-and-arthritis-benefits-risks-and-safer-use","Steroid Injections vs Oral Steroids: When Each Makes Sense","shared cluster: daily-living"
"desk-setup-arthritis-uk-workers","nsaids-and-arthritis-benefits-risks-and-safer-use","The Perfect Desk Setup for UK Workers with Arthritis","shared cluster: pain-management|daily-living"
"nursing-home-arthritis-pain-review-uk","paracetamol-for-arthritis-pain-what-the-evidence-says","Nursing homes and arthritis: asking for a pain and movement review (UK)","shared cluster: pain-management"
"pain-clinic-older-frail-arthritis-uk","paracetamol-for-arthritis-pain-what-the-evidence-says","Pain clinics for older frail adults with arthritis (UK)","shared cluster: pain-management"
"best-supplement-for-knee-joint","paracetamol-for-arthritis-pain-what-the-evidence-says","Best Supplement for Knee Joint Health: UK Evidence Guide","shared cluster: pain-management"
"arthritis-medications-and-sexual-function","topical-nsaids-often-overlooked-often-effective","How Arthritis Medications Affect Sexual","shared cluster: medication-safety"
"stopping-arthritis-medication-safely-a-step-by-step-guide","topical-nsaids-often-overlooked-often-effective","Stopping Arthritis Medication Safely: A Step-By-Step Guide","shared cluster: medication-safety|pain-management"
"nsaid-stomach-protection-when-you-need-a-ppi","topical-nsaids-often-overlooked-often-effective","NSAID Stomach Protection: When You Need a PPI","shared cluster: medication-safety"
"topical-nsaids-frail-hand-knee-oa-uk","topical-nsaids-often-overlooked-often-effective","Topical NSAIDs for frail adults with hand or knee osteoarthritis (UK)","shared cluster: medication-safety"
"inflammatory-arthritis-guide","dmards-explained-how-methotrexate-slows-rheumatoid-arthritis","Inflammatory Arthritis: Types, Causes and Treatment","shared cluster: condition-specific|medication-safety"
"pregnancy-and-arthritis-what-uk-guidelines-recommend","dmards-explained-how-methotrexate-slows-rheumatoid-arthritis","Pregnancy and Arthritis: What UK Guidelines Recommend","shared cluster: medication-safety"
"methotrexate-older-frail-adults-uk","dmards-explained-how-methotrexate-slows-rheumatoid-arthritis","Methotrexate in older frail adults with rheumatoid arthritis (UK)","shared cluster: medication-safety|condition-specific"
"medication-supplement-interactions-arthritis","dmards-explained-how-methotrexate-slows-rheumatoid-arthritis","Medication and Supplement","shared cluster: medication-safety|condition-specific"
"nhs-access-to-biologics-how-the-approval-pathway-works","biologics-for-ra-a-realistic-year-one-roadmap","NHS Access to Biologics: How the Approval Pathway Works","shared cluster: medication-safety"
"tapering-biologics-what-the-latest-trials-show","biologics-for-ra-a-realistic-year-one-roadmap","Tapering Biologics: What the Latest Trials Show","shared cluster: medication-safety"
"arthritis-medications-and-sexual-function","biologics-for-ra-a-realistic-year-one-roadmap","How Arthritis Medications Affect Sexual","shared cluster: medication-safety"
"inflammatory-arthritis-guide","expert-qa-should-you-start-dmards-at-diagnosis","Inflammatory Arthritis: Types, Causes and Treatment","shared cluster: condition-specific|medication-safety"
"expert-qa-should-i-apply-for-pip-if-my-arthritis-is-mild","expert-qa-should-you-start-dmards-at-diagnosis","Expert Q&A: Should I Apply for PIP If My Arthritis Is Mild?","shared cluster: condition-specific"
"early-arthritis-intervention-uk","expert-qa-should-you-start-dmards-at-diagnosis","Why Early Intervention Beats Late Treatment in Arthritis","shared cluster: condition-specific"
"topical-nsaids-frail-hand-knee-oa-uk","expert-qa-should-you-start-dmards-at-diagnosis","Topical NSAIDs for frail adults with hand or knee osteoarthritis (UK)","shared cluster: medication-safety|condition-specific"
"prescription-costs-and-arthritis-nhs-prepayment-certificates","steroid-injections-vs-oral-steroids-when-each-makes-sense","Prescription Costs and Arthritis: NHS Prepayment Certificate","shared cluster: daily-living"
"expert-qa-are-steroid-tapers-always-necessary","steroid-injections-vs-oral-steroids-when-each-makes-sense","Expert Q&A: Are Steroid Tapers Always Necessary?","shared cluster: daily-living"
"nhs-access-to-biologics-how-the-approval-pathway-works","steroid-injections-vs-oral-steroids-when-each-makes-sense","NHS Access to Biologics: How the Approval Pathway Works","shared cluster: daily-living"
"steroid-emergency-card-frail-arthritis-uk","steroid-injections-vs-oral-steroids-when-each-makes-sense","Steroid emergency cards when arthritis treatment meets frailty (UK)","shared cluster: daily-living"
"seated-strength-frail-osteoarthritis-uk","resistance-training-arthritis-longevity","Seated strength training for frail adults with osteoarthritis (UK)","shared cluster: exercise-movement"
"grip-strength-exercises-hand-oa","resistance-training-arthritis-longevity","Grip Strength Exercises: A Gentle Progression for Hand OA","shared cluster: exercise-movement"
"ra-fatigue-frailty-energy-envelope-uk","longevity-habits-arthritis-patients","RA fatigue and frailty: protecting your energy envelope (UK)","shared cluster: fatigue-management|mental-health"
"sleep-arthritis-frailty-night-pain-uk","longevity-habits-arthritis-patients","Sleep, night pain and frailty in arthritis (UK)","shared cluster: fatigue-management|mental-health"
"restless-nights-joint-pain-frailty-uk","longevity-habits-arthritis-patients","Restless nights, joint pain and next-day frailty (UK)","shared cluster: fatigue-management|mental-health"
"post-hip-replacement-frailty-home-uk","early-arthritis-intervention-uk","After hip replacement: coming home frail (UK)","shared cluster: condition-specific"
"signs-rheumatoid-arthritis-early-stages","early-arthritis-intervention-uk","Signs of Rheumatoid Arthritis in Early Stages","shared cluster: condition-specific"
"knee-arthroscopy-for-osteoarthritis-helpful-or-hype","preventing-knee-osteoarthritis-uk","Knee Arthroscopy for Osteoarthritis: Helpful or Hype?","shared cluster: condition-specific"
"soft-foods-jaw-arthritis-frailty-uk","preventing-knee-osteoarthritis-uk","Jaw arthritis, frailty and softer meals (UK)","shared cluster: nutrition|condition-specific"
"sarcopenia-knee-oa-frailty-overlap-uk","preventing-knee-osteoarthritis-uk","Sarcopenia and knee osteoarthritis: the frailty overlap (UK)","shared cluster: condition-specific"
"knee-osteoarthritis-frailty-staying-steady-home-uk","preventing-knee-osteoarthritis-uk","Knee osteoarthritis and frailty: staying steady at home (UK)","shared cluster: condition-specific"
"grab-rails-arthritis-frailty-home-uk","hotel-rooms-accessibility-arthritis","Grab rails at home: arthritis, frailty and safer rooms (UK)","shared cluster: daily-living"
"medication-management-travel-arthritis","hotel-rooms-accessibility-arthritis","Travelling Abroad With Arthritis Medication: A UK Checklist","shared cluster: daily-living"
"wet-rooms-arthritis-frailty-washing-uk","hotel-rooms-accessibility-arthritis","Wet rooms and arthritis: washing when you are frail (UK)","shared cluster: daily-living"
"faith-groups-arthritis-frailty-access-uk","hotel-rooms-accessibility-arthritis","Faith groups, access and arthritis-related frailty (UK)","shared cluster: daily-living"
"best-plantar-fasciitis-shoes-women-uk","flying-with-arthritis-uk-airports","Best Plantar Fasciitis Shoes for Women (UK, 2026)","shared cluster: exercise-movement|pain-management"
"packing-list-arthritis-traveller","flying-with-arthritis-uk-airports","The Ultimate Packing List for an Arthritis Traveller","shared cluster: exercise-movement|pain-management"
"expert-qa-spinal-injections-vs-exercise","flying-with-arthritis-uk-airports","Expert Q&A: When to Consider Spinal Injections vs Exercise","shared cluster: pain-management|exercise-movement"
"expert-brief-activity-safety-knee-arthritis","flying-with-arthritis-uk-airports","Expert Brief: How Much Activity Is Safe With Knee Arthritis?","shared cluster: pain-management|exercise-movement"
"arthritis-and-travel-uk","medication-management-travel-arthritis","Travelling with Arthritis UK – Planning Tips & Accessibility","shared cluster: medication-safety|daily-living"
"nhs-access-to-biologics-how-the-approval-pathway-works","medication-management-travel-arthritis","NHS Access to Biologics: How the Approval Pathway Works","shared cluster: medication-safety|daily-living"
"hotel-rooms-accessibility-arthritis","medication-management-travel-arthritis","Booking Accessible Hotel Rooms with Arthritis","shared cluster: daily-living"
"flying-with-arthritis-uk-airports","packing-list-arthritis-traveller","Flying with Arthritis: A UK Airport Survival Guide","shared cluster: exercise-movement|pain-management"
"lymphoedema-arthritis-frailty-uk","packing-list-arthritis-traveller","Lymphoedema, arthritis and frailty: heavy limbs (UK)","shared cluster: exercise-movement|pain-management"
"hospital-parking-walking-frail-arthritis-uk","packing-list-arthritis-traveller","Hospital parking, walking distance and frail arthritis (UK)","shared cluster: exercise-movement|pain-management"
"slow-walking-groups-arthritis-frailty-uk","packing-list-arthritis-traveller","Slow walking groups for arthritis and frailty (UK)","shared cluster: exercise-movement|pain-management"
"alcohol-arthritis-uk-guidance","hobbies-arthritis-friendly-uk","Alcohol and Arthritis: What the UK Evidence Says","shared cluster: daily-living"
"arthritis-and-gardening-uk","hobbies-arthritis-friendly-uk","Gardening with Arthritis UK – Tools & Adapted Techniques","shared cluster: daily-living"
"hydration-gout-frailty-older-adults-uk","hobbies-arthritis-friendly-uk","Hydration, gout and frailty in older adults (UK)","shared cluster: daily-living"
"disabled-facilities-grant-arthritis-frailty-uk","hobbies-arthritis-friendly-uk","Disabled Facilities Grants, arthritis and frailty (UK)","shared cluster: daily-living"
"hobbies-arthritis-friendly-uk","alcohol-arthritis-uk-guidance","10 Arthritis-Friendly Hobbies UK Patients Love","shared cluster: daily-living"
"hand-oa-frailty-opening-packaging-uk","alcohol-arthritis-uk-guidance","Hand osteoarthritis and frailty: opening packaging without giving up cooking (UK)","shared cluster: daily-living"
"ra-monitoring-older-frail-adults-uk","alcohol-arthritis-uk-guidance","Blood monitoring for RA in older frail adults (UK)","shared cluster: daily-living"
"post-hip-replacement-frailty-home-uk","alcohol-arthritis-uk-guidance","After hip replacement: coming home frail (UK)","shared cluster: daily-living"
"sex-and-intimacy-with-arthritis","dating-with-arthritis-confidence","Sex and Intimacy With","shared cluster: sexual-health|pain-management"
"energy-management-and-pacing-arthritis","dating-with-arthritis-confidence","Energy Management and","shared cluster: pain-management"
"sex-and-intimacy-with-arthritis","relationships-chronic-pain-arthritis","Sex and Intimacy With","shared cluster: sexual-health|pain-management"
"vision-falls-arthritis-frailty-uk","relationships-chronic-pain-arthritis","Vision, falls and arthritis in frail adults (UK)","shared cluster: pain-management"
"expert-qa-is-it-too-soon-for-joint-replacement","cold-weather-arthritis-uk-winter","Expert Q&A: Is It Too Soon for Joint Replacement?","shared cluster: pain-management"
"paracetamol-for-arthritis-pain-what-the-evidence-says","cold-weather-arthritis-uk-winter","Paracetamol for Arthritis Pain: What the Evidence Says","shared cluster: pain-management"
"hot-weather-arthritis-management","cold-weather-arthritis-uk-winter","Managing Arthritis in a UK Heatwave – Practical Tips","shared cluster: pain-management"
"staying-active-arthritis-winter-uk","cold-weather-arthritis-uk-winter","Staying Active with Arthritis in Winter – UK Guide","shared cluster: pain-management"
"cold-weather-arthritis-uk-winter","hot-weather-arthritis-management","Why UK Winters Make Arthritis Worse (And What Helps)","shared cluster: pain-management"
"staying-active-arthritis-winter-uk","hot-weather-arthritis-management","Staying Active with Arthritis in Winter – UK Guide","shared cluster: pain-management"
"vitamin-d-arthritis-uk","hot-weather-arthritis-management","Vitamin D and Arthritis: Why Every UK Patient Should Test","shared cluster: pain-management"
"sleep-apnoea-arthritis-frailty-uk","hot-weather-arthritis-management","Sleep apnoea, arthritis and daytime frailty (UK)","shared cluster: pain-management"
"gene-therapy-and-arthritis-where-are-we-in-2026","seasonal-affective-disorder-arthritis","Gene Therapy and Arthritis: Where Are We in 2026?","shared cluster: mental-health"
"cbt-chronic-pain-arthritis","seasonal-affective-disorder-arthritis","How Cognitive Behavioural Therapy (CBT) Helps Arthritis Pain","shared cluster: mental-health|pain-management"
"mindfulness-arthritis-beginners","seasonal-affective-disorder-arthritis","Mindfulness for Arthritis: A 10-Minute Daily Practice","shared cluster: mental-health|pain-management"
"cold-weather-arthritis-uk-winter","vitamin-d-arthritis-uk","Why UK Winters Make Arthritis Worse (And What Helps)","shared cluster: pain-management"
"hot-weather-arthritis-management","vitamin-d-arthritis-uk","Managing Arthritis in a UK Heatwave – Practical Tips","shared cluster: pain-management"
"weight-management-arthritis-evidence","vitamin-d-arthritis-uk","Weight Management and Arthritis: The Evidence","shared cluster: pain-management|nutrition"
"foods-to-avoid-with-arthritis","vitamin-d-arthritis-uk","Foods to Avoid With Arthritis: A Complete UK Guide","shared cluster: nutrition|pain-management"
"arthritis-and-gardening-uk","desk-setup-arthritis-uk-workers","Gardening with Arthritis UK – Tools & Adapted Techniques","shared cluster: pain-management|daily-living"
"nsaids-and-arthritis-benefits-risks-and-safer-use","desk-setup-arthritis-uk-workers","NSAIDs and Arthritis: Benefits, Risks and Safer Use","shared cluster: pain-management|daily-living"
"fried-frailty-phenotype-painful-joints-uk","desk-setup-arthritis-uk-workers","The Fried frailty phenotype when joints are painful (UK)","shared cluster: pain-management|daily-living"
"hospital-deconditioning-arthritis-stay-uk","desk-setup-arthritis-uk-workers","Hospital deconditioning when you live with arthritis (UK)","shared cluster: pain-management|daily-living"
"pip-for-arthritis-how-to-build-a-strong-application","disability-rights-workplace-arthritis","PIP for Arthritis: How to Build a Strong Application","shared cluster: daily-living"
"apprenticeships-and-arthritis-a-realistic-look","disability-rights-workplace-arthritis","Apprenticeships and Arthritis: A Realistic Look","shared cluster: daily-living"
"should-you-tell-your-employer-about-your-arthritis","disability-rights-workplace-arthritis","Should You Tell Your Employer About Your Arthritis?","shared cluster: daily-living"
"your-workplace-rights-with-arthritis-the-equality-act-2010","disability-rights-workplace-arthritis","Your Workplace Rights With Arthritis: The Equality Act 2010","shared cluster: daily-living"
"exam-adjustments-for-students-with-arthritis","flexible-working-arthritis-pacing","Exam Adjustments for Students With Arthritis","shared cluster: fatigue-management|daily-living"
"reasonable-adjustments-that-actually-help","flexible-working-arthritis-pacing","Reasonable Adjustments That Actually Help","shared cluster: daily-living"
"should-you-tell-your-employer-about-your-arthritis","standing-desk-arthritis-pros-cons","Should You Tell Your Employer About Your Arthritis?","shared cluster: daily-living"
"reasonable-adjustments-that-actually-help","standing-desk-arthritis-pros-cons","Reasonable Adjustments That Actually Help","shared cluster: daily-living"
"access-to-work-scheme-arthritis-guide","standing-desk-arthritis-pros-cons","Access to Work","shared cluster: daily-living"
"circadian-rhythm-arthritis-inflammation","bedtime-routine-arthritis-relief","Your Circadian Rhythm and Arthritis Inflammation","shared cluster: pain-management|fatigue-management"
"sleep-apnoea-arthritis-frailty-uk","bedtime-routine-arthritis-relief","Sleep apnoea, arthritis and daytime frailty (UK)","shared cluster: fatigue-management|pain-management"
"expert-qa-why-did-my-arthritis-come-back","circadian-rhythm-arthritis-inflammation","Expert Q&A: Why Did My Arthritis Come Back?","shared cluster: fatigue-management|pain-management"
"bedtime-routine-arthritis-relief","circadian-rhythm-arthritis-inflammation","A Bedtime Routine Designed for Arthritis Sufferers","shared cluster: pain-management|fatigue-management"
"sleep-and-pain-management-arthritis","best-sleep-positions-joint-pain","Sleep and Pain","shared cluster: fatigue-management"
"shoulder-pain-reaching-ra-vs-oa","best-sleep-positions-joint-pain","Shoulder Pain When Reaching: RA vs OA Differences","shared cluster: pain-management|fatigue-management"
"bedtime-routine-arthritis-relief","best-sleep-positions-joint-pain","A Bedtime Routine Designed for Arthritis Sufferers","shared cluster: pain-management|fatigue-management"
"depression-osteoarthritis-frailty-uk","anxiety-arthritis-uk-guide","Depression, osteoarthritis and frailty (UK)","shared cluster: mental-health|daily-living"
"anxiety-about-falling-arthritis-uk","anxiety-arthritis-uk-guide","Anxiety about falling when you live with arthritis (UK)","shared cluster: mental-health|daily-living"
"access-to-work-scheme-arthritis-guide","anxiety-arthritis-uk-guide","Access to Work","shared cluster: mental-health|daily-living"
"befriending-arthritis-frailty-uk","anxiety-arthritis-uk-guide","Befriending services when arthritis and frailty isolate you (UK)","shared cluster: mental-health|daily-living"
"mindfulness-chronic-pain-arthritis-guide","cbt-chronic-pain-arthritis","Mindfulness for Chronic Arthritis Pain: A Practical Guide","shared cluster: mental-health|pain-management"
"gene-therapy-and-arthritis-where-are-we-in-2026","cbt-chronic-pain-arthritis","Gene Therapy and Arthritis: Where Are We in 2026?","shared cluster: mental-health"
"seasonal-affective-disorder-arthritis","cbt-chronic-pain-arthritis","SAD and Arthritis: A Hidden UK Connection","shared cluster: mental-health|pain-management"
"talking-therapies-pain-older-arthritis-uk","cbt-chronic-pain-arthritis","Talking therapies for pain in older adults with arthritis (UK)","shared cluster: mental-health|pain-management"
"access-to-work-scheme-arthritis-guide","depression-arthritis-when-to-seek-help","Access to Work","shared cluster: mental-health|daily-living"
"depression-osteoarthritis-frailty-uk","depression-arthritis-when-to-seek-help","Depression, osteoarthritis and frailty (UK)","shared cluster: mental-health|daily-living"
"anxiety-about-falling-arthritis-uk","depression-arthritis-when-to-seek-help","Anxiety about falling when you live with arthritis (UK)","shared cluster: mental-health|daily-living"
"befriending-arthritis-frailty-uk","depression-arthritis-when-to-seek-help","Befriending services when arthritis and frailty isolate you (UK)","shared cluster: mental-health|daily-living"
"grief-and-loss-after-arthritis-diagnosis","mindfulness-arthritis-beginners","Grief and Loss After an Arthritis","shared cluster: mental-health"
"mindfulness-chronic-pain-arthritis-guide","mindfulness-arthritis-beginners","Mindfulness for Chronic Arthritis Pain: A Practical Guide","shared cluster: mental-health|pain-management"
"talking-therapies-pain-older-arthritis-uk","mindfulness-arthritis-beginners","Talking therapies for pain in older adults with arthritis (UK)","shared cluster: mental-health|pain-management"
"cbt-chronic-pain-arthritis","mindfulness-arthritis-beginners","How Cognitive Behavioural Therapy (CBT) Helps Arthritis Pain","shared cluster: mental-health|pain-management"
"exercise-for-hip-arthritis","back-arthritis-exercises-uk","Best Hip Exercises for Arthritis UK – OA & RA Guide","shared cluster: exercise-movement|condition-specific"
"knee-arthritis-exercises-uk","back-arthritis-exercises-uk","Best Knee Exercises for Arthritis UK – OA & RA Guide","shared cluster: exercise-movement|condition-specific"
"shoulder-arthritis-exercises-uk","back-arthritis-exercises-uk","Best Shoulder Exercises for Arthritis UK – OA & RA","shared cluster: exercise-movement|condition-specific"
"foot-and-ankle-arthritis-uk","back-arthritis-exercises-uk","Foot & Ankle Arthritis UK – Symptoms & Footwear Guide","shared cluster: condition-specific|exercise-movement"
